chromosome	window_pos_1	window_pos_2	group	pixy_pi	piawka_pi	pi_gain_piawka_vs_pixy	pixy_sites	piawka_sites	sites_gained_piawka_vs_pixy	sites_gained_pct_vs_pixy
scaffold_1	1000000	1010000	Central Europe	0.0049012562186731	0.0119945	0.0070932437813269	3981.0	7002.0	3021.0	75.8854559155991
scaffold_1	1000000	1010000	East Siberia	0.005154141348238	0.0128019	0.0076477586517619996	4076.0	8050.0	3974.0	97.49754661432777
scaffold_1	1000000	1010000	Karelia	0.0039129247342886	0.00640579	0.0024928652657113994	3658.0	7652.0	3994.0	109.1853471842537
scaffold_1	1000000	1010000	MIX Amur Basin	0.0090698979636479	0.0183056	0.009235702036352102	3306.0	7127.0	3821.0	115.57773744706594
scaffold_1	1000000	1010000	MIX Central Siberia	0.0032524470018445	0.011766	0.0085135529981555	3915.0	7649.0	3734.0	95.37675606641123
scaffold_1	1000000	1010000	MIX Sibiryakov Island	0.0027354716631873	0.00435463	0.0016191583368127	2486.0	6049.0	3563.0	143.32260659694288
scaffold_1	1000000	1010000	North America	0.0044869823672277	0.00820328	0.0037162976327723	4001.0	8062.0	4061.0	101.49962509372656
scaffold_1	1000000	1010000	Northern Ural	0.0037954417159372	0.0108785	0.007083058284062799	3871.0	7370.0	3499.0	90.39008008266597
scaffold_1	1000000	1010000	Scandinavia	0.0038213832245567	0.00558009	0.0017587067754433004	3756.0	7718.0	3962.0	105.48455804046858
scaffold_1	1000000	1010000	Siberia SC	0.0001102489912217	0.000870991	0.0007607420087783	4020.0	8621.0	4601.0	114.45273631840796
scaffold_1	1000000	1010000	West Siberia	0.0025441339052996	0.00347355	0.0009294160947004	3699.0	7617.0	3918.0	105.92051905920519
scaffold_1	1000000	1010000	admixed	0.0053999695949971	0.0106024	0.005202430405002899	4027.0	7958.0	3931.0	97.61609138316365
scaffold_1	1010000	1020000	Central Europe	0.0028738771835494	0.0127622	0.0098883228164506	3708.0	6992.0	3284.0	88.56526429341963
scaffold_1	1010000	1020000	East Siberia	0.0054766762505506	0.0109087	0.0054320237494494	3752.0	7653.0	3901.0	103.97121535181238
scaffold_1	1010000	1020000	Karelia	0.0007136539032773	0.00201967	0.0013060160967226998	3752.0	8627.0	4875.0	129.93070362473347
scaffold_1	1010000	1020000	MIX Amur Basin	0.0074003979230358	0.0171479	0.0097475020769642	3298.0	7492.0	4194.0	127.16798059429956
scaffold_1	1010000	1020000	MIX Central Siberia	0.0029826502875783	0.0118161	0.0088334497124217	3661.0	7730.0	4069.0	111.14449603933352
scaffold_1	1010000	1020000	MIX Sibiryakov Island	0.0022525244387152	0.00520448	0.0029519555612848	3632.0	8327.0	4695.0	129.26762114537445
scaffold_1	1010000	1020000	North America	0.001067229116113	0.00288695	0.0018197208838870002	3704.0	8115.0	4411.0	119.08747300215983
scaffold_1	1010000	1020000	Northern Ural	0.0022954698744609	0.0090114	0.006715930125539099	3636.0	7605.0	3969.0	109.15841584158417
scaffold_1	1010000	1020000	Scandinavia	0.0026971294961153	0.00667589	0.003978760503884701	3704.0	8147.0	4443.0	119.951403887689
scaffold_1	1010000	1020000	Siberia SC	0.0001144426642252	0.000665356	0.0005509133357748	3648.0	8471.0	4823.0	132.2094298245614
scaffold_1	1010000	1020000	West Siberia	0.0047839148826924	0.00936142	0.0045775051173076	3743.0	8196.0	4453.0	118.96874165108203
scaffold_1	1010000	1020000	admixed	0.004982203409452	0.0107825	0.005800296590548	3660.0	8083.0	4423.0	120.84699453551913
scaffold_1	1020000	1030000	Central Europe	0.0055338734673539	0.0129255	0.007391626532646099	5399.0	7848.0	2449.0	45.36025189849972
scaffold_1	1020000	1030000	East Siberia	0.002603785462154	0.00480858	0.002204794537846	5435.0	8827.0	3392.0	62.41030358785649
scaffold_1	1020000	1030000	Karelia	0.0019713206698657	0.00298439	0.0010130693301342998	5435.0	9276.0	3841.0	70.67157313707452
scaffold_1	1020000	1030000	MIX Amur Basin	0.0022210912563773	0.00447538	0.0022542887436227	4898.0	8437.0	3539.0	72.25398121682319
scaffold_1	1020000	1030000	MIX Central Siberia	0.0017177247777218	0.007328	0.005610275222278201	5365.0	8574.0	3209.0	59.81360671015843
scaffold_1	1020000	1030000	MIX Sibiryakov Island	0.0025640448426455	0.0038177	0.0012536551573544999	5350.0	9057.0	3707.0	69.28971962616822
scaffold_1	1020000	1030000	North America	0.0039868505612226	0.00653928	0.0025524294387774	5396.0	8957.0	3561.0	65.99332839140104
scaffold_1	1020000	1030000	Northern Ural	0.0018857168195418	0.00666981	0.0047840931804582	5353.0	8485.0	3132.0	58.509247151130204
scaffold_1	1020000	1030000	Scandinavia	0.0036271268806243	0.00619114	0.0025640131193757003	5396.0	8977.0	3581.0	66.36397331356561
scaffold_1	1020000	1030000	Siberia SC	0.0001251622394096	0.00028364	0.00015847776059039998	5340.0	9159.0	3819.0	71.51685393258427
scaffold_1	1020000	1030000	West Siberia	0.0023919357445488	0.00362779	0.0012358542554512	5429.0	9159.0	3730.0	68.70510222877141
scaffold_1	1020000	1030000	admixed	0.0033059870486813	0.00550801	0.0022020229513186997	5361.0	8958.0	3597.0	67.09569110240626
scaffold_1	1030000	1040000	Central Europe	0.0041951279910916	0.0128017	0.008606572008908398	4981.0	7937.0	2956.0	59.34551294920699
scaffold_1	1030000	1040000	East Siberia	0.0028426337913035	0.00593393	0.0030912962086964996	5019.0	8762.0	3743.0	74.57660888623232
scaffold_1	1030000	1040000	Karelia	0.0038619798518575	0.00799058	0.0041286001481425005	5018.0	8983.0	3965.0	79.01554404145078
scaffold_1	1030000	1040000	MIX Amur Basin	0.0012350539336501	0.00158976	0.00035470606634989995	4506.0	8289.0	3783.0	83.95472703062583
scaffold_1	1030000	1040000	MIX Central Siberia	0.0025179975811209	0.00602522	0.0035072224188791	4950.0	8595.0	3645.0	73.63636363636363
scaffold_1	1030000	1040000	MIX Sibiryakov Island	0.0026021407962501	0.00446307	0.0018609292037499005	4914.0	8900.0	3986.0	81.11518111518112
scaffold_1	1030000	1040000	North America	0.003021042795716	0.00622119	0.003200147204284	4975.0	8561.0	3586.0	72.08040201005025
scaffold_1	1030000	1040000	Northern Ural	0.0020467978634822	0.00733894	0.0052921421365178	4925.0	8472.0	3547.0	72.02030456852792
scaffold_1	1030000	1040000	Scandinavia	0.0032174435269873	0.0075262	0.004308756473012701	4975.0	8867.0	3892.0	78.23115577889446
scaffold_1	1030000	1040000	Siberia SC	5.600002986668259e-05	0.000302668	0.00024666797013331743	4923.0	9003.0	4080.0	82.87629494210847
scaffold_1	1030000	1040000	West Siberia	0.0032789234403726	0.00470871	0.0014297865596273997	5009.0	8945.0	3936.0	78.57855859452985
scaffold_1	1030000	1040000	admixed	0.0035583463617896	0.00673149	0.0031731436382103997	4948.0	8923.0	3975.0	80.3354890864996
scaffold_1	1040000	1050000	Central Europe	0.0024368285171345	0.00805445	0.005617621482865499	5433.0	8202.0	2769.0	50.966316951960245
scaffold_1	1040000	1050000	East Siberia	0.0015430204438219	0.0028589	0.0013158795561781002	5468.0	9010.0	3542.0	64.77688368690563
scaffold_1	1040000	1050000	Karelia	0.0018689198377737	0.00380267	0.0019337501622263002	5467.0	9198.0	3731.0	68.24583866837388
scaffold_1	1040000	1050000	MIX Amur Basin	0.0008601874276617	0.00163479	0.0007746025723382999	4894.0	8298.0	3404.0	69.55455659991827
scaffold_1	1040000	1050000	MIX Central Siberia	0.0010699867566392	0.0037256	0.0026556132433607996	5404.0	8933.0	3529.0	65.30347890451517
scaffold_1	1040000	1050000	MIX Sibiryakov Island	0.0010407561927246	0.00265866	0.0016179038072754001	5386.0	9019.0	3633.0	67.45265503156331
scaffold_1	1040000	1050000	North America	0.0008591233962337	0.00230851	0.0014493866037663002	5424.0	8899.0	3475.0	64.06710914454278
scaffold_1	1040000	1050000	Northern Ural	0.0006865491059483	0.00395567	0.0032691208940517	5386.0	8632.0	3246.0	60.26735982176012
scaffold_1	1040000	1050000	Scandinavia	0.0015027317857913	0.00285762	0.0013548882142086999	5424.0	8899.0	3475.0	64.06710914454278
scaffold_1	1040000	1050000	Siberia SC	9.589960681161208e-05	0.00021821	0.00012231039318838792	5386.0	9136.0	3750.0	69.62495358336427
scaffold_1	1040000	1050000	West Siberia	0.0015525181287224	0.00283019	0.0012776718712775997	5461.0	8876.0	3415.0	62.53433437099433
scaffold_1	1040000	1050000	admixed	0.0012616840042213	0.00397061	0.0027089259957787	5401.0	8978.0	3577.0	66.22847620810961
scaffold_1	1050000	1060000	Central Europe	0.003558814523009	0.0127114	0.009152585476991	4103.0	6944.0	2841.0	69.24201803558373
scaffold_1	1050000	1060000	East Siberia	0.001702386578764	0.00560078	0.0038983934212359996	4153.0	8356.0	4203.0	101.20394895256442
scaffold_1	1050000	1060000	Karelia	0.0011448885855748	0.0016534	0.0005085114144252	4144.0	8572.0	4428.0	106.85328185328184
scaffold_1	1050000	1060000	MIX Amur Basin	0.0017564191841868	0.00330539	0.0015489708158132	3673.0	7602.0	3929.0	106.9697794718214
scaffold_1	1050000	1060000	MIX Central Siberia	0.0012809815624986	0.00682978	0.0055487984375013994	4080.0	8044.0	3964.0	97.15686274509804
scaffold_1	1050000	1060000	MIX Sibiryakov Island	0.0019438659727014	0.00442489	0.0024810240272986	4043.0	8384.0	4341.0	107.37076428394757
scaffold_1	1050000	1060000	North America	0.0021603305650136	0.00539463	0.0032342994349864	4096.0	8111.0	4015.0	98.0224609375
scaffold_1	1050000	1060000	Northern Ural	0.0009833833945179	0.0080951	0.007111716605482099	4044.0	7733.0	3689.0	91.2215628090999
scaffold_1	1050000	1060000	Scandinavia	0.0033863839158906	0.0090026	0.005616216084109399	4097.0	8108.0	4011.0	97.90090309982914
scaffold_1	1050000	1060000	Siberia SC	0.000575125147232	0.00311703	0.0025419048527679997	4064.0	8588.0	4524.0	111.31889763779527
scaffold_1	1050000	1060000	West Siberia	0.0016215587297297	0.00391658	0.0022950212702703005	4143.0	8420.0	4277.0	103.23437122857833
scaffold_1	1050000	1060000	admixed	0.0021897340523517	0.00737876	0.0051890259476483	4071.0	8296.0	4225.0	103.78285433554409
scaffold_1	1060000	1070000	Central Europe	0.0038728438006721	0.0117396	0.007866756199327899	4376.0	7046.0	2670.0	61.01462522851919
scaffold_1	1060000	1070000	East Siberia	0.0021581506849099	0.00503236	0.0028742093150901	4410.0	8632.0	4222.0	95.73696145124715
scaffold_1	1060000	1070000	Karelia	0.0011410113317232	0.00326981	0.0021287986682768	4408.0	9009.0	4601.0	104.37840290381126
scaffold_1	1060000	1070000	MIX Amur Basin	0.0026494273869466	0.00547844	0.0028290126130534003	3915.0	8156.0	4241.0	108.32694763729248
scaffold_1	1060000	1070000	MIX Central Siberia	0.0015060067775942	0.00585705	0.0043510432224058	4349.0	8425.0	4076.0	93.72269487238447
scaffold_1	1060000	1070000	MIX Sibiryakov Island	0.0028283961721214	0.00566787	0.0028394738278786002	4299.0	8695.0	4396.0	102.25633868341475
scaffold_1	1060000	1070000	North America	0.0021352641764005	0.00458099	0.0024457258235995	4364.0	8306.0	3942.0	90.32997250229148
scaffold_1	1060000	1070000	Northern Ural	0.0014583384537841	0.00632352	0.0048651815462159	4309.0	8283.0	3974.0	92.22557437920631
scaffold_1	1060000	1070000	Scandinavia	0.0024223966541169	0.00546299	0.0030405933458831002	4364.0	8468.0	4104.0	94.04216315307058
scaffold_1	1060000	1070000	Siberia SC	0.0006020197763496	0.00202792	0.0014259002236503998	4332.0	8897.0	4565.0	105.37857802400738
scaffold_1	1060000	1070000	West Siberia	0.0024799550293999	0.0054969	0.0030169449706001	4403.0	8661.0	4258.0	96.70679082443789
scaffold_1	1060000	1070000	admixed	0.003160897293217	0.00735922	0.004198322706782999	4346.0	8647.0	4301.0	98.9645651173493
scaffold_1	1070000	1080000	Central Europe	0.0049205453295374	0.0159288	0.0110082546704626	3076.0	6204.0	3128.0	101.69050715214564
scaffold_1	1070000	1080000	East Siberia	0.0045586251788751	0.00953902	0.004980394821124901	3127.0	7753.0	4626.0	147.9373201151263
scaffold_1	1070000	1080000	Karelia	0.0049421650600901	0.00850374	0.0035615749399098996	3114.0	8329.0	5215.0	167.46949261400127
scaffold_1	1070000	1080000	MIX Amur Basin	0.0029234018377038	0.00684695	0.0039235481622962	2700.0	7443.0	4743.0	175.66666666666666
scaffold_1	1070000	1080000	MIX Central Siberia	0.0022225113572836	0.0103748	0.0081522886427164	3045.0	7600.0	4555.0	149.58949096880133
scaffold_1	1070000	1080000	MIX Sibiryakov Island	0.0037851753670473	0.00638548	0.0026003046329526997	2961.0	8086.0	5125.0	173.08341776426883
scaffold_1	1070000	1080000	North America	0.0031838237060459	0.00556304	0.0023792162939541	3080.0	7447.0	4367.0	141.7857142857143
scaffold_1	1070000	1080000	Northern Ural	0.0018570248994885	0.00940362	0.0075465951005115	3004.0	7264.0	4260.0	141.81091877496672
scaffold_1	1070000	1080000	Scandinavia	0.0042849262374692	0.00767001	0.0033850837625307995	3068.0	7787.0	4719.0	153.81355932203388
scaffold_1	1070000	1080000	Siberia SC	0.0004331307931243	0.00155112	0.0011179892068757	3054.0	8363.0	5309.0	173.83759004584152
scaffold_1	1070000	1080000	West Siberia	0.0052141858908249	0.0090932	0.0038790141091750996	3107.0	7794.0	4687.0	150.852912777599
scaffold_1	1070000	1080000	admixed	0.0046836673713128	0.0121365	0.0074528326286872	3048.0	7941.0	4893.0	160.53149606299212
scaffold_1	1080000	1090000	Central Europe	0.0078854986869977	0.0151141	0.007228601313002301	4412.0	7193.0	2781.0	63.03263825929284
scaffold_1	1080000	1090000	East Siberia	0.005695417353469	0.00953277	0.0038373526465309993	4427.0	8414.0	3987.0	90.06098938332957
scaffold_1	1080000	1090000	Karelia	0.0054590757431877	0.00848542	0.003026344256812301	4186.0	8386.0	4200.0	100.33444816053512
scaffold_1	1080000	1090000	MIX Amur Basin	0.0034177744489424	0.00689449	0.0034767155510575997	3952.0	7826.0	3874.0	98.02631578947368
scaffold_1	1080000	1090000	MIX Central Siberia	0.0046527827247515	0.0113753	0.006722517275248499	4387.0	8155.0	3768.0	85.89012992933668
scaffold_1	1080000	1090000	MIX Sibiryakov Island	0.0063122573159556	0.00967087	0.0033586126840443997	4239.0	8439.0	4200.0	99.07997169143667
scaffold_1	1080000	1090000	North America	0.0029211813782551	0.00488401	0.0019628286217449	4400.0	8274.0	3874.0	88.04545454545455
scaffold_1	1080000	1090000	Northern Ural	0.002412560310433	0.0116444	0.009231839689567	4348.0	7781.0	3433.0	78.95584176632934
scaffold_1	1080000	1090000	Scandinavia	0.0069841571515051	0.0112915	0.0043073428484949	4277.0	8025.0	3748.0	87.63151741875146
scaffold_1	1080000	1090000	Siberia SC	0.0001491780290598	0.000470292	0.00032111397094019997	4062.0	8411.0	4349.0	107.06548498276712
scaffold_1	1080000	1090000	West Siberia	0.0038838044984611	0.0057877	0.0019038955015388999	4394.0	8412.0	4018.0	91.44287664997725
scaffold_1	1080000	1090000	admixed	0.0067071895676724	0.0122139	0.0055067104323276	4243.0	8360.0	4117.0	97.03040301673344
scaffold_1	1090000	1100000	Central Europe	0.0029642620135388	0.00937657	0.006412307986461201	4954.0	7835.0	2881.0	58.15502624142107
scaffold_1	1090000	1100000	East Siberia	0.0018366161028644	0.00302588	0.0011892638971355998	4983.0	8740.0	3757.0	75.39634758177804
scaffold_1	1090000	1100000	Karelia	0.0009258839014205	0.00202273	0.0010968460985794999	4982.0	9002.0	4020.0	80.69048574869531
scaffold_1	1090000	1100000	MIX Amur Basin	0.001899989214035	0.00365659	0.001756600785965	4489.0	8124.0	3635.0	80.97571842281131
scaffold_1	1090000	1100000	MIX Central Siberia	0.0015941997962807	0.00385942	0.0022652202037193	4930.0	8537.0	3607.0	73.16430020283975
scaffold_1	1090000	1100000	MIX Sibiryakov Island	0.0016912707480006	0.00285378	0.0011625092519994002	4893.0	8820.0	3927.0	80.25751072961373
scaffold_1	1090000	1100000	North America	0.0012375258934008	0.00179944	0.0005619141065992001	4951.0	8442.0	3491.0	70.51100787719653
scaffold_1	1090000	1100000	Northern Ural	0.0011181913724029	0.00366145	0.0025432586275971002	4913.0	8475.0	3562.0	72.50152656218197
scaffold_1	1090000	1100000	Scandinavia	0.0024981256255014	0.00550607	0.0030079443744986	4951.0	8686.0	3735.0	75.43930519087053
scaffold_1	1090000	1100000	Siberia SC	0.0001086602194936	0.000459827	0.0003511667805064	4910.0	9023.0	4113.0	83.76782077393075
scaffold_1	1090000	1100000	West Siberia	0.0012849621131228	0.00196754	0.0006825778868771999	4979.0	8835.0	3856.0	77.44527013456516
scaffold_1	1090000	1100000	admixed	0.0021576831526874	0.00473403	0.0025763468473126	4928.0	8774.0	3846.0	78.04383116883116
scaffold_1	1100000	1110000	Central Europe	0.003879992629137	0.00986058	0.005980587370863001	4114.0	6817.0	2703.0	65.70247933884298
scaffold_1	1100000	1110000	East Siberia	0.0020910274445558	0.0046164	0.0025253725554442	4125.0	8411.0	4286.0	103.90303030303029
scaffold_1	1100000	1110000	Karelia	0.0019197051441003	0.00344452	0.0015248148558997	4136.0	8521.0	4385.0	106.02030947775629
scaffold_1	1100000	1110000	MIX Amur Basin	0.0030403171359311	0.00550676	0.0024664428640689003	3698.0	7795.0	4097.0	110.78961600865334
scaffold_1	1100000	1110000	MIX Central Siberia	0.0023421941429532	0.00591805	0.0035758558570468	4088.0	8170.0	4082.0	99.85322896281801
scaffold_1	1100000	1110000	MIX Sibiryakov Island	0.0016784335459978	0.00418378	0.0025053464540022	3931.0	8199.0	4268.0	108.57288221826506
scaffold_1	1100000	1110000	North America	0.0013771315178526	0.00268165	0.0013045184821473999	4071.0	8149.0	4078.0	100.17194792434292
scaffold_1	1100000	1110000	Northern Ural	0.0021125762533758	0.00523452	0.0031219437466242003	4030.0	7870.0	3840.0	95.28535980148884
scaffold_1	1100000	1110000	Scandinavia	0.003741416817758	0.00870744	0.004966023182242001	4113.0	7983.0	3870.0	94.09190371991247
scaffold_1	1100000	1110000	Siberia SC	0.0001312383469398	0.00034623	0.0002149916530602	4066.0	8725.0	4659.0	114.58435809149042
scaffold_1	1100000	1110000	West Siberia	0.0017927303941127	0.00336334	0.0015706096058873	4096.0	8220.0	4124.0	100.68359375
scaffold_1	1100000	1110000	admixed	0.0029047476874473	0.00663011	0.0037253623125526997	4083.0	8389.0	4306.0	105.46167034043596
scaffold_1	1110000	1120000	Central Europe	0.0043807580353167	0.0111167	0.0067359419646833	4145.0	6880.0	2735.0	65.98311218335344
scaffold_1	1110000	1120000	East Siberia	0.0028584257212595	0.00630911	0.0034506842787404997	4187.0	8385.0	4198.0	100.26271793647004
scaffold_1	1110000	1120000	Karelia	0.0025681351804779	0.00585915	0.0032910148195220996	4142.0	8505.0	4363.0	105.33558667310479
scaffold_1	1110000	1120000	MIX Amur Basin	0.004544034084657	0.00926857	0.004724535915343	3675.0	7642.0	3967.0	107.94557823129252
scaffold_1	1110000	1120000	MIX Central Siberia	0.0030949005941889	0.00812441	0.0050295094058111	4089.0	7921.0	3832.0	93.71484470530692
scaffold_1	1110000	1120000	MIX Sibiryakov Island	0.0036658666740229	0.00890689	0.0052410233259771	4032.0	8384.0	4352.0	107.93650793650794
scaffold_1	1110000	1120000	North America	0.0020280728722294	0.00346275	0.0014346771277706002	4118.0	8107.0	3989.0	96.86741136474016
scaffold_1	1110000	1120000	Northern Ural	0.0028890778503202	0.00855351	0.0056644321496798	4055.0	7702.0	3647.0	89.9383477188656
scaffold_1	1110000	1120000	Scandinavia	0.00467237671399	0.00987937	0.0052069932860100004	4137.0	8287.0	4150.0	100.31423737007495
scaffold_1	1110000	1120000	Siberia SC	0.0003414165809306	0.000506811	0.00016539441906940003	4072.0	8583.0	4511.0	110.78094302554027
scaffold_1	1110000	1120000	West Siberia	0.0035092924601721	0.00686892	0.0033596275398279	4179.0	8463.0	4284.0	102.51256281407035
scaffold_1	1110000	1120000	admixed	0.0045115978623212	0.00970903	0.005197432137678801	4087.0	8387.0	4300.0	105.21164668460973
scaffold_1	1120000	1130000	Central Europe	0.0083931695434193	0.016843	0.0084498304565807	3216.0	6509.0	3293.0	102.39427860696517
scaffold_1	1120000	1130000	East Siberia	0.0109654954460547	0.0165353	0.005569804553945299	3130.0	7709.0	4579.0	146.29392971246006
scaffold_1	1120000	1130000	Karelia	0.0088345708143684	0.0151019	0.006267329185631599	2780.0	6885.0	4105.0	147.66187050359713
scaffold_1	1120000	1130000	MIX Amur Basin	0.0105479201972387	0.0160002	0.005452279802761299	2788.0	7471.0	4683.0	167.96987087517934
scaffold_1	1120000	1130000	MIX Central Siberia	0.0064019313697494	0.0153468	0.0089448686302506	3015.0	7577.0	4562.0	151.31011608623547
scaffold_1	1120000	1130000	MIX Sibiryakov Island	0.0108503538848071	0.0165837	0.005733346115192901	2653.0	7160.0	4507.0	169.88315114964192
scaffold_1	1120000	1130000	North America	0.0051268029510952	0.00703223	0.0019054270489048007	3233.0	6902.0	3669.0	113.4859263841633
scaffold_1	1120000	1130000	Northern Ural	0.0049422423520994	0.0138508	0.008908557647900599	2893.0	7349.0	4456.0	154.02696163152436
scaffold_1	1120000	1130000	Scandinavia	0.0108958853214868	0.0190568	0.008160914678513199	3254.0	7342.0	4088.0	125.62999385371849
scaffold_1	1120000	1130000	Siberia SC	0.00172675391213	0.00280002	0.00107326608787	3290.0	8715.0	5425.0	164.8936170212766
scaffold_1	1120000	1130000	West Siberia	0.0094202718937163	0.0137569	0.004336628106283701	3170.0	7719.0	4549.0	143.50157728706625
scaffold_1	1120000	1130000	admixed	0.0101243802731147	0.018925	0.008800619726885301	3241.0	8253.0	5012.0	154.64362850971924
scaffold_1	1130000	1140000	Central Europe	0.0079402567176971	0.0185665	0.0106262432823029	3509.0	6327.0	2818.0	80.30777999430036
scaffold_1	1130000	1140000	East Siberia	0.0082863380590561	0.0162494	0.007963061940943901	3130.0	6923.0	3793.0	121.18210862619809
scaffold_1	1130000	1140000	Karelia	0.0070597103904718	0.0118648	0.0048050896095282	2802.0	6808.0	4006.0	142.96930763740187
scaffold_1	1130000	1140000	MIX Amur Basin	0.0064814708218689	0.0141164	0.0076349291781311	2629.0	6680.0	4051.0	154.08900722708253
scaffold_1	1130000	1140000	MIX Central Siberia	0.0075254983803882	0.0204982	0.0129727016196118	3343.0	7441.0	4098.0	122.58450493568651
scaffold_1	1130000	1140000	MIX Sibiryakov Island	0.0073573087099735	0.0139727	0.006615391290026499	2725.0	6709.0	3984.0	146.2018348623853
scaffold_1	1130000	1140000	North America	0.0079751781180411	0.0138171	0.0058419218819589	3501.0	6865.0	3364.0	96.08683233361897
scaffold_1	1130000	1140000	Northern Ural	0.0079267085340404	0.0198262	0.011899491465959599	3113.0	6855.0	3742.0	120.20558946353998
scaffold_1	1130000	1140000	Scandinavia	0.0082517511515393	0.0182618	0.010010048848460702	3215.0	6990.0	3775.0	117.41835147744946
scaffold_1	1130000	1140000	Siberia SC	0.0005362612279694	0.00170456	0.0011682987720306	3486.0	8651.0	5165.0	148.16408491107288
scaffold_1	1130000	1140000	West Siberia	0.0077899759158128	0.0168464	0.009056424084187201	2659.0	6618.0	3959.0	148.89056036103798
scaffold_1	1130000	1140000	admixed	0.008287815405931	0.0189276	0.010639784594069	3406.0	7604.0	4198.0	123.25308279506753
scaffold_1	1140000	1150000	Central Europe	0.005893463428109	0.0154766	0.009583136571890999	3026.0	6103.0	3077.0	101.68539325842696
scaffold_1	1140000	1150000	East Siberia	0.0066327208124337	0.0138106	0.007177879187566299	3053.0	7571.0	4518.0	147.98558794628235
scaffold_1	1140000	1150000	Karelia	0.0053683798362312	0.0105917	0.005223320163768801	2809.0	7463.0	4654.0	165.6817372730509
scaffold_1	1140000	1150000	MIX Amur Basin	0.0082853474132297	0.0174927	0.0092073525867703	2654.0	7203.0	4549.0	171.4016578749058
scaffold_1	1140000	1150000	MIX Central Siberia	0.0026941393873333	0.0128255	0.010131360612666701	3000.0	7395.0	4395.0	146.5
scaffold_1	1140000	1150000	MIX Sibiryakov Island	0.004614011182634	0.0112052	0.006591188817366	2960.0	7983.0	5023.0	169.69594594594594
scaffold_1	1140000	1150000	North America	0.0061063146789454	0.0125174	0.0064110853210546	3018.0	7342.0	4324.0	143.27369118621604
scaffold_1	1140000	1150000	Northern Ural	0.0026815225826777	0.0128438	0.0101622774173223	2965.0	7203.0	4238.0	142.93423271500842
scaffold_1	1140000	1150000	Scandinavia	0.0051062641546531	0.01303	0.0079237358453469	3018.0	7646.0	4628.0	153.34658714380384
scaffold_1	1140000	1150000	Siberia SC	0.0003604366975145	0.000669634	0.0003091973024855	2980.0	8341.0	5361.0	179.8993288590604
scaffold_1	1140000	1150000	West Siberia	0.0076513754912281	0.0170408	0.009389424508771898	3048.0	7624.0	4576.0	150.13123359580052
scaffold_1	1140000	1150000	admixed	0.0074464850911763	0.0186529	0.0112064149088237	2988.0	7658.0	4670.0	156.29183400267738
scaffold_1	1150000	1160000	Central Europe	0.0108721960733697	0.0180875	0.0072153039266303	5271.0	7151.0	1880.0	35.66685638398786
scaffold_1	1150000	1160000	East Siberia	0.0063045078078283	0.0110705	0.004765992192171701	5032.0	7874.0	2842.0	56.4785373608903
scaffold_1	1150000	1160000	Karelia	0.0065069970637882	0.0100466	0.0035396029362117993	4676.0	7901.0	3225.0	68.96920444824637
scaffold_1	1150000	1160000	MIX Amur Basin	0.0041120654206332	0.0108652	0.0067531345793668	4081.0	6990.0	2909.0	71.2815486400392
scaffold_1	1150000	1160000	MIX Central Siberia	0.0052492701950816	0.0112884	0.006039129804918401	5052.0	7916.0	2864.0	56.690419635787805
scaffold_1	1150000	1160000	MIX Sibiryakov Island	0.0038110976601781	0.0110737	0.007262602339821901	3697.0	6633.0	2936.0	79.41574249391398
scaffold_1	1150000	1160000	North America	0.0075090174413684	0.013959	0.006449982558631599	5165.0	7720.0	2555.0	49.4675701839303
scaffold_1	1150000	1160000	Northern Ural	0.0056826638893572	0.0110743	0.0053916361106428005	4954.0	7705.0	2751.0	55.53088413403311
scaffold_1	1150000	1160000	Scandinavia	0.0113578289761967	0.0208445	0.009486671023803298	5236.0	7868.0	2632.0	50.26737967914438
scaffold_1	1150000	1160000	Siberia SC	0.0002872035302747	0.000538301	0.00025109746972530004	5278.0	8890.0	3612.0	68.43501326259947
scaffold_1	1150000	1160000	West Siberia	0.0063613248158441	0.0110908	0.004729475184155899	4475.0	6923.0	2448.0	54.70391061452514
scaffold_1	1150000	1160000	admixed	0.0072872151069512	0.0156109	0.0083236848930488	5240.0	8302.0	3062.0	58.4351145038168
scaffold_1	1160000	1170000	Central Europe	0.0071503323621968	0.0114191	0.0042687676378032	6386.0	8454.0	2068.0	32.383338553084876
scaffold_1	1160000	1170000	East Siberia	0.008423884000409	0.0123392	0.003915315999590999	6358.0	9010.0	2652.0	41.711229946524064
scaffold_1	1160000	1170000	Karelia	0.0011833444271873	0.00157487	0.0003915255728126998	3292.0	5569.0	2277.0	69.16767922235722
scaffold_1	1160000	1170000	MIX Amur Basin	0.0071922377198302	0.0121175	0.004925262280169799	5443.0	7966.0	2523.0	46.353114091493666
scaffold_1	1160000	1170000	MIX Central Siberia	0.005850948399983	0.0102873	0.0044363516000169995	6225.0	8909.0	2684.0	43.11646586345382
scaffold_1	1160000	1170000	MIX Sibiryakov Island	0.0076849695425791	0.0105142	0.002829230457420899	5491.0	8178.0	2687.0	48.93462028774358
scaffold_1	1160000	1170000	North America	0.0041590250078598	0.00553172	0.0013726949921402005	6419.0	8829.0	2410.0	37.544788907929586
scaffold_1	1160000	1170000	Northern Ural	0.0074432900462402	0.0128577	0.0054144099537598	5868.0	8395.0	2527.0	43.064076346284935
scaffold_1	1160000	1170000	Scandinavia	0.0061077839783195	0.0102332	0.004125416021680499	6116.0	8322.0	2206.0	36.069326357096145
scaffold_1	1160000	1170000	Siberia SC	0.0005587316095789	0.000855891	0.00029715939042110004	6487.0	9486.0	2999.0	46.230923385232
scaffold_1	1160000	1170000	West Siberia	0.0074878737749011	0.0103815	0.0028936262250989003	4948.0	6587.0	1639.0	33.124494745351655
scaffold_1	1160000	1170000	admixed	0.0091158327621658	0.0143654	0.0052495672378342	6361.0	9207.0	2846.0	44.74139286275743
scaffold_1	1170000	1180000	Central Europe	0.0027450744567132	0.00907487	0.0063297955432868	4168.0	7189.0	3021.0	72.48080614203455
scaffold_1	1170000	1180000	East Siberia	0.0015936127712647	0.0042675	0.0026738872287352996	4186.0	8732.0	4546.0	108.60009555661729
scaffold_1	1170000	1180000	Karelia	0.0010078333212587	0.00290609	0.0018982566787413	4195.0	8897.0	4702.0	112.08581644815257
scaffold_1	1170000	1180000	MIX Amur Basin	0.0026463431332452	0.00568991	0.0030435668667548005	3794.0	7992.0	4198.0	110.6483921982077
scaffold_1	1170000	1180000	MIX Central Siberia	0.0013182350098183	0.00502456	0.0037063249901817	4121.0	8457.0	4336.0	105.21718029604466
scaffold_1	1170000	1180000	MIX Sibiryakov Island	0.0010978209530617	0.00390929	0.0028114690469383	4097.0	8654.0	4557.0	111.22772760556505
scaffold_1	1170000	1180000	North America	0.0016922560085162	0.00316877	0.0014765139914838	4162.0	8178.0	4016.0	96.49207111965401
scaffold_1	1170000	1180000	Northern Ural	0.0008928581781422	0.00478059	0.0038877318218578003	4096.0	8266.0	4170.0	101.806640625
scaffold_1	1170000	1180000	Scandinavia	0.0028978947314869	0.00799423	0.005096335268513099	4162.0	8259.0	4097.0	98.43825084094185
scaffold_1	1170000	1180000	Siberia SC	0.0001903269640193	0.000390097	0.0001997700359807	4109.0	8815.0	4706.0	114.52908250182526
scaffold_1	1170000	1180000	West Siberia	0.0012873878883463	0.00346249	0.0021751021116537	3960.0	7886.0	3926.0	99.14141414141415
scaffold_1	1170000	1180000	admixed	0.0015094410506246	0.00537857	0.0038691289493754	4114.0	8625.0	4511.0	109.64997569275646
scaffold_1	1180000	1190000	Central Europe	0.0032565379529528	0.00894551	0.0056889720470472	4903.0	7782.0	2879.0	58.71915153987355
scaffold_1	1180000	1190000	East Siberia	0.0024428920386668	0.00383592	0.0013930279613332	4944.0	8840.0	3896.0	78.80258899676376
scaffold_1	1180000	1190000	Karelia	0.0010705282631364	0.00201075	0.0009402217368635999	4930.0	9026.0	4096.0	83.08316430020284
scaffold_1	1180000	1190000	MIX Amur Basin	0.0029004851813093	0.0049785	0.0020780148186907003	4361.0	8077.0	3716.0	85.20981426278377
scaffold_1	1180000	1190000	MIX Central Siberia	0.0022334090223702	0.00502412	0.0027907109776298	4854.0	8545.0	3691.0	76.04037906880923
scaffold_1	1180000	1190000	MIX Sibiryakov Island	0.0021615325895632	0.00334444	0.0011829074104368	4651.0	8511.0	3860.0	82.9929047516663
scaffold_1	1180000	1190000	North America	0.0018767489962594	0.00281128	0.0009345310037406002	4903.0	8722.0	3819.0	77.89108708953701
scaffold_1	1180000	1190000	Northern Ural	0.0017119028656676	0.00678912	0.0050772171343323996	4818.0	8363.0	3545.0	73.57824823578248
scaffold_1	1180000	1190000	Scandinavia	0.0031945036064402	0.00463917	0.0014446663935597996	4902.0	8644.0	3742.0	76.33618931048551
scaffold_1	1180000	1190000	Siberia SC	0.0002656605966087	0.00036018	9.451940339129996e-05	4854.0	8940.0	4086.0	84.17799752781211
scaffold_1	1180000	1190000	West Siberia	0.0017147480682296	0.00232338	0.0006086319317703999	4934.0	8834.0	3900.0	79.04337251722741
scaffold_1	1180000	1190000	admixed	0.0028475926676526	0.00517192	0.0023243273323474	4854.0	8740.0	3886.0	80.05768438401319
scaffold_1	1190000	1200000	Central Europe	0.0100475610085865	0.0191338	0.0090862389914135	3520.0	6704.0	3184.0	90.45454545454545
scaffold_1	1190000	1200000	East Siberia	0.0018983772353824	0.00458346	0.0026850827646176002	3554.0	8172.0	4618.0	129.93809791783906
scaffold_1	1190000	1200000	Karelia	0.0005255977786898	0.00097976	0.0004541622213102001	3551.0	8693.0	5142.0	144.8042804843706
scaffold_1	1190000	1200000	MIX Amur Basin	0.0097555892148891	0.0167108	0.0069552107851109015	3067.0	7511.0	4444.0	144.89729377241605
scaffold_1	1190000	1200000	MIX Central Siberia	0.0041722678692362	0.0140898	0.009917532130763799	3474.0	7909.0	4435.0	127.66263672999425
scaffold_1	1190000	1200000	MIX Sibiryakov Island	0.0072497983068932	0.0141347	0.0068849016931068	3426.0	8167.0	4741.0	138.38295388207823
scaffold_1	1190000	1200000	North America	0.0026483356705671	0.00418359	0.0015352543294329	3512.0	7811.0	4299.0	122.40888382687926
scaffold_1	1190000	1200000	Northern Ural	0.0020134333292957	0.0101768	0.0081633666707043	3438.0	7488.0	4050.0	117.80104712041886
scaffold_1	1190000	1200000	Scandinavia	0.0067602803769681	0.0112869	0.0045266196230319	3512.0	7592.0	4080.0	116.17312072892938
scaffold_1	1190000	1200000	Siberia SC	7.666968781746042e-05	0.000744196	0.0006675263121825396	3445.0	8583.0	5138.0	149.14368650217708
scaffold_1	1190000	1200000	West Siberia	0.0070875581554889	0.013906	0.0068184418445111	3545.0	8190.0	4645.0	131.0296191819464
scaffold_1	1190000	1200000	admixed	0.0075976587863534	0.0176855	0.0100878412136466	3470.0	8082.0	4612.0	132.9106628242075
scaffold_1	1200000	1210000	Central Europe	0.0059786927952444	0.012462	0.006483307204755601	5441.0	7503.0	2062.0	37.89744532255101
scaffold_1	1200000	1210000	East Siberia	0.005752731043966	0.00825091	0.0024981789560340004	4732.0	7801.0	3069.0	64.85629754860524
scaffold_1	1200000	1210000	Karelia	0.0040273255112765	0.00555917	0.0015318444887235001	4711.0	7948.0	3237.0	68.71152621524092
scaffold_1	1200000	1210000	MIX Amur Basin	0.0049892879540536	0.00916798	0.004178692045946399	4593.0	7455.0	2862.0	62.312214239059436
scaffold_1	1200000	1210000	MIX Central Siberia	0.0054168576352093	0.010075	0.004658142364790701	4419.0	7318.0	2899.0	65.6030776193709
scaffold_1	1200000	1210000	MIX Sibiryakov Island	0.005288673424416	0.00768207	0.0023933965755839996	3444.0	6543.0	3099.0	89.98257839721255
scaffold_1	1200000	1210000	North America	0.0064891096675115	0.00860639	0.0021172803324885003	4690.0	7384.0	2694.0	57.44136460554371
scaffold_1	1200000	1210000	Northern Ural	0.0034253312074507	0.0087223	0.0052969687925493005	4400.0	7051.0	2651.0	60.25
scaffold_1	1200000	1210000	Scandinavia	0.006016890589766	0.00834687	0.002329979410233999	5129.0	7986.0	2857.0	55.702866055761355
scaffold_1	1200000	1210000	Siberia SC	0.0007606863001292	0.00168526	0.0009245736998708	5506.0	9044.0	3538.0	64.25717399200872
scaffold_1	1200000	1210000	West Siberia	0.0054888128984754	0.00820135	0.0027125371015245996	4653.0	7619.0	2966.0	63.7438211906297
scaffold_1	1200000	1210000	admixed	0.006315840985577	0.0104449	0.004129059014423	5460.0	8594.0	3134.0	57.399267399267394
scaffold_1	1210000	1220000	Central Europe	0.0046903920681297	0.0141783	0.0094879079318703	4492.0	7229.0	2737.0	60.93054318788958
scaffold_1	1210000	1220000	East Siberia	0.0045218673095046	0.00839888	0.0038770126904953996	4512.0	8512.0	4000.0	88.65248226950354
scaffold_1	1210000	1220000	Karelia	0.0046252959205283	0.00833227	0.0037069740794716992	4498.0	8882.0	4384.0	97.46554024010672
scaffold_1	1210000	1220000	MIX Amur Basin	0.0026415260570547	0.00567643	0.0030349039429453	4017.0	7996.0	3979.0	99.05402041324372
scaffold_1	1210000	1220000	MIX Central Siberia	0.0031994807555717	0.00851669	0.0053172092444283	4435.0	8433.0	3998.0	90.14656144306652
scaffold_1	1210000	1220000	MIX Sibiryakov Island	0.0050026210916141	0.0100614	0.0050587789083859	4406.0	8624.0	4218.0	95.73309123921925
scaffold_1	1210000	1220000	North America	0.0047630859061146	0.00701371	0.0022506240938854	4474.0	8276.0	3802.0	84.97988377291014
scaffold_1	1210000	1220000	Northern Ural	0.0029798212830134	0.00987607	0.006896248716986601	4425.0	8191.0	3766.0	85.10734463276836
scaffold_1	1210000	1220000	Scandinavia	0.0056703838528787	0.00962827	0.003957886147121299	4470.0	8418.0	3948.0	88.32214765100672
scaffold_1	1210000	1220000	Siberia SC	0.0003160000669669	0.000652431	0.0003364309330331	4442.0	8908.0	4466.0	100.54029716343989
scaffold_1	1210000	1220000	West Siberia	0.0046332529729632	0.00861667	0.0039834170270368	4510.0	8610.0	4100.0	90.9090909090909
scaffold_1	1210000	1220000	admixed	0.0052566394868423	0.0104857	0.0052290605131577	4454.0	8592.0	4138.0	92.90525370453526
scaffold_1	1220000	1230000	Central Europe	0.0026339510788859	0.0101312	0.0074972489211141	3412.0	6242.0	2830.0	82.94255568581477
scaffold_1	1220000	1230000	East Siberia	0.0014045775745071	0.00364382	0.0022392424254929	3405.0	8102.0	4697.0	137.94419970631424
scaffold_1	1220000	1230000	Karelia	0.0007669034953936	0.00170577	0.0009388665046063999	3307.0	8062.0	4755.0	143.78590867856062
scaffold_1	1220000	1230000	MIX Amur Basin	0.0018544817016219	0.0028423	0.0009878182983781	2896.0	7270.0	4374.0	151.03591160220995
scaffold_1	1220000	1230000	MIX Central Siberia	0.0011153859880034	0.00408182	0.0029664340119966	3291.0	7653.0	4362.0	132.5432999088423
scaffold_1	1220000	1230000	MIX Sibiryakov Island	0.0022718591045256	0.00444648	0.0021746208954744	3110.0	7759.0	4649.0	149.48553054662378
scaffold_1	1220000	1230000	North America	0.002286611548945	0.00407812	0.001791508451055	3329.0	7708.0	4379.0	131.5410033042956
scaffold_1	1220000	1230000	Northern Ural	0.0007445854441137	0.00399748	0.0032528945558863	3179.0	7184.0	4005.0	125.98301352626613
scaffold_1	1220000	1230000	Scandinavia	0.0028406467119692	0.00620529	0.0033646432880308	3384.0	7955.0	4571.0	135.07683215130024
scaffold_1	1220000	1230000	Siberia SC	0.000311336830313	0.00086711	0.000555773169687	3363.0	8536.0	5173.0	153.82099316086828
scaffold_1	1220000	1230000	West Siberia	0.0016598075882925	0.00336984	0.0017100324117075	3391.0	7790.0	4399.0	129.72574461810675
scaffold_1	1220000	1230000	admixed	0.0021953285006713	0.00611902	0.0039236914993287	3349.0	8148.0	4799.0	143.2965064198268
scaffold_1	1230000	1240000	Central Europe	0.0047501920451091	0.0117812	0.0070310079548909004	2397.0	5183.0	2786.0	116.22861910721736
scaffold_1	1230000	1240000	East Siberia	0.0049842285145238	0.00730926	0.0023250314854762	2080.0	6285.0	4205.0	202.16346153846155
scaffold_1	1230000	1240000	Karelia	0.0025978623304252	0.00727605	0.0046781876695748004	1656.0	6753.0	5097.0	307.78985507246375
scaffold_1	1230000	1240000	MIX Amur Basin	0.0040065141885367	0.00787226	0.0038657458114633005	1944.0	6817.0	4873.0	250.66872427983537
scaffold_1	1230000	1240000	MIX Central Siberia	0.0024365856821004	0.00705847	0.0046218843178996005	2071.0	6799.0	4728.0	228.2955094157412
scaffold_1	1230000	1240000	MIX Sibiryakov Island	0.0037991493939852	0.00857911	0.004779960606014799	1853.0	6883.0	5030.0	271.45169994603344
scaffold_1	1230000	1240000	North America	0.0044570810387389	0.00746909	0.0030120089612611003	2223.0	6268.0	4045.0	181.9613135402609
scaffold_1	1230000	1240000	Northern Ural	0.0014179949390277	0.00670154	0.0052835450609723	1992.0	6760.0	4768.0	239.3574297188755
scaffold_1	1230000	1240000	Scandinavia	0.0058553079109878	0.00992168	0.004066372089012201	2310.0	5959.0	3649.0	157.965367965368
scaffold_1	1230000	1240000	Siberia SC	0.0006621207174813	0.00152283	0.0008607092825186999	2464.0	8622.0	6158.0	249.9188311688312
scaffold_1	1230000	1240000	West Siberia	0.0057036700592363	0.00878648	0.0030828099407636993	1991.0	6811.0	4820.0	242.08940231039676
scaffold_1	1230000	1240000	admixed	0.0052863283416528	0.00893727	0.003650941658347201	2410.0	7642.0	5232.0	217.0954356846473
scaffold_1	1240000	1250000	Central Europe	0.0022477303546425	0.00816306	0.0059153296453575	3871.0	6456.0	2585.0	66.77861017824851
scaffold_1	1240000	1250000	East Siberia	0.001921819398419	0.00458713	0.002665310601581	3915.0	8300.0	4385.0	112.0051085568327
scaffold_1	1240000	1250000	Karelia	0.0006431338781453	0.000994611	0.00035147712185470005	3626.0	8486.0	4860.0	134.03199117484832
scaffold_1	1240000	1250000	MIX Amur Basin	0.0015268523998688	0.00352657	0.0019997176001312	3442.0	7878.0	4436.0	128.87855897733874
scaffold_1	1240000	1250000	MIX Central Siberia	0.0009048848262246	0.00413325	0.0032283651737754	3815.0	8022.0	4207.0	110.27522935779817
scaffold_1	1240000	1250000	MIX Sibiryakov Island	0.001817761055869	0.00437609	0.0025583289441310003	3660.0	8252.0	4592.0	125.46448087431695
scaffold_1	1240000	1250000	North America	0.0023206527798663	0.00411133	0.0017906772201337	3799.0	7864.0	4065.0	107.0018425901553
scaffold_1	1240000	1250000	Northern Ural	0.0010733852565092	0.00538007	0.0043066847434908	3789.0	7779.0	3990.0	105.30482977038798
scaffold_1	1240000	1250000	Scandinavia	0.0030836029704899	0.00668847	0.0036048670295101	3840.0	7927.0	4087.0	106.43229166666666
scaffold_1	1240000	1250000	Siberia SC	0.0002379367280575	0.000456962	0.00021902527194249998	3835.0	8724.0	4889.0	127.48370273794004
scaffold_1	1240000	1250000	West Siberia	0.0019175391696966	0.00394476	0.0020272208303034004	3855.0	8394.0	4539.0	117.74319066147861
scaffold_1	1240000	1250000	admixed	0.0018054265569503	0.00537645	0.0035710234430497	3834.0	8427.0	4593.0	119.7965571205008
scaffold_1	1250000	1260000	Central Europe	0.0030132698730782	0.00978867	0.0067754001269217995	3886.0	6554.0	2668.0	68.65671641791045
scaffold_1	1250000	1260000	East Siberia	0.0027947920528769	0.00608245	0.0032876579471231	3917.0	8235.0	4318.0	110.23742660199132
scaffold_1	1250000	1260000	Karelia	0.0010584165243599	0.00154463	0.0004862134756400999	3879.0	8561.0	4682.0	120.70121165248776
scaffold_1	1250000	1260000	MIX Amur Basin	0.002771134126183	0.0063734	0.0036022658738170004	3466.0	7747.0	4281.0	123.5141373341027
scaffold_1	1250000	1260000	MIX Central Siberia	0.0020264490388649	0.00625428	0.0042278309611351005	3851.0	8071.0	4220.0	109.58192677226694
scaffold_1	1250000	1260000	MIX Sibiryakov Island	0.002136409227683	0.00437133	0.0022349207723169995	3764.0	8254.0	4490.0	119.28799149840594
scaffold_1	1250000	1260000	North America	0.0021699311649	0.00416196	0.0019920288351000003	3873.0	8004.0	4131.0	106.66150271107668
scaffold_1	1250000	1260000	Northern Ural	0.0017346373925828	0.00662261	0.0048879726074172	3786.0	7764.0	3978.0	105.0713153724247
scaffold_1	1250000	1260000	Scandinavia	0.003051183383207	0.00603054	0.002979356616793	3875.0	8172.0	4297.0	110.89032258064515
scaffold_1	1250000	1260000	Siberia SC	0.000211083586674	0.000636768	0.000425684413326	3837.0	8628.0	4791.0	124.86317435496481
scaffold_1	1250000	1260000	West Siberia	0.0024630134268195	0.00550973	0.0030467165731805	3899.0	8315.0	4416.0	113.25981020774559
scaffold_1	1250000	1260000	admixed	0.0026238255390349	0.00632002	0.0036961944609651	3844.0	8426.0	4582.0	119.19875130072842
scaffold_1	1260000	1270000	Central Europe	0.0045797191467068	0.0115591	0.006979380853293199	4964.0	7132.0	2168.0	43.674456083803385
scaffold_1	1260000	1270000	East Siberia	0.003251637633315	0.00638747	0.003135832366685	4769.0	7931.0	3162.0	66.30320821975258
scaffold_1	1260000	1270000	Karelia	0.0036820017891836	0.00406502	0.0003830182108164001	3510.0	6867.0	3357.0	95.64102564102565
scaffold_1	1260000	1270000	MIX Amur Basin	0.0033970824609468	0.00651816	0.0031210775390532004	4067.0	7206.0	3139.0	77.18219818047702
scaffold_1	1260000	1270000	MIX Central Siberia	0.0024599704100339	0.00700128	0.004541309589966101	4582.0	7718.0	3136.0	68.44172850283718
scaffold_1	1260000	1270000	MIX Sibiryakov Island	0.0025647341805167	0.00563184	0.0030671058194833	3798.0	7051.0	3253.0	85.65034228541337
scaffold_1	1260000	1270000	North America	0.0025958376277977	0.00509852	0.0025026823722023	4204.0	7272.0	3068.0	72.97811607992388
scaffold_1	1260000	1270000	Northern Ural	0.0016534956341921	0.00584021	0.004186714365807901	4592.0	7380.0	2788.0	60.71428571428571
scaffold_1	1260000	1270000	Scandinavia	0.0047807037691934	0.00990441	0.005123706230806601	4699.0	7379.0	2680.0	57.03341136412002
scaffold_1	1260000	1270000	Siberia SC	0.0002464839785413	0.000667391	0.00042090702145870004	5142.0	8876.0	3734.0	72.61765849863866
scaffold_1	1260000	1270000	West Siberia	0.0024848536514746	0.00667283	0.004187976348525401	4321.0	7462.0	3141.0	72.69150659569544
scaffold_1	1260000	1270000	admixed	0.0043282725755253	0.00938758	0.005059307424474699	5101.0	8282.0	3181.0	62.36032150558714
scaffold_1	1270000	1280000	Central Europe	0.0024701758229912	0.00892815	0.006457974177008799	4440.0	7306.0	2866.0	64.54954954954954
scaffold_1	1270000	1280000	East Siberia	0.0016530937394694	0.00303243	0.0013793362605306	4437.0	8565.0	4128.0	93.03583502366463
scaffold_1	1270000	1280000	Karelia	0.002818328102552	0.00406395	0.0012456218974480002	4141.0	8339.0	4198.0	101.37647911132576
scaffold_1	1270000	1280000	MIX Amur Basin	0.002224570759348	0.00412869	0.0019041192406519998	3983.0	7982.0	3999.0	100.40170725583731
scaffold_1	1270000	1280000	MIX Central Siberia	0.0017428874246542	0.0051379	0.0033950125753458	4409.0	8096.0	3687.0	83.62440462689953
scaffold_1	1270000	1280000	MIX Sibiryakov Island	0.0024500773128509	0.00430668	0.0018566026871491004	4290.0	8566.0	4276.0	99.67365967365967
scaffold_1	1270000	1280000	North America	0.0012859234332572	0.00298326	0.0016973365667428	3828.0	7344.0	3516.0	91.84952978056427
scaffold_1	1270000	1280000	Northern Ural	0.0015840429446373	0.00542632	0.0038422770553627004	4340.0	8279.0	3939.0	90.76036866359448
scaffold_1	1270000	1280000	Scandinavia	0.0018298886128977	0.0046586	0.0028287113871022997	4094.0	7845.0	3751.0	91.62188568637029
scaffold_1	1270000	1280000	Siberia SC	0.0002251740227122	0.000277078	5.190397728779998e-05	4378.0	8792.0	4414.0	100.82229328460484
scaffold_1	1270000	1280000	West Siberia	0.001880366711219	0.00424554	0.002365173288781	4426.0	8595.0	4169.0	94.19340262087664
scaffold_1	1270000	1280000	admixed	0.0019797256008236	0.00475165	0.0027719243991763997	4362.0	8620.0	4258.0	97.61577258138469
scaffold_1	1280000	1290000	Central Europe	0.0044184217101019	0.01311	0.0086915782898981	4034.0	6617.0	2583.0	64.03073872087258
scaffold_1	1280000	1290000	East Siberia	0.0022820034996104	0.00360799	0.0013259865003896003	4080.0	8513.0	4433.0	108.65196078431372
scaffold_1	1280000	1290000	Karelia	0.0013965365007387	0.00292387	0.0015273334992613	3729.0	8383.0	4654.0	124.80557790292303
scaffold_1	1280000	1290000	MIX Amur Basin	0.0026026652429865	0.00502601	0.0024233447570135	3373.0	7424.0	4051.0	120.10080047435517
scaffold_1	1280000	1290000	MIX Central Siberia	0.0013632738635622	0.00452865	0.0031653761364378004	3991.0	8145.0	4154.0	104.08418942620897
scaffold_1	1280000	1290000	MIX Sibiryakov Island	0.0023925021207204	0.004566	0.0021734978792795996	3408.0	7868.0	4460.0	130.86854460093898
scaffold_1	1280000	1290000	North America	0.0021831607524186	0.00406251	0.0018793492475814	4023.0	8191.0	4168.0	103.60427541635595
scaffold_1	1280000	1290000	Northern Ural	0.0013141298415443	0.00639656	0.0050824301584557	3877.0	7793.0	3916.0	101.00593242197576
scaffold_1	1280000	1290000	Scandinavia	0.0038471427176629	0.00730465	0.0034575072823371	3822.0	7964.0	4142.0	108.37257980115123
scaffold_1	1280000	1290000	Siberia SC	0.0003138195481558	0.000386575	7.27554518442e-05	3918.0	8559.0	4641.0	118.45329249617151
scaffold_1	1280000	1290000	West Siberia	0.0025311030287555	0.00384781	0.0013167069712445001	4048.0	8466.0	4418.0	109.1403162055336
scaffold_1	1280000	1290000	admixed	0.0024361827889844	0.00548479	0.0030486072110156	3666.0	8154.0	4488.0	122.42225859247135
scaffold_1	1290000	1300000	Central Europe	0.0057443815473333	0.014966	0.0092216184526667	3889.0	7397.0	3508.0	90.20313705322705
scaffold_1	1290000	1300000	East Siberia	0.0023534815348702	0.00318935	0.0008358684651298002	3928.0	8346.0	4418.0	112.4745417515275
scaffold_1	1290000	1300000	Karelia	0.0018939261995778	0.00291419	0.0010202638004222	3856.0	8466.0	4610.0	119.5539419087137
scaffold_1	1290000	1300000	MIX Amur Basin	0.003677795887857	0.00820526	0.004527464112143001	3446.0	7787.0	4341.0	125.97214161346488
scaffold_1	1290000	1300000	MIX Central Siberia	0.0012546995306911	0.00400742	0.0027527204693089	3852.0	8330.0	4478.0	116.25129802699897
scaffold_1	1290000	1300000	MIX Sibiryakov Island	0.0029591427796511	0.0105539	0.0075947572203488994	3383.0	7865.0	4482.0	132.48595920780372
scaffold_1	1290000	1300000	North America	0.0027038997662447	0.00479796	0.0020940602337553003	3344.0	7502.0	4158.0	124.3421052631579
scaffold_1	1290000	1300000	Northern Ural	0.0009958024105965	0.00707271	0.0060769075894035	3783.0	7951.0	4168.0	110.17710811525245
scaffold_1	1290000	1300000	Scandinavia	0.0044584543844332	0.00845282	0.0039943656155667995	3836.0	8224.0	4388.0	114.38998957247134
scaffold_1	1290000	1300000	Siberia SC	0.0005277184094567	0.000742702	0.0002149835905433	3832.0	8762.0	4930.0	128.65344467640918
scaffold_1	1290000	1300000	West Siberia	0.0030105524507043	0.00794326	0.004932707549295701	3910.0	8402.0	4492.0	114.8849104859335
scaffold_1	1290000	1300000	admixed	0.0036837691455669	0.00966459	0.0059808208544331	3828.0	8497.0	4669.0	121.96969696969697
scaffold_1	1300000	1310000	Central Europe	0.0093425401905807	0.0169251	0.007582559809419298	3467.0	6566.0	3099.0	89.3856359965388
scaffold_1	1300000	1310000	East Siberia	0.0011683886005301	0.00321866	0.0020502713994699	3500.0	8445.0	4945.0	141.28571428571428
scaffold_1	1300000	1310000	Karelia	0.0012720390099398	0.00280555	0.0015335109900602	3483.0	8593.0	5110.0	146.71260407694515
scaffold_1	1300000	1310000	MIX Amur Basin	0.0026875726553823	0.00499651	0.0023089373446177	3089.0	7856.0	4767.0	154.32178698607964
scaffold_1	1300000	1310000	MIX Central Siberia	0.0011086730663391	0.0044635	0.0033548269336608995	3429.0	8318.0	4889.0	142.5780110819481
scaffold_1	1300000	1310000	MIX Sibiryakov Island	0.0015890635041187	0.00499866	0.0034095964958813004	3291.0	8318.0	5027.0	152.74992403524766
scaffold_1	1300000	1310000	North America	0.0036051799996458	0.00576031	0.0021551300003542	3365.0	7500.0	4135.0	122.88261515601783
scaffold_1	1300000	1310000	Northern Ural	0.0013306944413979	0.00822034	0.006889645558602099	3389.0	7800.0	4411.0	130.1563883151372
scaffold_1	1300000	1310000	Scandinavia	0.0088122545454669	0.0170172	0.0082049454545331	3454.0	8019.0	4565.0	132.1656050955414
scaffold_1	1300000	1310000	Siberia SC	0.0002418845001511	0.00066918	0.0004272954998489	3412.0	8666.0	5254.0	153.98593200468932
scaffold_1	1300000	1310000	West Siberia	0.0013055928109571	0.00384511	0.0025395171890429	3491.0	8607.0	5116.0	146.54826697221426
scaffold_1	1300000	1310000	admixed	0.002014066316308	0.00603637	0.004022303683692	3425.0	8531.0	5106.0	149.08029197080293
scaffold_1	1310000	1320000	Central Europe	0.0033989232897062	0.0112698	0.0078708767102938	3885.0	7279.0	3394.0	87.36164736164737
scaffold_1	1310000	1320000	East Siberia	0.0021842303732719	0.00370153	0.0015172996267281001	3935.0	8366.0	4431.0	112.6048284625159
scaffold_1	1310000	1320000	Karelia	0.0003547886295893	0.000797794	0.0004430053704107	3935.0	8734.0	4799.0	121.95679796696315
scaffold_1	1310000	1320000	MIX Amur Basin	0.0013413359203662	0.00307205	0.0017307140796338002	3444.0	7641.0	4197.0	121.86411149825784
scaffold_1	1310000	1320000	MIX Central Siberia	0.0022539330258678	0.00452953	0.0022755969741322	3850.0	8140.0	4290.0	111.42857142857143
scaffold_1	1310000	1320000	MIX Sibiryakov Island	0.0021467290971648	0.00402715	0.0018804209028352	3797.0	8350.0	4553.0	119.91045562286016
scaffold_1	1310000	1320000	North America	0.0019986939334335	0.00375775	0.0017590560665664999	3882.0	7986.0	4104.0	105.71870170015455
scaffold_1	1310000	1320000	Northern Ural	0.0019611886895162	0.00557165	0.0036104613104838	3805.0	7953.0	4148.0	109.0144546649146
scaffold_1	1310000	1320000	Scandinavia	0.0040912818265628	0.00742153	0.0033302481734371996	3882.0	8278.0	4396.0	113.24059763008758
scaffold_1	1310000	1320000	Siberia SC	0.0001055225081963	0.000364303	0.0002587804918037	3808.0	8604.0	4796.0	125.9453781512605
scaffold_1	1310000	1320000	West Siberia	0.0030553232760574	0.00539815	0.0023428267239426	3921.0	8233.0	4312.0	109.97194593216015
scaffold_1	1310000	1320000	admixed	0.0032117655757064	0.00620436	0.0029925944242935997	3843.0	8289.0	4446.0	115.69086651053864
scaffold_1	1320000	1330000	Central Europe	0.0031146823157004	0.0107512	0.0076365176842996	4131.0	7450.0	3319.0	80.3437424352457
scaffold_1	1320000	1330000	East Siberia	0.0031558162838812	0.00478159	0.0016257737161187997	4186.0	8717.0	4531.0	108.24175824175823
scaffold_1	1320000	1330000	Karelia	0.000245040845011	0.000407901	0.000162860154989	4184.0	8883.0	4699.0	112.30879541108987
scaffold_1	1320000	1330000	MIX Amur Basin	0.003712838332601	0.00642281	0.002709971667399	3705.0	7919.0	4214.0	113.73819163292846
scaffold_1	1320000	1330000	MIX Central Siberia	0.0026011105125767	0.00568349	0.0030823794874233	4093.0	8263.0	4170.0	101.88126068898117
scaffold_1	1320000	1330000	MIX Sibiryakov Island	0.0028935583878746	0.00517505	0.0022814916121253995	4045.0	8522.0	4477.0	110.67985166872683
scaffold_1	1320000	1330000	North America	0.003142673019269	0.00509348	0.0019508069807310001	4124.0	8356.0	4232.0	102.61881668283219
scaffold_1	1320000	1330000	Northern Ural	0.0022314252357886	0.00648356	0.0042521347642114	4056.0	8226.0	4170.0	102.81065088757397
scaffold_1	1320000	1330000	Scandinavia	0.0030917741173929	0.00444284	0.0013510658826071	4124.0	8537.0	4413.0	107.00775945683803
scaffold_1	1320000	1330000	Siberia SC	0.0002404124207035	0.000312886	7.247357929650002e-05	4074.0	8738.0	4664.0	114.48208149239076
scaffold_1	1320000	1330000	West Siberia	0.0044710098497222	0.0075382	0.0030671901502777998	4174.0	8540.0	4366.0	104.59990416866316
scaffold_1	1320000	1330000	admixed	0.0039733666906093	0.00801871	0.0040453433093907	4086.0	8533.0	4447.0	108.83504650024474
scaffold_1	1330000	1340000	Central Europe	0.0035675118963855	0.0112948	0.007727288103614501	4601.0	7710.0	3109.0	67.57226689850032
scaffold_1	1330000	1340000	East Siberia	0.0034672426791914	0.00591596	0.0024487173208085997	4640.0	8874.0	4234.0	91.25
scaffold_1	1330000	1340000	Karelia	0.0004363889503783	0.000563746	0.00012735704962169996	4640.0	9053.0	4413.0	95.10775862068965
scaffold_1	1330000	1340000	MIX Amur Basin	0.0017607028595502	0.00340179	0.0016410871404498	4159.0	8202.0	4043.0	97.21086799711469
scaffold_1	1330000	1340000	MIX Central Siberia	0.001818069307706	0.00480865	0.0029905806922940004	4559.0	8511.0	3952.0	86.68567668348321
scaffold_1	1330000	1340000	MIX Sibiryakov Island	0.0026347536037277	0.00435941	0.0017246563962723003	4527.0	8760.0	4233.0	93.50563286944997
scaffold_1	1330000	1340000	North America	0.0029834097931443	0.0050319	0.0020484902068556997	4595.0	8628.0	4033.0	87.76931447225245
scaffold_1	1330000	1340000	Northern Ural	0.0022494602740492	0.00715029	0.0049008297259508	4538.0	8452.0	3914.0	86.24944909651829
scaffold_1	1330000	1340000	Scandinavia	0.0037617837447835	0.0074032	0.0036414162552165005	4595.0	8708.0	4113.0	89.51033732317737
scaffold_1	1330000	1340000	Siberia SC	3.0271596766186223e-05	0.000270934	0.0002406624032338138	4537.0	8865.0	4328.0	95.3934317831166
scaffold_1	1330000	1340000	West Siberia	0.0030686687992812	0.00542598	0.0023573112007188005	4630.0	8910.0	4280.0	92.44060475161987
scaffold_1	1330000	1340000	admixed	0.0042432594720671	0.00779968	0.0035564205279329	4556.0	8800.0	4244.0	93.15188762071993
scaffold_1	1340000	1350000	Central Europe	0.0023763986772239	0.00748946	0.0051130613227761	5278.0	8077.0	2799.0	53.03145130731337
scaffold_1	1340000	1350000	East Siberia	0.0008171759802983	0.00143109	0.0006139140197017001	5309.0	9221.0	3912.0	73.68619325673384
scaffold_1	1340000	1350000	Karelia	0.0004047501556543	0.000694395	0.0002896448443457	5308.0	9281.0	3973.0	74.84928409947248
scaffold_1	1340000	1350000	MIX Amur Basin	0.0018370478165934	0.00331007	0.0014730221834066	4792.0	8443.0	3651.0	76.18948247078464
scaffold_1	1340000	1350000	MIX Central Siberia	0.0008616597282878	0.00224675	0.0013850902717122	5240.0	8932.0	3692.0	70.45801526717558
scaffold_1	1340000	1350000	MIX Sibiryakov Island	0.0015702035945868	0.00335968	0.0017894764054131999	5200.0	9069.0	3869.0	74.40384615384616
scaffold_1	1340000	1350000	North America	0.0013625775968129	0.00236476	0.0010021824031871001	5274.0	8870.0	3596.0	68.18354190367842
scaffold_1	1340000	1350000	Northern Ural	0.0006723602319599	0.0035856	0.0029132397680401	5215.0	8810.0	3595.0	68.93576222435283
scaffold_1	1340000	1350000	Scandinavia	0.0022414489840087	0.00478979	0.0025483410159913003	5274.0	9072.0	3798.0	72.01365187713311
scaffold_1	1340000	1350000	Siberia SC	9.83722899312448e-05	0.000200754	0.00010238171006875521	5224.0	9183.0	3959.0	75.78483920367535
scaffold_1	1340000	1350000	West Siberia	0.0016942438516468	0.00305661	0.0013623661483532	5298.0	9089.0	3791.0	71.55530388825973
scaffold_1	1340000	1350000	admixed	0.0021152110422432	0.00453317	0.0024179589577568005	5238.0	9112.0	3874.0	73.95952653684613
scaffold_1	1350000	1360000	Central Europe	0.0018359593963243	0.00726491	0.0054289506036757	5268.0	7879.0	2611.0	49.56340167046317
scaffold_1	1350000	1360000	East Siberia	0.0006845433712271	0.00136668	0.0006821366287729001	5291.0	8827.0	3536.0	66.83046683046683
scaffold_1	1350000	1360000	Karelia	0.0004537301837525	0.000952984	0.0004992538162475	5290.0	9143.0	3853.0	72.83553875236295
scaffold_1	1350000	1360000	MIX Amur Basin	0.0021655022756837	0.00366156	0.0014960577243163	4773.0	8248.0	3475.0	72.80536350303792
scaffold_1	1350000	1360000	MIX Central Siberia	0.0009721743357279	0.00287092	0.0018987456642720999	5238.0	8661.0	3423.0	65.34936998854525
scaffold_1	1350000	1360000	MIX Sibiryakov Island	0.0016455704991563	0.00360103	0.0019554595008437	5216.0	8961.0	3745.0	71.79831288343557
scaffold_1	1350000	1360000	North America	0.0017653179920657	0.00372018	0.0019548620079343	5262.0	8567.0	3305.0	62.80881793994679
scaffold_1	1350000	1360000	Northern Ural	0.0011398100849044	0.00463772	0.0034979099150955996	5218.0	8663.0	3445.0	66.02146416251438
scaffold_1	1350000	1360000	Scandinavia	0.0022950317807823	0.00500012	0.0027050882192177004	5262.0	8771.0	3509.0	66.68567084758647
scaffold_1	1350000	1360000	Siberia SC	0.0001334925876484	0.000163038	2.954541235160001e-05	5219.0	9035.0	3816.0	73.11745545123587
scaffold_1	1350000	1360000	West Siberia	0.0013912056829368	0.00319103	0.0017998243170632001	5286.0	8991.0	3705.0	70.09080590238366
scaffold_1	1350000	1360000	admixed	0.0018339426991544	0.00487026	0.0030363173008456004	5230.0	8972.0	3742.0	71.54875717017208
scaffold_1	1360000	1370000	Central Europe	0.0018794049941915	0.00712133	0.0052419250058085	5724.0	8459.0	2735.0	47.78127183787561
scaffold_1	1360000	1370000	East Siberia	0.000826835063158	0.00133523	0.0005083949368419999	5536.0	8661.0	3125.0	56.44869942196532
scaffold_1	1360000	1370000	Karelia	0.0009208286244229	0.00116874	0.0002479113755770999	5343.0	8745.0	3402.0	63.67209432902864
scaffold_1	1360000	1370000	MIX Amur Basin	0.0019000958003639	0.00382882	0.0019287241996361001	5121.0	8306.0	3185.0	62.19488381175552
scaffold_1	1360000	1370000	MIX Central Siberia	0.0010211741512331	0.00272966	0.0017084858487669001	5614.0	8875.0	3261.0	58.08692554328465
scaffold_1	1360000	1370000	MIX Sibiryakov Island	0.001310489466609	0.0025633	0.001252810533391	5232.0	8492.0	3260.0	62.30886850152905
scaffold_1	1360000	1370000	North America	0.0016144939570958	0.00237856	0.0007640660429042	5500.0	8893.0	3393.0	61.690909090909095
scaffold_1	1360000	1370000	Northern Ural	0.0016873707805649	0.00491324	0.0032258692194351004	5583.0	8648.0	3065.0	54.89879992835394
scaffold_1	1360000	1370000	Scandinavia	0.0017411987395313	0.00410509	0.0023638912604686995	5615.0	8916.0	3301.0	58.78895814781835
scaffold_1	1360000	1370000	Siberia SC	0.0002677703654239	0.000361716	9.394563457610001e-05	5650.0	9226.0	3576.0	63.292035398230084
scaffold_1	1360000	1370000	West Siberia	0.0021228288683271	0.00418313	0.0020603011316729	5716.0	8928.0	3212.0	56.19314205738279
scaffold_1	1360000	1370000	admixed	0.0023566339569122	0.00477314	0.0024165060430878004	5606.0	8921.0	3315.0	59.13307170888334
scaffold_1	1370000	1380000	Central Europe	0.0021292224513951	0.00885491	0.0067256875486049	4504.0	7722.0	3218.0	71.44760213143873
scaffold_1	1370000	1380000	East Siberia	0.0008488695385812	0.00193699	0.0010881204614188	4350.0	8582.0	4232.0	97.28735632183908
scaffold_1	1370000	1380000	Karelia	0.002137823719572	0.00466478	0.002526956280428	4446.0	8789.0	4343.0	97.68331084120557
scaffold_1	1370000	1380000	MIX Amur Basin	0.0025569332740036	0.00487018	0.0023132467259964	3886.0	7817.0	3931.0	101.15800308800824
scaffold_1	1370000	1380000	MIX Central Siberia	0.0009406935175377	0.00281336	0.0018726664824623	4376.0	8590.0	4214.0	96.29798903107861
scaffold_1	1370000	1380000	MIX Sibiryakov Island	0.0010887592320817	0.00214472	0.0010559607679183002	4091.0	8332.0	4241.0	103.66658518699585
scaffold_1	1370000	1380000	North America	0.0011641834014102	0.00176722	0.0006030365985897998	4225.0	8277.0	4052.0	95.90532544378698
scaffold_1	1370000	1380000	Northern Ural	0.0010489158594915	0.00466362	0.0036147041405085005	4394.0	8368.0	3974.0	90.44151115157032
scaffold_1	1370000	1380000	Scandinavia	0.0018231961864383	0.00455016	0.0027269638135617004	4493.0	8638.0	4145.0	92.25461829512575
scaffold_1	1370000	1380000	Siberia SC	0.0004489832400376	0.000608447	0.00015946375996240002	4432.0	8817.0	4385.0	98.93953068592057
scaffold_1	1370000	1380000	West Siberia	0.0023527582342489	0.00467909	0.0023263317657511	4397.0	8507.0	4110.0	93.4728223788947
scaffold_1	1370000	1380000	admixed	0.0020307358317386	0.00490508	0.0028743441682614	4441.0	8709.0	4268.0	96.10448097275388
scaffold_1	1380000	1390000	Central Europe	0.0033028444845758	0.0105027	0.0071998555154242	4040.0	6812.0	2772.0	68.61386138613862
scaffold_1	1380000	1390000	East Siberia	0.0024452808827134	0.00323879	0.0007935091172866001	4079.0	8320.0	4241.0	103.97156165726894
scaffold_1	1380000	1390000	Karelia	0.0021785726997521	0.0045561	0.0023775273002479003	4070.0	8559.0	4489.0	110.29484029484028
scaffold_1	1380000	1390000	MIX Amur Basin	0.0043167964404894	0.00737704	0.0030602435595106	3582.0	7589.0	4007.0	111.86487995533221
scaffold_1	1380000	1390000	MIX Central Siberia	0.0019905936299666	0.00550757	0.0035169763700334	4002.0	8056.0	4054.0	101.29935032483759
scaffold_1	1380000	1390000	MIX Sibiryakov Island	0.00463428920942	0.00622699	0.0015927007905799997	3949.0	8297.0	4348.0	110.10382375284881
scaffold_1	1380000	1390000	North America	0.0013540759977555	0.00228321	0.0009291340022445	4025.0	8130.0	4105.0	101.98757763975155
scaffold_1	1380000	1390000	Northern Ural	0.0017343798203638	0.00743267	0.0056982901796362	3950.0	7912.0	3962.0	100.30379746835443
scaffold_1	1380000	1390000	Scandinavia	0.0023180576578359	0.00385847	0.0015404123421641001	4033.0	8254.0	4221.0	104.66154227622117
scaffold_1	1380000	1390000	Siberia SC	0.0001527420782946	0.000423592	0.00027084992170539997	3981.0	8531.0	4550.0	114.29289123335846
scaffold_1	1380000	1390000	West Siberia	0.0025246014276025	0.00418425	0.0016596485723974997	4046.0	8284.0	4238.0	104.74542758279783
scaffold_1	1380000	1390000	admixed	0.0034877557152937	0.00780491	0.0043171542847063	3981.0	8253.0	4272.0	107.30972117558402
scaffold_1	1390000	1400000	Central Europe	0.0035536715306541	0.00986828	0.0063146084693459	4745.0	7291.0	2546.0	53.65648050579558
scaffold_1	1390000	1400000	East Siberia	0.0035504823115826	0.0041108	0.0005603176884174002	4778.0	8601.0	3823.0	80.01255755546254
scaffold_1	1390000	1400000	Karelia	0.0027636696033216	0.00523586	0.0024721903966784	4723.0	8871.0	4148.0	87.82553461782766
scaffold_1	1390000	1400000	MIX Amur Basin	0.0043434548584921	0.00613917	0.0017957151415078998	4251.0	7995.0	3744.0	88.07339449541286
scaffold_1	1390000	1400000	MIX Central Siberia	0.003045744089429	0.00637705	0.0033313059105710002	4711.0	8374.0	3663.0	77.75419231585651
scaffold_1	1390000	1400000	MIX Sibiryakov Island	0.0035350422948035	0.00496668	0.0014316377051965	4526.0	8496.0	3970.0	87.71542200618649
scaffold_1	1390000	1400000	North America	0.0022948164417375	0.00337626	0.0010814435582624997	4703.0	8279.0	3576.0	76.03657240059536
scaffold_1	1390000	1400000	Northern Ural	0.0025825993008258	0.00839569	0.005813090699174201	4635.0	8157.0	3522.0	75.98705501618123
scaffold_1	1390000	1400000	Scandinavia	0.005205550830538	0.00673311	0.0015275591694619995	4730.0	8463.0	3733.0	78.92177589852008
scaffold_1	1390000	1400000	Siberia SC	0.0006402926156834	0.000771397	0.00013110438431659997	4691.0	8763.0	4072.0	86.80451929226177
scaffold_1	1390000	1400000	West Siberia	0.0032641968374059	0.00447151	0.0012073131625940999	4700.0	8666.0	3966.0	84.38297872340425
scaffold_1	1390000	1400000	admixed	0.0039221825248207	0.00763622	0.0037140374751793003	4679.0	8646.0	3967.0	84.78307330626203
scaffold_1	1400000	1410000	Central Europe	0.0015554629300156	0.007479	0.005923537069984401	5140.0	8166.0	3026.0	58.871595330739304
scaffold_1	1400000	1410000	East Siberia	0.0006621105182951	0.00112171	0.0004595994817048999	5170.0	8912.0	3742.0	72.37911025145067
scaffold_1	1400000	1410000	Karelia	0.0015760053272664	0.00218102	0.0006050146727336	5169.0	9061.0	3892.0	75.29502805184755
scaffold_1	1400000	1410000	MIX Amur Basin	0.0022177345327703	0.00301356	0.0007958254672297002	4609.0	8140.0	3531.0	76.6109785202864
scaffold_1	1400000	1410000	MIX Central Siberia	0.002127009637384	0.00376375	0.001636740362616	5092.0	8783.0	3691.0	72.48625294579732
scaffold_1	1400000	1410000	MIX Sibiryakov Island	0.0021695454251566	0.00375482	0.0015852745748433997	5064.0	8830.0	3766.0	74.36808846761454
scaffold_1	1400000	1410000	North America	0.0013750755486462	0.00194188	0.0005668044513538	5138.0	8813.0	3675.0	71.5258855585831
scaffold_1	1400000	1410000	Northern Ural	0.00064588870213	0.00416582	0.00351993129787	5067.0	8538.0	3471.0	68.50207223209
scaffold_1	1400000	1410000	Scandinavia	0.0010856336793859	0.00291267	0.0018270363206141	5138.0	8829.0	3691.0	71.83729077462047
scaffold_1	1400000	1410000	Siberia SC	7.855430842979072e-05	0.000140477	6.192269157020927e-05	5069.0	8944.0	3875.0	76.44505819688301
scaffold_1	1400000	1410000	West Siberia	0.0025151092990588	0.0046779	0.0021627907009411996	5158.0	8878.0	3720.0	72.12097712291586
scaffold_1	1400000	1410000	admixed	0.0029639917432017	0.00548355	0.0025195582567983004	5086.0	8868.0	3782.0	74.3609909555643
scaffold_1	1410000	1420000	Central Europe	0.0021042662147597	0.00848536	0.006381093785240301	3574.0	6456.0	2882.0	80.63794068270845
scaffold_1	1410000	1420000	East Siberia	0.0016488052533462	0.00320201	0.0015532047466537999	3616.0	8253.0	4637.0	128.23561946902655
scaffold_1	1410000	1420000	Karelia	0.0017522633609458	0.00410344	0.0023511766390542	3611.0	8679.0	5068.0	140.3489338133481
scaffold_1	1410000	1420000	MIX Amur Basin	0.0029020133331499	0.00548415	0.0025821366668501	3226.0	7696.0	4470.0	138.56168629882205
scaffold_1	1410000	1420000	MIX Central Siberia	0.001207737448285	0.00481503	0.003607292551715	3541.0	7975.0	4434.0	125.21886472747812
scaffold_1	1410000	1420000	MIX Sibiryakov Island	0.0022255869529525	0.00782848	0.005602893047047501	3513.0	8353.0	4840.0	137.7739823512667
scaffold_1	1410000	1420000	North America	0.0022672787074987	0.00387451	0.0016072312925012999	3565.0	8079.0	4514.0	126.61991584852734
scaffold_1	1410000	1420000	Northern Ural	0.0007399088894781	0.00498393	0.0042440211105219	3513.0	7901.0	4388.0	124.90748647879306
scaffold_1	1410000	1420000	Scandinavia	0.0028112888181351	0.00544579	0.0026345011818649	3565.0	8226.0	4661.0	130.74333800841515
scaffold_1	1410000	1420000	Siberia SC	0.0002376357592201	0.000591881	0.0003542452407799	3532.0	8535.0	5003.0	141.64779161947905
scaffold_1	1410000	1420000	West Siberia	0.0027670241571052	0.00710114	0.0043341158428948	3606.0	8166.0	4560.0	126.4559068219634
scaffold_1	1410000	1420000	admixed	0.0027348100665892	0.00866633	0.0059315199334108	3536.0	8210.0	4674.0	132.18325791855204
scaffold_1	1420000	1430000	Central Europe	0.0027493700487457	0.00910162	0.0063522499512543	3125.0	6159.0	3034.0	97.088
scaffold_1	1420000	1430000	East Siberia	0.0017358546014444	0.00272796	0.0009921053985556003	3186.0	7949.0	4763.0	149.49780288763338
scaffold_1	1420000	1430000	Karelia	0.0025743980749996	0.00599044	0.0034160419250003995	3178.0	8406.0	5228.0	164.5059786028949
scaffold_1	1420000	1430000	MIX Amur Basin	0.0031598103010918	0.00548013	0.0023203196989082	2800.0	7541.0	4741.0	169.32142857142858
scaffold_1	1420000	1430000	MIX Central Siberia	0.0016470123816713	0.00375811	0.0021110976183287	3093.0	7632.0	4539.0	146.75072744907857
scaffold_1	1420000	1430000	MIX Sibiryakov Island	0.0022749444419707	0.00466813	0.0023931855580293	3050.0	8173.0	5123.0	167.9672131147541
scaffold_1	1420000	1430000	North America	0.0021918004806082	0.0032616	0.0010697995193917997	3117.0	7540.0	4423.0	141.89926211100416
scaffold_1	1420000	1430000	Northern Ural	0.0013071234625482	0.00409644	0.0027893165374518	3058.0	7619.0	4561.0	149.14977109221715
scaffold_1	1420000	1430000	Scandinavia	0.0021163705993755	0.00526001	0.0031436394006245	3117.0	7711.0	4594.0	147.38530638434392
scaffold_1	1420000	1430000	Siberia SC	8.418647303777868e-05	0.0010453	0.0009611135269622215	3078.0	8356.0	5278.0	171.4749837556855
scaffold_1	1420000	1430000	West Siberia	0.001591820970493	0.00317269	0.001580869029507	3172.0	8143.0	4971.0	156.71500630517022
scaffold_1	1420000	1430000	admixed	0.0021413187403968	0.00511751	0.0029761912596031996	3087.0	8085.0	4998.0	161.9047619047619
scaffold_1	1430000	1440000	Central Europe	0.0033356604141481	0.0105531	0.007217439585851899	3354.0	6141.0	2787.0	83.09481216457961
scaffold_1	1430000	1440000	East Siberia	0.0016011486900951	0.00459919	0.0029980413099049003	3401.0	8082.0	4681.0	137.63598941487797
scaffold_1	1430000	1440000	Karelia	0.002048681626693	0.00680061	0.004751928373307001	3399.0	8419.0	5020.0	147.69049720506032
scaffold_1	1430000	1440000	MIX Amur Basin	0.0020898166867319	0.00481829	0.0027284733132681	3005.0	7663.0	4658.0	155.00831946755406
scaffold_1	1430000	1440000	MIX Central Siberia	0.0015713245203355	0.00649823	0.0049269054796645	3324.0	7614.0	4290.0	129.06137184115522
scaffold_1	1430000	1440000	MIX Sibiryakov Island	0.0018174911173846	0.00701956	0.0052020688826154	3264.0	8135.0	4871.0	149.234068627451
scaffold_1	1430000	1440000	North America	0.0017770341356234	0.00430439	0.0025273558643766	3347.0	7940.0	4593.0	137.22736779205258
scaffold_1	1430000	1440000	Northern Ural	0.0013776095062225	0.00706223	0.0056846204937775	3289.0	7445.0	4156.0	126.36059592581333
scaffold_1	1430000	1440000	Scandinavia	0.0021939621396682	0.00679194	0.0045979778603318	3347.0	7711.0	4364.0	130.38541977890648
scaffold_1	1430000	1440000	Siberia SC	7.837626766615069e-05	0.000756352	0.0006779757323338493	3310.0	8456.0	5146.0	155.46827794561932
scaffold_1	1430000	1440000	West Siberia	0.0027902720828116	0.00612557	0.0033352979171884004	3389.0	8027.0	4638.0	136.85452935969315
scaffold_1	1430000	1440000	admixed	0.0030327889228627	0.00895216	0.0059193710771373005	3320.0	8067.0	4747.0	142.98192771084337
scaffold_1	1440000	1450000	Central Europe	0.0024656192319462	0.00888537	0.0064197507680537995	3945.0	7087.0	3142.0	79.64512040557668
scaffold_1	1440000	1450000	East Siberia	0.0020445825583706	0.00446783	0.0024232474416294	3981.0	8347.0	4366.0	109.67093695051496
scaffold_1	1440000	1450000	Karelia	0.0020443732799961	0.00460746	0.0025630867200039	3978.0	8837.0	4859.0	122.1468074409251
scaffold_1	1440000	1450000	MIX Amur Basin	0.001991681904557	0.0045456	0.0025539180954430004	3546.0	7777.0	4231.0	119.31754089114494
scaffold_1	1440000	1450000	MIX Central Siberia	0.0016931005245838	0.00445198	0.0027588794754162004	3901.0	8044.0	4143.0	106.2035375544732
scaffold_1	1440000	1450000	MIX Sibiryakov Island	0.0018774534903567	0.0044094	0.0025319465096433	3850.0	8630.0	4780.0	124.15584415584415
scaffold_1	1440000	1450000	North America	0.0017671766286027	0.00387026	0.0021030833713973	3935.0	8147.0	4212.0	107.03939008894537
scaffold_1	1440000	1450000	Northern Ural	0.0017331381868063	0.00553005	0.0037969118131937	3866.0	7871.0	4005.0	103.59544749094671
scaffold_1	1440000	1450000	Scandinavia	0.001537903026877	0.00331203	0.0017741269731230002	3931.0	8143.0	4212.0	107.14830831849402
scaffold_1	1440000	1450000	Siberia SC	0.0004518303861848	0.000718887	0.0002670566138152	3883.0	8754.0	4871.0	125.444244141128
scaffold_1	1440000	1450000	West Siberia	0.0021207003365254	0.00472378	0.0026030796634746002	3962.0	8433.0	4471.0	112.84704694598689
scaffold_1	1440000	1450000	admixed	0.0023914713384175	0.00623241	0.0038409386615825	3895.0	8370.0	4475.0	114.89088575096278
scaffold_1	1450000	1460000	Central Europe	0.002814821358985	0.00923861	0.0064237886410149995	3902.0	6848.0	2946.0	75.49974372116863
scaffold_1	1450000	1460000	East Siberia	0.0013013696653652	0.00418707	0.0028857003346348005	3972.0	8052.0	4080.0	102.7190332326284
scaffold_1	1450000	1460000	Karelia	0.0023057880870468	0.00471122	0.0024054319129532004	3593.0	8236.0	4643.0	129.22349011967717
scaffold_1	1450000	1460000	MIX Amur Basin	0.0026366767111493	0.00568905	0.0030523732888507	3283.0	7440.0	4157.0	126.62199208041424
scaffold_1	1450000	1460000	MIX Central Siberia	0.0014750430177838	0.00487594	0.0034008969822161995	3879.0	7942.0	4063.0	104.74349059035835
scaffold_1	1450000	1460000	MIX Sibiryakov Island	0.0026077580802888	0.00648741	0.0038796519197112	3463.0	7928.0	4465.0	128.93444989893158
scaffold_1	1450000	1460000	North America	0.0032152487460352	0.00499288	0.0017776312539647997	3800.0	7560.0	3760.0	98.94736842105263
scaffold_1	1450000	1460000	Northern Ural	0.0006583145171193	0.00469583	0.0040375154828807	3567.0	7531.0	3964.0	111.12980095318194
scaffold_1	1450000	1460000	Scandinavia	0.0019001224771731	0.00462423	0.0027241075228268997	3830.0	8098.0	4268.0	111.4360313315927
scaffold_1	1450000	1460000	Siberia SC	0.0002706282849288	0.000552327	0.00028169871507120005	3879.0	8568.0	4689.0	120.88167053364269
scaffold_1	1450000	1460000	West Siberia	0.001743531066204	0.00458689	0.0028433589337959995	3699.0	8149.0	4450.0	120.30278453636119
scaffold_1	1450000	1460000	admixed	0.002820939183304	0.00757248	0.004751540816696	3888.0	8341.0	4453.0	114.53189300411523
scaffold_1	1460000	1470000	Central Europe	0.0027320027036892	0.00826169	0.005529687296310801	5738.0	8055.0	2317.0	40.37992331822935
scaffold_1	1460000	1470000	East Siberia	0.0029903438431795	0.00502318	0.0020328361568205003	5773.0	9055.0	3282.0	56.85085743980599
scaffold_1	1460000	1470000	Karelia	0.0033800675503311	0.00503813	0.0016580624496688998	5243.0	8768.0	3525.0	67.23250047682625
scaffold_1	1460000	1470000	MIX Amur Basin	0.0035122902459157	0.00662506	0.0031127697540843003	4579.0	7661.0	3082.0	67.3072723302031
scaffold_1	1460000	1470000	MIX Central Siberia	0.0021483833474052	0.00544976	0.0033013766525947998	5736.0	9025.0	3289.0	57.33960948396095
scaffold_1	1460000	1470000	MIX Sibiryakov Island	0.0034028649413264	0.00509903	0.0016961650586736002	4220.0	7478.0	3258.0	77.20379146919431
scaffold_1	1460000	1470000	North America	0.0015781447506496	0.00322978	0.0016516352493503997	2287.0	4768.0	2481.0	108.4827284652383
scaffold_1	1460000	1470000	Northern Ural	0.0020338152655664	0.00567874	0.0036449247344335998	4818.0	7902.0	3084.0	64.00996264009963
scaffold_1	1460000	1470000	Scandinavia	0.003646244963729	0.00580519	0.002158945036271	5587.0	8692.0	3105.0	55.575442992661536
scaffold_1	1460000	1470000	Siberia SC	0.0006823180576888	0.000751867	6.95489423112e-05	5731.0	9249.0	3518.0	61.38544756586983
scaffold_1	1460000	1470000	West Siberia	0.0023603962442347	0.00493365	0.0025732537557653003	5233.0	8509.0	3276.0	62.60271354863367
scaffold_1	1460000	1470000	admixed	0.0037377812305973	0.00653619	0.0027984087694027	5655.0	8979.0	3324.0	58.779840848806366
scaffold_1	1470000	1480000	Central Europe	0.0069855044967533	0.0132523	0.0062667955032467	3451.0	6362.0	2911.0	84.35236163430889
scaffold_1	1470000	1480000	East Siberia	0.005736588178149	0.0112427	0.005506111821851	3469.0	7507.0	4038.0	116.40242144710291
scaffold_1	1470000	1480000	Karelia	0.0007887168888622	0.00135846	0.0005697431111378	3387.0	8114.0	4727.0	139.56303513433716
scaffold_1	1470000	1480000	MIX Amur Basin	0.0035271565495207	0.00909225	0.0055650934504793	3077.0	7458.0	4381.0	142.37894052648684
scaffold_1	1470000	1480000	MIX Central Siberia	0.0056764812521258	0.0114358	0.0057593187478741995	3419.0	7195.0	3776.0	110.4416496051477
scaffold_1	1470000	1480000	MIX Sibiryakov Island	0.0048247749941381	0.00951477	0.0046899950058619	3218.0	7651.0	4433.0	137.75637041640772
scaffold_1	1470000	1480000	North America	0.0074024129404441	0.0139798	0.006577387059555901	3436.0	7236.0	3800.0	110.59371362048893
scaffold_1	1470000	1480000	Northern Ural	0.0025665659071765	0.00897513	0.006408564092823499	3315.0	7481.0	4166.0	125.67119155354449
scaffold_1	1470000	1480000	Scandinavia	0.0040656631136516	0.00734699	0.0032813268863484003	3399.0	7750.0	4351.0	128.00823771697557
scaffold_1	1470000	1480000	Siberia SC	0.0003026977940898	0.000736237	0.00043353920591020006	3411.0	8535.0	5124.0	150.2198768689534
scaffold_1	1470000	1480000	West Siberia	0.0018076522411334	0.00334668	0.0015390277588665999	3422.0	8037.0	4615.0	134.8626534190532
scaffold_1	1470000	1480000	admixed	0.0066198103206736	0.0145886	0.007968789679326401	3377.0	7979.0	4602.0	136.27480011844833
scaffold_1	1480000	1490000	Central Europe	0.0070718969420818	0.0148162	0.0077443030579182	4442.0	6878.0	2436.0	54.84016208914903
scaffold_1	1480000	1490000	East Siberia	0.0026685719842817	0.00611509	0.0034465180157183	4636.0	8440.0	3804.0	82.053494391717
scaffold_1	1480000	1490000	Karelia	0.0008212447001469	0.0010111	0.00018985529985309998	3949.0	7710.0	3761.0	95.23930108888327
scaffold_1	1480000	1490000	MIX Amur Basin	0.0062047381967388	0.00973687	0.0035321318032611997	3863.0	7490.0	3627.0	93.89075847786694
scaffold_1	1480000	1490000	MIX Central Siberia	0.0052156744757321	0.00964468	0.004429005524267899	4739.0	8553.0	3814.0	80.48111415910529
scaffold_1	1480000	1490000	MIX Sibiryakov Island	0.0033318995467028	0.00700293	0.0036710304532972	3866.0	7249.0	3383.0	87.50646663217796
scaffold_1	1480000	1490000	North America	0.0073326317474276	0.012348	0.0050153682525724	4543.0	7941.0	3398.0	74.79639005062734
scaffold_1	1480000	1490000	Northern Ural	0.0020581846608433	0.0065907	0.0045325153391567	3982.0	7240.0	3258.0	81.81818181818183
scaffold_1	1480000	1490000	Scandinavia	0.0066267348812964	0.010985	0.0043582651187036	4554.0	7941.0	3387.0	74.3741765480896
scaffold_1	1480000	1490000	Siberia SC	0.0005207872920213	0.000863071	0.00034228370797869995	4739.0	8941.0	4202.0	88.66849546317789
scaffold_1	1480000	1490000	West Siberia	0.001603897181823	0.00281547	0.001211572818177	4100.0	7716.0	3616.0	88.19512195121952
scaffold_1	1480000	1490000	admixed	0.0044392083846526	0.00975431	0.005315101615347401	4735.0	8689.0	3954.0	83.50580781414995
scaffold_1	1490000	1500000	Central Europe	0.0016471995676017	0.0077974	0.0061502004323983	4556.0	7301.0	2745.0	60.25021949078139
scaffold_1	1490000	1500000	East Siberia	0.0018225422856865	0.00343155	0.0016090077143134998	4635.0	8386.0	3751.0	80.9277238403452
scaffold_1	1490000	1500000	Karelia	0.0009658462791644	0.00132286	0.00035701372083559997	4371.0	8300.0	3929.0	89.88789750629147
scaffold_1	1490000	1500000	MIX Amur Basin	0.0023518930055734	0.00587319	0.0035212969944266002	4005.0	7615.0	3610.0	90.13732833957553
scaffold_1	1490000	1500000	MIX Central Siberia	0.0016658197624008	0.00392518	0.0022593602375992	4500.0	8328.0	3828.0	85.06666666666666
scaffold_1	1490000	1500000	MIX Sibiryakov Island	0.002037621837685	0.00324649	0.001208868162315	4228.0	7861.0	3633.0	85.9271523178808
scaffold_1	1490000	1500000	North America	0.0017047447301918	0.00343942	0.0017346752698081998	4523.0	8335.0	3812.0	84.2803449038249
scaffold_1	1490000	1500000	Northern Ural	0.0009559749868999	0.00406754	0.0031115650131000997	4341.0	8041.0	3700.0	85.23381709283575
scaffold_1	1490000	1500000	Scandinavia	0.0027438594314969	0.0050485	0.0023046405685031002	4547.0	8475.0	3928.0	86.38662854629426
scaffold_1	1490000	1500000	Siberia SC	0.001163152468547	0.0015786	0.0004154475314530001	4554.0	8847.0	4293.0	94.26877470355731
scaffold_1	1490000	1500000	West Siberia	0.0016417276924509	0.00286355	0.0012218223075491	4499.0	8488.0	3989.0	88.66414758835298
scaffold_1	1490000	1500000	admixed	0.0024409711245918	0.00535948	0.0029185088754081997	4556.0	8624.0	4068.0	89.28884986830553
scaffold_1	1500000	1510000	Central Europe	0.0036105663486237	0.00963124	0.006020673651376299	3768.0	6363.0	2595.0	68.86942675159236
scaffold_1	1500000	1510000	East Siberia	0.0017898186309954	0.00385197	0.0020621513690046002	3890.0	7520.0	3630.0	93.31619537275064
scaffold_1	1500000	1510000	Karelia	0.0011461137126888	0.00179821	0.0006520962873112	3042.0	7013.0	3971.0	130.53911900065748
scaffold_1	1500000	1510000	MIX Amur Basin	0.0023158061469326	0.00419364	0.0018778338530674003	2366.0	5722.0	3356.0	141.8427726120034
scaffold_1	1500000	1510000	MIX Central Siberia	0.0015186887112356	0.00315453	0.0016358412887644	3802.0	7592.0	3790.0	99.68437664387164
scaffold_1	1500000	1510000	MIX Sibiryakov Island	0.0008878396756562	0.00380906	0.0029212203243438	3823.0	8046.0	4223.0	110.4629871828407
scaffold_1	1500000	1510000	North America	0.002411748190386	0.00593771	0.0035259618096139997	3859.0	7440.0	3581.0	92.79606115573984
scaffold_1	1500000	1510000	Northern Ural	0.0010807057722069	0.00521122	0.0041305142277931	3509.0	7002.0	3493.0	99.54402963807352
scaffold_1	1500000	1510000	Scandinavia	0.0029837678299479	0.00765807	0.004674302170052101	3793.0	7385.0	3592.0	94.70076456630635
scaffold_1	1500000	1510000	Siberia SC	0.0002956354866315	0.000729299	0.0004336635133685	3908.0	8390.0	4482.0	114.6878198567042
scaffold_1	1500000	1510000	West Siberia	0.0012661016133978	0.00298944	0.0017233383866022	2904.0	6611.0	3707.0	127.65151515151516
scaffold_1	1500000	1510000	admixed	0.0021759310090131	0.00471952	0.0025435889909868996	3891.0	7811.0	3920.0	100.74530968902596
scaffold_1	1510000	1520000	Central Europe	0.0026388035054674	0.00953874	0.0068999364945326	3989.0	6926.0	2937.0	73.62747555778391
scaffold_1	1510000	1520000	East Siberia	0.0013740103063163	0.00384257	0.0024685596936837003	4039.0	8309.0	4270.0	105.71923743500867
scaffold_1	1510000	1520000	Karelia	0.0006657965865681	0.00193661	0.0012708134134319	4036.0	8835.0	4799.0	118.90485629335976
scaffold_1	1510000	1520000	MIX Amur Basin	0.0017450376303479	0.00329232	0.0015472823696521	3597.0	7852.0	4255.0	118.29302196274674
scaffold_1	1510000	1520000	MIX Central Siberia	0.0009633592348876	0.00384049	0.0028771307651124	3952.0	8349.0	4397.0	111.26012145748987
scaffold_1	1510000	1520000	MIX Sibiryakov Island	0.0012077181907883	0.00292898	0.0017212618092116998	3912.0	8546.0	4634.0	118.4560327198364
scaffold_1	1510000	1520000	North America	0.0012068869593088	0.00242605	0.0012191630406911999	3982.0	8315.0	4333.0	108.81466599698643
scaffold_1	1510000	1520000	Northern Ural	0.0005531874929433	0.00371118	0.0031579925070567	3921.0	7979.0	4058.0	103.4940066309615
scaffold_1	1510000	1520000	Scandinavia	0.0013500815278257	0.0033737	0.0020236184721743	3982.0	8369.0	4387.0	110.17076845806129
scaffold_1	1510000	1520000	Siberia SC	0.0001008537386246	0.000250872	0.00015001826137540003	3931.0	8609.0	4678.0	119.00279827016027
scaffold_1	1510000	1520000	West Siberia	0.0012352705473152	0.00397996	0.0027446894526848	4025.0	8468.0	4443.0	110.38509316770187
scaffold_1	1510000	1520000	admixed	0.0013683277731442	0.00508658	0.0037182522268558002	3947.0	8428.0	4481.0	113.52926273118824
scaffold_1	1520000	1530000	Central Europe	0.0016604710787859	0.00714766	0.0054871889212141	4412.0	7040.0	2628.0	59.56482320942883
scaffold_1	1520000	1530000	East Siberia	0.0027721892134292	0.00565274	0.0028805507865707998	4434.0	8184.0	3750.0	84.57374830852503
scaffold_1	1520000	1530000	Karelia	0.0009253951169772	0.00273453	0.0018091348830228003	4372.0	8690.0	4318.0	98.76486733760292
scaffold_1	1520000	1530000	MIX Amur Basin	0.0035056320346132	0.00660361	0.0030979779653868	4023.0	7862.0	3839.0	95.42629878200349
scaffold_1	1520000	1530000	MIX Central Siberia	0.0019984911805874	0.00647655	0.0044780588194126	4390.0	8356.0	3966.0	90.34168564920273
scaffold_1	1520000	1530000	MIX Sibiryakov Island	0.0020523345305284	0.00474339	0.0026910554694716	4295.0	8552.0	4257.0	99.11525029103608
scaffold_1	1520000	1530000	North America	0.0015162979241842	0.00259759	0.0010812920758157998	4397.0	8200.0	3803.0	86.49078917443713
scaffold_1	1520000	1530000	Northern Ural	0.0010649153325471	0.00596345	0.004898534667452901	4332.0	8044.0	3712.0	85.68790397045245
scaffold_1	1520000	1530000	Scandinavia	0.0020363441162825	0.00580569	0.0037693458837174997	4399.0	8286.0	3887.0	88.36099113434872
scaffold_1	1520000	1530000	Siberia SC	0.0003558831271387	0.000813987	0.00045810387286129996	4373.0	8883.0	4510.0	103.13286073633661
scaffold_1	1520000	1530000	West Siberia	0.0032555898531686	0.00550021	0.0022446201468314	4427.0	8479.0	4052.0	91.5292523153377
scaffold_1	1520000	1530000	admixed	0.0031495571097998	0.00745125	0.0043016928902002	4382.0	8513.0	4131.0	94.27202190780466
scaffold_1	1530000	1540000	Central Europe	0.0034519512840033	0.00862827	0.0051763187159967	3279.0	5924.0	2645.0	80.66483684050016
scaffold_1	1530000	1540000	East Siberia	0.003682255554302	0.00494955	0.0012672944456979997	3310.0	7857.0	4547.0	137.37160120845923
scaffold_1	1530000	1540000	Karelia	0.0021135656406938	0.00420228	0.0020887143593062	3214.0	8224.0	5010.0	155.88052271313006
scaffold_1	1530000	1540000	MIX Amur Basin	0.0027874659807253	0.00506146	0.0022739940192747004	2752.0	7453.0	4701.0	170.82122093023256
scaffold_1	1530000	1540000	MIX Central Siberia	0.0024290865129303	0.00539483	0.0029657434870697	3256.0	7715.0	4459.0	136.94717444717446
scaffold_1	1530000	1540000	MIX Sibiryakov Island	0.0023509259502023	0.00382139	0.0014704640497977001	2980.0	8071.0	5091.0	170.83892617449666
scaffold_1	1530000	1540000	North America	0.0029789385605511	0.00536695	0.0023880114394489	3296.0	7444.0	4148.0	125.8495145631068
scaffold_1	1530000	1540000	Northern Ural	0.0015908835325116	0.00553545	0.0039445664674884	3164.0	7616.0	4452.0	140.7079646017699
scaffold_1	1530000	1540000	Scandinavia	0.0040549973768136	0.00707922	0.0030242226231864	3277.0	7676.0	4399.0	134.2386328959414
scaffold_1	1530000	1540000	Siberia SC	0.0005088895738704	0.000406609	-0.00010228057387039999	3245.0	8381.0	5136.0	158.27426810477658
scaffold_1	1530000	1540000	West Siberia	0.0042612251879809	0.00562227	0.0013610448120191	3267.0	7660.0	4393.0	134.4658708295072
scaffold_1	1530000	1540000	admixed	0.0031547942090227	0.00614472	0.0029899257909773	3254.0	8196.0	4942.0	151.87461585740627
scaffold_1	1540000	1550000	Central Europe	0.0022179102894845	0.00697554	0.0047576297105155	4282.0	7388.0	3106.0	72.53619803829986
scaffold_1	1540000	1550000	East Siberia	0.002356319845632	0.00308603	0.0007297101543679999	4333.0	8731.0	4398.0	101.5001153934918
scaffold_1	1540000	1550000	Karelia	0.0026540313280423	0.00373223	0.0010781986719576998	4329.0	8935.0	4606.0	106.3987063987064
scaffold_1	1540000	1550000	MIX Amur Basin	0.0018459300441921	0.00347797	0.0016320399558079	3800.0	7961.0	4161.0	109.5
scaffold_1	1540000	1550000	MIX Central Siberia	0.0011273061926105	0.00343187	0.0023045638073895	4228.0	8578.0	4350.0	102.88552507095554
scaffold_1	1540000	1550000	MIX Sibiryakov Island	0.0013740912326561	0.00275914	0.0013850487673439003	4193.0	8685.0	4492.0	107.13093250655854
scaffold_1	1540000	1550000	North America	0.002682403704575	0.00503737	0.002354966295425	4274.0	8455.0	4181.0	97.82405240992045
scaffold_1	1540000	1550000	Northern Ural	0.0008804047339509	0.00558607	0.004705665266049101	4203.0	7957.0	3754.0	89.31715441351416
scaffold_1	1540000	1550000	Scandinavia	0.0027544023026089	0.0057273	0.0029728976973911	4274.0	8666.0	4392.0	102.7608797379504
scaffold_1	1540000	1550000	Siberia SC	0.000219420242958	0.000341191	0.00012177075704200002	4209.0	8775.0	4566.0	108.48182466143976
scaffold_1	1540000	1550000	West Siberia	0.0019043287270749	0.00292897	0.0010246412729251	4316.0	8802.0	4486.0	103.93883225208526
scaffold_1	1540000	1550000	admixed	0.0022800357193396	0.00456243	0.0022823942806604	4225.0	8607.0	4382.0	103.71597633136093
scaffold_1	1550000	1560000	Central Europe	0.0049883876157333	0.0119159	0.0069275123842667	4331.0	7065.0	2734.0	63.12629877626414
scaffold_1	1550000	1560000	East Siberia	0.0042388014317671	0.00653963	0.0023008285682329004	4340.0	8486.0	4146.0	95.52995391705069
scaffold_1	1550000	1560000	Karelia	0.0033590857786424	0.00538651	0.0020274242213575997	4345.0	8761.0	4416.0	101.63406214039125
scaffold_1	1550000	1560000	MIX Amur Basin	0.00319033620092	0.00537166	0.0021813237990800003	3213.0	6724.0	3511.0	109.27482103952693
scaffold_1	1550000	1560000	MIX Central Siberia	0.0032359095789521	0.00765133	0.004415420421047899	4303.0	8329.0	4026.0	93.56263072275158
scaffold_1	1550000	1560000	MIX Sibiryakov Island	0.0054496074385066	0.00846863	0.003019022561493399	4109.0	8365.0	4256.0	103.57751277683134
scaffold_1	1550000	1560000	North America	0.0024715980362767	0.00416245	0.0016908519637232997	4340.0	8260.0	3920.0	90.32258064516128
scaffold_1	1550000	1560000	Northern Ural	0.0033641845512321	0.0103062	0.0069420154487679	4277.0	8166.0	3889.0	90.92822071545476
scaffold_1	1550000	1560000	Scandinavia	0.0063935490003611	0.00951761	0.003124060999638899	4193.0	8233.0	4040.0	96.35106129263058
scaffold_1	1550000	1560000	Siberia SC	0.0002425753845564	0.000592538	0.0003499626154436	4295.0	8815.0	4520.0	105.23864959254948
scaffold_1	1550000	1560000	West Siberia	0.0056277796956379	0.00882916	0.003201380304362101	4324.0	8507.0	4183.0	96.73913043478261
scaffold_1	1550000	1560000	admixed	0.0053026228931599	0.00994734	0.004644717106840101	4299.0	8552.0	4253.0	98.92998371714353
scaffold_1	1560000	1570000	Central Europe	0.0104738128108979	0.0226754	0.012201587189102098	5032.0	7420.0	2388.0	47.45627980922099
scaffold_1	1560000	1570000	East Siberia	0.0107853359173922	0.0198722	0.009086864082607799	4952.0	8236.0	3284.0	66.31663974151859
scaffold_1	1560000	1570000	Karelia	0.0061384740913088	0.0179187	0.0117802259086912	2893.0	5673.0	2780.0	96.09402004839266
scaffold_1	1560000	1570000	MIX Amur Basin	0.0084785209286952	0.0137311	0.005252579071304799	2585.0	5237.0	2652.0	102.59187620889749
scaffold_1	1560000	1570000	MIX Central Siberia	0.0040158155487804	0.0142436	0.0102277844512196	4942.0	8440.0	3498.0	70.78106029947389
scaffold_1	1560000	1570000	MIX Sibiryakov Island	0.0134355761961334	0.0261904	0.012754823803866598	3078.0	6279.0	3201.0	103.99610136452242
scaffold_1	1560000	1570000	North America	0.0067421567832611	0.0140308	0.007288643216738899	5029.0	8072.0	3043.0	60.509047524358714
scaffold_1	1560000	1570000	Northern Ural	0.0036913971324363	0.0146872	0.010995802867563699	4073.0	7185.0	3112.0	76.4055978394304
scaffold_1	1560000	1570000	Scandinavia	0.0126863861794997	0.0284332	0.015746813820500298	3799.0	6863.0	3064.0	80.65280336930772
scaffold_1	1560000	1570000	Siberia SC	0.0014806170453302	0.00352501	0.0020443929546697997	4973.0	8975.0	4002.0	80.47456263824652
scaffold_1	1560000	1570000	West Siberia	0.0098283189418253	0.0198665	0.010038181058174698	3438.0	6521.0	3083.0	89.674229203025
scaffold_1	1560000	1570000	admixed	0.0060663976782048	0.0153561	0.009289702321795199	4916.0	8628.0	3712.0	75.50854353132628
scaffold_1	1570000	1580000	Central Europe	0.0019062537152211	0.00460121	0.0026949562847788998	6457.0	8616.0	2159.0	33.436580455319806
scaffold_1	1570000	1580000	East Siberia	0.0063315295620332	0.0108088	0.0044772704379668	6461.0	8586.0	2125.0	32.889645565701905
scaffold_1	1570000	1580000	Karelia	0.0035744226494104	0.00771836	0.004143937350589599	4666.0	6485.0	1819.0	38.984140591513075
scaffold_1	1570000	1580000	MIX Amur Basin	0.0070696803225327	0.00797044	0.0009007596774673002	2207.0	3199.0	992.0	44.94789306751246
scaffold_1	1570000	1580000	MIX Central Siberia	0.0034481987209996	0.00744543	0.0039972312790004004	6565.0	8823.0	2258.0	34.39451637471439
scaffold_1	1570000	1580000	MIX Sibiryakov Island	0.0054988216810683	0.0111132	0.0056143783189317	1571.0	2304.0	733.0	46.65817950350096
scaffold_1	1570000	1580000	North America	0.005701609466778	0.00955353	0.0038519205332219995	6592.0	9117.0	2525.0	38.304004854368934
scaffold_1	1570000	1580000	Northern Ural	0.0038110283372325	0.00788688	0.004075851662767501	6270.0	8326.0	2056.0	32.791068580542266
scaffold_1	1570000	1580000	Scandinavia	0.0010233584439432	0.0025137	0.0014903415560567998	3796.0	5191.0	1395.0	36.74920969441517
scaffold_1	1570000	1580000	Siberia SC	0.0005877237858494	0.00063574	4.801621415059993e-05	6574.0	9369.0	2795.0	42.51597201095223
scaffold_1	1570000	1580000	West Siberia	0.0018180742203554	0.00451266	0.0026945857796446	5256.0	7212.0	1956.0	37.21461187214612
scaffold_1	1570000	1580000	admixed	0.0068396912544798	0.0118388	0.0049991087455202	6492.0	8960.0	2468.0	38.01601971657425
scaffold_1	1580000	1590000	Central Europe	0.0062066002525189	0.014052	0.0078453997474811	4611.0	7513.0	2902.0	62.93645630015181
scaffold_1	1580000	1590000	East Siberia	0.0074860238545956	0.0108227	0.0033366761454043997	4615.0	8514.0	3899.0	84.48537378114843
scaffold_1	1580000	1590000	Karelia	0.002282955770826	0.00354926	0.0012663042291739999	4097.0	7885.0	3788.0	92.45789602147913
scaffold_1	1580000	1590000	MIX Amur Basin	0.0033241620554572	0.00499066	0.0016664979445428002	3965.0	7644.0	3679.0	92.78688524590164
scaffold_1	1580000	1590000	MIX Central Siberia	0.0058393368809832	0.0136273	0.0077879631190168	4562.0	8298.0	3736.0	81.89390618149935
scaffold_1	1580000	1590000	MIX Sibiryakov Island	0.0065597021540643	0.0118934	0.0053336978459357	4168.0	8199.0	4031.0	96.7130518234165
scaffold_1	1580000	1590000	North America	0.0075461925780733	0.0115683	0.0040221074219267	4606.0	8225.0	3619.0	78.57142857142857
scaffold_1	1580000	1590000	Northern Ural	0.0041929137880083	0.0118002	0.007607286211991701	4469.0	8124.0	3655.0	81.78563437010517
scaffold_1	1580000	1590000	Scandinavia	0.0078568663897333	0.0143088	0.0064519336102667	4555.0	8224.0	3669.0	80.54884742041712
scaffold_1	1580000	1590000	Siberia SC	0.0040449576344989	0.00775874	0.0037137823655011004	4550.0	8833.0	4283.0	94.13186813186813
scaffold_1	1580000	1590000	West Siberia	0.0094713447893174	0.0152973	0.0058259552106826006	4504.0	8395.0	3891.0	86.3898756660746
scaffold_1	1580000	1590000	admixed	0.0079671154229873	0.0146548	0.006687684577012701	4437.0	8502.0	4065.0	91.6159567275186
scaffold_1	1590000	1600000	Central Europe	0.0050246506514519	0.00929712	0.004272469348548101	2691.0	3569.0	878.0	32.62727610553697
scaffold_1	1590000	1600000	East Siberia	0.0054914136770543	0.00742718	0.0019357663229457	2178.0	3232.0	1054.0	48.39302112029385
scaffold_1	1590000	1600000	Karelia	0.0025762865270235	0.00302862	0.00045233347297650005	1423.0	2555.0	1132.0	79.55024595924104
scaffold_1	1590000	1600000	MIX Amur Basin	0.0023602427503554	0.00483549	0.0024752472496445996	1873.0	3075.0	1202.0	64.17512012813667
scaffold_1	1590000	1600000	MIX Central Siberia	0.004408798540053	0.00943375	0.0050249514599469995	2528.0	3705.0	1177.0	46.55854430379747
scaffold_1	1590000	1600000	MIX Sibiryakov Island	0.0036181615386708	0.00481002	0.0011918584613291997	1278.0	2303.0	1025.0	80.20344287949922
scaffold_1	1590000	1600000	North America	0.0045428140580891	0.00845632	0.003913505941910899	3091.0	4280.0	1189.0	38.46651569071498
scaffold_1	1590000	1600000	Northern Ural	0.0035026915507217	0.00746571	0.003963018449278301	1921.0	2920.0	999.0	52.00416449765747
scaffold_1	1590000	1600000	Scandinavia	0.0021412781466567	0.00402497	0.0018836918533433	1952.0	3143.0	1191.0	61.01434426229508
scaffold_1	1590000	1600000	Siberia SC	0.001024076464376	0.00166658	0.000642503535624	2300.0	3678.0	1378.0	59.913043478260875
scaffold_1	1590000	1600000	West Siberia	0.0069560333970831	0.00857032	0.001614286602916899	2027.0	3115.0	1088.0	53.67538233843118
scaffold_1	1590000	1600000	admixed	0.0079607463326235	0.0110481	0.0030873536673765006	1973.0	3265.0	1292.0	65.4840344652813
scaffold_1	1600000	1610000	Central Europe	0.0043352999267017	0.0109594	0.0066241000732983	3745.0	7483.0	3738.0	99.81308411214953
scaffold_1	1600000	1610000	East Siberia	0.0021768245040939	0.00489912	0.0027222954959061	3781.0	8147.0	4366.0	115.47209732874902
scaffold_1	1600000	1610000	Karelia	0.002497548507445	0.00561509	0.0031175414925549995	3779.0	8704.0	4925.0	130.3254829319926
scaffold_1	1600000	1610000	MIX Amur Basin	0.0058094163673811	0.0109133	0.005103883632618901	3302.0	7715.0	4413.0	133.64627498485765
scaffold_1	1600000	1610000	MIX Central Siberia	0.0020628851472168	0.00656635	0.0045034648527832	3720.0	8025.0	4305.0	115.7258064516129
scaffold_1	1600000	1610000	MIX Sibiryakov Island	0.0020466924642837	0.00535904	0.0033123475357162997	3624.0	8440.0	4816.0	132.89183222958056
scaffold_1	1600000	1610000	North America	0.0033494988976741	0.00813218	0.004782681102325899	3735.0	7868.0	4133.0	110.65595716198126
scaffold_1	1600000	1610000	Northern Ural	0.0008966687667544	0.00550486	0.0046081912332456	3673.0	7831.0	4158.0	113.20446501497415
scaffold_1	1600000	1610000	Scandinavia	0.0042596420488166	0.00868347	0.0044238279511834	3725.0	7973.0	4248.0	114.04026845637586
scaffold_1	1600000	1610000	Siberia SC	7.061113941160747e-05	0.000326368	0.00025575686058839254	3708.0	8829.0	5121.0	138.10679611650485
scaffold_1	1600000	1610000	West Siberia	0.0025602035263708	0.00556861	0.0030084064736292	3777.0	8538.0	4761.0	126.05242255758537
scaffold_1	1600000	1610000	admixed	0.0028453117584476	0.00597679	0.0031314782415524	3711.0	8429.0	4718.0	127.13554298032874
scaffold_1	1610000	1620000	Central Europe	0.0080892653421636	0.0148499	0.0067606346578364	4424.0	7475.0	3051.0	68.96473779385171
scaffold_1	1610000	1620000	East Siberia	0.002447033409851	0.00451757	0.0020705365901490004	4454.0	8629.0	4175.0	93.73596766951056
scaffold_1	1610000	1620000	Karelia	0.0011576892351988	0.00209675	0.0009390607648012	4454.0	8760.0	4306.0	96.67714414009879
scaffold_1	1610000	1620000	MIX Amur Basin	0.0050682279280991	0.0134245	0.0083562720719009	4002.0	7860.0	3858.0	96.40179910044976
scaffold_1	1610000	1620000	MIX Central Siberia	0.0018020043547592	0.00548771	0.0036857056452408	4386.0	8496.0	4110.0	93.70725034199727
scaffold_1	1610000	1620000	MIX Sibiryakov Island	0.0022372597425498	0.00414885	0.0019115902574502	4360.0	8565.0	4205.0	96.44495412844036
scaffold_1	1610000	1620000	North America	0.001074732625685	0.00240878	0.001334047374315	4421.0	8334.0	3913.0	88.5093870165121
scaffold_1	1610000	1620000	Northern Ural	0.0011820898908894	0.00577078	0.0045886901091106	4362.0	8257.0	3895.0	89.29390187987161
scaffold_1	1610000	1620000	Scandinavia	0.0065951176000008	0.0160535	0.009458382399999198	4421.0	8387.0	3966.0	89.70821081203347
scaffold_1	1610000	1620000	Siberia SC	0.0002038714558944	0.000297928	9.405654410559998e-05	4366.0	8710.0	4344.0	99.49610627576729
scaffold_1	1610000	1620000	West Siberia	0.0034034274998334	0.00644441	0.0030409825001666	4446.0	8549.0	4103.0	92.28520017993702
scaffold_1	1610000	1620000	admixed	0.0018614574351161	0.00552792	0.0036664625648839006	4376.0	8634.0	4258.0	97.3034734917733
scaffold_1	1620000	1630000	Central Europe	0.0024023150135983	0.00500145	0.0025991349864017002	3724.0	6820.0	3096.0	83.13641245972073
scaffold_1	1620000	1630000	East Siberia	0.0043098190375587	0.0090781	0.0047682809624413	3783.0	7933.0	4150.0	109.70129526830559
scaffold_1	1620000	1630000	Karelia	0.0007704365992152	0.00146971	0.0006992734007847999	3748.0	8368.0	4620.0	123.26574172892208
scaffold_1	1620000	1630000	MIX Amur Basin	0.0053443283685807	0.0107914	0.0054470716314193	3339.0	7492.0	4153.0	124.37855645402816
scaffold_1	1620000	1630000	MIX Central Siberia	0.0044928770789469	0.0126358	0.0081429229210531	3703.0	7793.0	4090.0	110.45098568728058
scaffold_1	1620000	1630000	MIX Sibiryakov Island	0.0038712467267716	0.005133	0.0012617532732284004	3671.0	8390.0	4719.0	128.54807954235903
scaffold_1	1620000	1630000	North America	0.0011994394258345	0.00208227	0.0008828305741655001	3735.0	8030.0	4295.0	114.99330655957164
scaffold_1	1620000	1630000	Northern Ural	0.0029790398035844	0.0114861	0.008507060196415601	3669.0	7778.0	4109.0	111.99236849277732
scaffold_1	1620000	1630000	Scandinavia	0.0055724259734694	0.0109716	0.005399174026530599	3735.0	7966.0	4231.0	113.2797858099063
scaffold_1	1620000	1630000	Siberia SC	0.0003048288927405	0.000448946	0.00014411710725949998	3692.0	8492.0	4800.0	130.01083423618635
scaffold_1	1620000	1630000	West Siberia	0.0048741838442326	0.0063416	0.0014674161557673999	3778.0	8337.0	4559.0	120.6723133933298
scaffold_1	1620000	1630000	admixed	0.0033739361319809	0.00951373	0.0061397938680191	3697.0	8176.0	4479.0	121.15228563700298
scaffold_1	1630000	1640000	Central Europe	0.0034187971044179	0.0109295	0.0075107028955821	4147.0	7550.0	3403.0	82.05931999035447
scaffold_1	1630000	1640000	East Siberia	0.0031909764761929	0.00843198	0.0052410035238071	4191.0	8256.0	4065.0	96.99355762347889
scaffold_1	1630000	1640000	Karelia	0.0006489744970447	0.00210776	0.0014587855029553002	4187.0	8751.0	4564.0	109.0040601862909
scaffold_1	1630000	1640000	MIX Amur Basin	0.0039235331970752	0.00892556	0.005002026802924801	3694.0	7805.0	4111.0	111.28857606930156
scaffold_1	1630000	1640000	MIX Central Siberia	0.0025274266480166	0.0101956	0.007668173351983401	4102.0	8147.0	4045.0	98.61043393466602
scaffold_1	1630000	1640000	MIX Sibiryakov Island	0.0025830391455222	0.00793622	0.005353180854477801	4065.0	8540.0	4475.0	110.0861008610086
scaffold_1	1630000	1640000	North America	0.0016429140757992	0.00322888	0.0015859659242008	4142.0	8311.0	4169.0	100.65185900531144
scaffold_1	1630000	1640000	Northern Ural	0.0016885453942121	0.00897081	0.007282264605787899	4068.0	8028.0	3960.0	97.34513274336283
scaffold_1	1630000	1640000	Scandinavia	0.003871923668356	0.00885201	0.004980086331644	4142.0	8406.0	4264.0	102.94543698696282
scaffold_1	1630000	1640000	Siberia SC	6.819003198112499e-05	0.000387485	0.00031929496801887504	4073.0	8702.0	4629.0	113.65087159342009
scaffold_1	1630000	1640000	West Siberia	0.0025163810576292	0.00673606	0.0042196789423708005	4181.0	8486.0	4305.0	102.96579765606315
scaffold_1	1630000	1640000	admixed	0.0029738302934179	0.0101498	0.007175969706582101	4090.0	8467.0	4377.0	107.01711491442542
scaffold_1	1640000	1650000	Central Europe	0.0038592119488386	0.0126789	0.0088196880511614	4154.0	7043.0	2889.0	69.5474241694752
scaffold_1	1640000	1650000	East Siberia	0.0034268155245878	0.00635983	0.0029330144754122003	4185.0	8141.0	3956.0	94.52807646356034
scaffold_1	1640000	1650000	Karelia	0.0031028201530656	0.00620983	0.0031070098469344	4181.0	8856.0	4675.0	111.81535517818703
scaffold_1	1640000	1650000	MIX Amur Basin	0.0062479612789924	0.0120196	0.0057716387210076	3700.0	7811.0	4111.0	111.10810810810811
scaffold_1	1640000	1650000	MIX Central Siberia	0.0025407830570766	0.00723279	0.0046920069429234	4129.0	8245.0	4116.0	99.685153790264
scaffold_1	1640000	1650000	MIX Sibiryakov Island	0.002705885999442	0.00609655	0.003390664000558	4079.0	8536.0	4457.0	109.26697720029419
scaffold_1	1640000	1650000	North America	0.0015409868985773	0.00276433	0.0012233431014227	4002.0	7946.0	3944.0	98.55072463768117
scaffold_1	1640000	1650000	Northern Ural	0.0023422828839067	0.00807381	0.005731527116093301	4080.0	7816.0	3736.0	91.56862745098039
scaffold_1	1640000	1650000	Scandinavia	0.0040700831831135	0.00876885	0.0046987668168865	4149.0	8183.0	4034.0	97.22824777054711
scaffold_1	1640000	1650000	Siberia SC	0.0001609681668446	0.000321012	0.00016004383315540002	4116.0	8863.0	4747.0	115.3304178814383
scaffold_1	1640000	1650000	West Siberia	0.0036485356084429	0.0072764	0.0036278643915571	4175.0	8361.0	4186.0	100.2634730538922
scaffold_1	1640000	1650000	admixed	0.0042283943550172	0.00865708	0.0044286856449828	4124.0	8293.0	4169.0	101.09117361784674
scaffold_1	1650000	1660000	Central Europe	0.00457774693699	0.01225	0.00767225306301	4281.0	6911.0	2630.0	61.43424433543565
scaffold_1	1650000	1660000	East Siberia	0.0045087229038434	0.00866885	0.0041601270961566005	4342.0	8417.0	4075.0	93.85076001842468
scaffold_1	1650000	1660000	Karelia	0.0058683641003837	0.00889512	0.0030267558996162998	4268.0	8599.0	4331.0	101.47610121836925
scaffold_1	1650000	1660000	MIX Amur Basin	0.0071790354547456	0.0144951	0.0073160645452544	4005.0	7866.0	3861.0	96.40449438202248
scaffold_1	1650000	1660000	MIX Central Siberia	0.0035362476309347	0.00956331	0.006027062369065301	4355.0	8334.0	3979.0	91.3662456946039
scaffold_1	1650000	1660000	MIX Sibiryakov Island	0.004325047488715	0.00837969	0.004054642511285	3595.0	7808.0	4213.0	117.19054242002782
scaffold_1	1650000	1660000	North America	0.0056407492252302	0.00795051	0.0023097607747697988	4346.0	7951.0	3605.0	82.94983893235158
scaffold_1	1650000	1660000	Northern Ural	0.0028105840519674	0.00871709	0.0059065059480326	4042.0	7947.0	3905.0	96.61058881741712
scaffold_1	1650000	1660000	Scandinavia	0.0063209861436868	0.0102491	0.0039281138563132005	4307.0	8283.0	3976.0	92.31483631297888
scaffold_1	1650000	1660000	Siberia SC	0.0008224367388306	0.00132244	0.0005000032611694001	4354.0	8850.0	4496.0	103.26136885622417
scaffold_1	1650000	1660000	West Siberia	0.0040070919893561	0.00734271	0.0033356180106439	4238.0	8317.0	4079.0	96.24823029731006
scaffold_1	1650000	1660000	admixed	0.0039702217964868	0.00924812	0.005277898203513201	4191.0	8407.0	4216.0	100.59651634454785
scaffold_1	1660000	1670000	Central Europe	0.0037862087728555	0.00799118	0.0042049712271445	4012.0	6824.0	2812.0	70.08973080757727
scaffold_1	1660000	1670000	East Siberia	0.0020991953571748	0.00421128	0.0021120846428252004	4042.0	8319.0	4277.0	105.8139534883721
scaffold_1	1660000	1670000	Karelia	0.0014191672526002	0.00322895	0.0018097827473998	4046.0	8779.0	4733.0	116.97973306969847
scaffold_1	1660000	1670000	MIX Amur Basin	0.0050623197107245	0.00904777	0.0039854502892755	3509.0	7579.0	4070.0	115.98746081504703
scaffold_1	1660000	1670000	MIX Central Siberia	0.001483295929205	0.00493514	0.003451844070795	3958.0	8033.0	4075.0	102.95603840323395
scaffold_1	1660000	1670000	MIX Sibiryakov Island	0.0023034849603669	0.00474053	0.0024370450396331	3876.0	8391.0	4515.0	116.4860681114551
scaffold_1	1660000	1670000	North America	0.0024357256503755	0.00413375	0.0016980243496245002	3998.0	8032.0	4034.0	100.90045022511256
scaffold_1	1660000	1670000	Northern Ural	0.0012502473440865	0.00537808	0.0041278326559135	3898.0	7896.0	3998.0	102.5654181631606
scaffold_1	1660000	1670000	Scandinavia	0.0037270156149872	0.0080347	0.0043076843850128	3998.0	8292.0	4294.0	107.40370185092547
scaffold_1	1660000	1670000	Siberia SC	0.0004112506774938	0.000948192	0.0005369413225062001	3965.0	8582.0	4617.0	116.4438839848676
scaffold_1	1660000	1670000	West Siberia	0.0023611981133621	0.00376943	0.0014082318866378996	4016.0	8384.0	4368.0	108.76494023904382
scaffold_1	1660000	1670000	admixed	0.003384747911452	0.00697335	0.003588602088548	3933.0	8367.0	4434.0	112.73836765827612
scaffold_1	1670000	1680000	Central Europe	0.001963766872505	0.00573748	0.0037737131274949995	4591.0	7595.0	3004.0	65.4323676758876
scaffold_1	1670000	1680000	East Siberia	0.0021964205509718	0.00402913	0.0018327094490281997	4638.0	8478.0	3840.0	82.79430789133248
scaffold_1	1670000	1680000	Karelia	0.000442714417821	0.000597632	0.00015491758217899996	4635.0	8890.0	4255.0	91.8015102481122
scaffold_1	1670000	1680000	MIX Amur Basin	0.0030085794472207	0.0068179	0.0038093205527793	4159.0	7896.0	3737.0	89.85333012743449
scaffold_1	1670000	1680000	MIX Central Siberia	0.0014110391438083	0.00441625	0.0030052108561917003	4557.0	8354.0	3797.0	83.32236120254554
scaffold_1	1670000	1680000	MIX Sibiryakov Island	0.001610571739657	0.00325141	0.0016408382603430001	4527.0	8642.0	4115.0	90.89905014358295
scaffold_1	1670000	1680000	North America	0.0005919631063373	0.0017253	0.0011333368936626998	4589.0	8344.0	3755.0	81.82610590542602
scaffold_1	1670000	1680000	Northern Ural	0.001361397682834	0.00546881	0.0041074123171660004	4532.0	8117.0	3585.0	79.10414827890556
scaffold_1	1670000	1680000	Scandinavia	0.0025708855241486	0.00552989	0.0029590044758514	4589.0	8528.0	3939.0	85.8356940509915
scaffold_1	1670000	1680000	Siberia SC	0.0001580499072976	0.000285779	0.0001277290927024	4539.0	8745.0	4206.0	92.66358228684733
scaffold_1	1670000	1680000	West Siberia	0.0016528532912776	0.00344844	0.0017955867087224	4629.0	8584.0	3955.0	85.43961978829121
scaffold_1	1670000	1680000	admixed	0.0018998851827887	0.00514734	0.0032474548172113002	4553.0	8569.0	4016.0	88.20557873929278
scaffold_1	1680000	1690000	Central Europe	0.0016408561212304	0.00559482	0.0039539638787696	4764.0	8149.0	3385.0	71.05373635600336
scaffold_1	1680000	1690000	East Siberia	0.001645568162653	0.00329181	0.001646241837347	4820.0	8821.0	4001.0	83.00829875518673
scaffold_1	1680000	1690000	Karelia	0.0003575943141417	0.000506718	0.00014912368585829998	4818.0	9063.0	4245.0	88.10709838107098
scaffold_1	1680000	1690000	MIX Amur Basin	0.0016682241573301	0.00370067	0.0020324458426699	4265.0	8059.0	3794.0	88.95662368112544
scaffold_1	1680000	1690000	MIX Central Siberia	0.0009977312652962	0.00401599	0.0030182587347037998	4724.0	8621.0	3897.0	82.49364944961897
scaffold_1	1680000	1690000	MIX Sibiryakov Island	0.0013959007049298	0.00358954	0.0021936392950702	4697.0	8748.0	4051.0	86.246540344901
scaffold_1	1680000	1690000	North America	0.0009720729044288	0.00188875	0.0009166770955712	4760.0	8641.0	3881.0	81.53361344537815
scaffold_1	1680000	1690000	Northern Ural	0.0007987840645337	0.00427503	0.0034762459354663	4698.0	8285.0	3587.0	76.35163899531716
scaffold_1	1680000	1690000	Scandinavia	0.002437802422277	0.00447306	0.002035257577723	4760.0	8846.0	4086.0	85.84033613445378
scaffold_1	1680000	1690000	Siberia SC	0.0003229458967163	0.000230667	-9.227889671630001e-05	4698.0	8883.0	4185.0	89.08045977011494
scaffold_1	1680000	1690000	West Siberia	0.0017160797315915	0.00286657	0.0011504902684085002	4804.0	8748.0	3944.0	82.09825145711906
scaffold_1	1680000	1690000	admixed	0.0016516300976948	0.00402784	0.0023762099023052004	4721.0	8807.0	4086.0	86.54945986019911
scaffold_1	1690000	1700000	Central Europe	0.0027035614440256	0.00805376	0.005350198555974401	4018.0	7043.0	3025.0	75.28621204579393
scaffold_1	1690000	1700000	East Siberia	0.003490055320211	0.00640551	0.002915454679789	4069.0	8434.0	4365.0	107.27451462275744
scaffold_1	1690000	1700000	Karelia	0.0025899932903297	0.00427761	0.0016876167096703002	4065.0	8632.0	4567.0	112.34932349323495
scaffold_1	1690000	1700000	MIX Amur Basin	0.0041347482131857	0.00800658	0.0038718317868142995	3631.0	7688.0	4057.0	111.7323051500964
scaffold_1	1690000	1700000	MIX Central Siberia	0.0023036452735	0.0060149	0.0037112547265	3990.0	8277.0	4287.0	107.44360902255639
scaffold_1	1690000	1700000	MIX Sibiryakov Island	0.0030237032309632	0.005958	0.0029342967690368	3943.0	8422.0	4479.0	113.59371037281258
scaffold_1	1690000	1700000	North America	0.0013388847041725	0.00314659	0.0018077052958274998	4012.0	8135.0	4123.0	102.7666999002991
scaffold_1	1690000	1700000	Northern Ural	0.0024461099750281	0.0084976	0.006051490024971899	3962.0	7907.0	3945.0	99.57092377587077
scaffold_1	1690000	1700000	Scandinavia	0.0038080799669246	0.00834411	0.0045360300330754	4012.0	8303.0	4291.0	106.95413758723828
scaffold_1	1690000	1700000	Siberia SC	0.0001991266213769	0.000181509	-1.761762137690001e-05	3973.0	8631.0	4658.0	117.24137931034481
scaffold_1	1690000	1700000	West Siberia	0.0036884812340253	0.00651604	0.0028275587659747	4053.0	8348.0	4295.0	105.97088576363187
scaffold_1	1690000	1700000	admixed	0.004558387477605	0.00872858	0.004170192522394999	3987.0	8433.0	4446.0	111.51241534988714
scaffold_1	1700000	1710000	Central Europe	0.0017083194403411	0.00587558	0.0041672605596589	4992.0	7809.0	2817.0	56.43028846153846
scaffold_1	1700000	1710000	East Siberia	0.0020584321261927	0.00319903	0.0011405978738072997	5026.0	8750.0	3724.0	74.09470752089136
scaffold_1	1700000	1710000	Karelia	0.0015215436030277	0.00240705	0.0008855063969723	5025.0	9068.0	4043.0	80.45771144278608
scaffold_1	1700000	1710000	MIX Amur Basin	0.0036200381577158	0.00580338	0.0021833418422842004	4519.0	8248.0	3729.0	82.51825625138305
scaffold_1	1700000	1710000	MIX Central Siberia	0.0015520846572103	0.00351366	0.0019615753427897	4956.0	8588.0	3632.0	73.28490718321227
scaffold_1	1700000	1710000	MIX Sibiryakov Island	0.0020908254578907	0.0037453	0.0016544745421093001	4928.0	8888.0	3960.0	80.35714285714286
scaffold_1	1700000	1710000	North America	0.0030294672718969	0.0050106	0.0019811327281030995	4985.0	8616.0	3631.0	72.83851554663991
scaffold_1	1700000	1710000	Northern Ural	0.001276163055381	0.00447875	0.003202586944619	4935.0	8507.0	3572.0	72.38095238095238
scaffold_1	1700000	1710000	Scandinavia	0.0027194887115094	0.0057187	0.0029992112884906002	4985.0	8786.0	3801.0	76.24874623871615
scaffold_1	1700000	1710000	Siberia SC	0.0001410206929311	0.000386091	0.00024507030706889994	4937.0	9119.0	4182.0	84.70731213287421
scaffold_1	1700000	1710000	West Siberia	0.0022591502769148	0.00335745	0.0010982997230852003	5015.0	8931.0	3916.0	78.08574277168493
scaffold_1	1700000	1710000	admixed	0.0025540649602425	0.00457688	0.0020228150397575	4953.0	8879.0	3926.0	79.26509186351706
scaffold_1	1710000	1720000	Central Europe	0.0008084067146285	0.00405502	0.0032466132853715005	4786.0	7700.0	2914.0	60.88591725867113
scaffold_1	1710000	1720000	East Siberia	0.0015269591819634	0.00376992	0.0022429608180366	4814.0	8803.0	3989.0	82.86248442044038
scaffold_1	1710000	1720000	Karelia	0.0012190187512718	0.00260254	0.0013835212487282	4638.0	8538.0	3900.0	84.08796895213455
scaffold_1	1710000	1720000	MIX Amur Basin	0.001227130745203	0.00344553	0.0022183992547969997	4095.0	7637.0	3542.0	86.4957264957265
scaffold_1	1710000	1720000	MIX Central Siberia	0.0011956490316484	0.00378323	0.0025875809683515998	4515.0	8330.0	3815.0	84.49612403100775
scaffold_1	1710000	1720000	MIX Sibiryakov Island	0.001303315568395	0.00391301	0.0026096944316049996	4366.0	8078.0	3712.0	85.02061383417315
scaffold_1	1710000	1720000	North America	0.0007652978816041	0.00137448	0.0006091821183959	4589.0	8311.0	3722.0	81.10699498801482
scaffold_1	1710000	1720000	Northern Ural	0.000989480740031	0.00492453	0.003935049259969	4421.0	7922.0	3501.0	79.19022845510065
scaffold_1	1710000	1720000	Scandinavia	0.0007410317734782	0.00163045	0.0008894182265218001	4732.0	8487.0	3755.0	79.35333896872359
scaffold_1	1710000	1720000	Siberia SC	0.0006631640930945	0.000751063	8.789890690549991e-05	4756.0	8926.0	4170.0	87.67872161480236
scaffold_1	1710000	1720000	West Siberia	0.0014486529319832	0.00253131	0.0010826570680168002	4690.0	8486.0	3796.0	80.93816631130065
scaffold_1	1710000	1720000	admixed	0.0017387929897854	0.0046424	0.0029036070102146	4757.0	8863.0	4106.0	86.31490435148203
scaffold_1	1720000	1730000	Central Europe	0.0021430537205108	0.00808276	0.0059397062794891995	4547.0	7622.0	3075.0	67.62700681768199
scaffold_1	1720000	1730000	East Siberia	0.0022227983924849	0.00436073	0.0021379316075151003	4596.0	8826.0	4230.0	92.03655352480418
scaffold_1	1720000	1730000	Karelia	0.0013102115619845	0.00375023	0.0024400184380154997	4593.0	8855.0	4262.0	92.79338123231004
scaffold_1	1720000	1730000	MIX Amur Basin	0.0049303104353335	0.00894961	0.0040192995646665	4090.0	7927.0	3837.0	93.81418092909536
scaffold_1	1720000	1730000	MIX Central Siberia	0.0009088591451388	0.00396468	0.0030558208548612	4510.0	8573.0	4063.0	90.08869179600887
scaffold_1	1720000	1730000	MIX Sibiryakov Island	0.0024418014828885	0.0058253	0.0033834985171115003	4474.0	8665.0	4191.0	93.67456414841305
scaffold_1	1720000	1730000	North America	0.0014333571661659	0.00348808	0.0020547228338341	4540.0	8333.0	3793.0	83.54625550660792
scaffold_1	1720000	1730000	Northern Ural	0.0017101647587116	0.00682333	0.0051131652412884	4478.0	8285.0	3807.0	85.01563197856186
scaffold_1	1720000	1730000	Scandinavia	0.002507583762351	0.00510838	0.002600796237649	4540.0	8508.0	3968.0	87.40088105726872
scaffold_1	1720000	1730000	Siberia SC	0.0002446229209621	0.000420666	0.0001760430790379	4480.0	8844.0	4364.0	97.41071428571428
scaffold_1	1720000	1730000	West Siberia	0.0022527061750428	0.00434546	0.0020927538249572	4580.0	8707.0	4127.0	90.10917030567686
scaffold_1	1720000	1730000	admixed	0.0023871587944367	0.00520595	0.0028187912055633	4505.0	8750.0	4245.0	94.22863485016649
scaffold_1	1730000	1740000	Central Europe	0.0029063033562999	0.00879156	0.0058852566437001	4652.0	7381.0	2729.0	58.662940670679276
scaffold_1	1730000	1740000	East Siberia	0.0019155137884361	0.00459499	0.0026794762115639	4687.0	8542.0	3855.0	82.24877320247494
scaffold_1	1730000	1740000	Karelia	0.0028826142989205	0.00543711	0.0025544957010795004	4682.0	8912.0	4230.0	90.34600598035027
scaffold_1	1730000	1740000	MIX Amur Basin	0.0022642285170042	0.00429255	0.0020283214829958	4216.0	7946.0	3730.0	88.47248576850095
scaffold_1	1730000	1740000	MIX Central Siberia	0.0018521928099378	0.00696792	0.0051157271900622	4620.0	8406.0	3786.0	81.94805194805195
scaffold_1	1730000	1740000	MIX Sibiryakov Island	0.0026870016960696	0.00634734	0.0036603383039304	4581.0	8671.0	4090.0	89.28181619733682
scaffold_1	1730000	1740000	North America	0.0018912279396651	0.00315307	0.0012618420603349	4645.0	8606.0	3961.0	85.27448869752422
scaffold_1	1730000	1740000	Northern Ural	0.0014227059781726	0.00699129	0.0055685840218274	4597.0	8288.0	3691.0	80.29149445290406
scaffold_1	1730000	1740000	Scandinavia	0.002970650987485	0.00764009	0.004669439012515	4645.0	8480.0	3835.0	82.56189451022605
scaffold_1	1730000	1740000	Siberia SC	0.0002604798396557	0.000554049	0.00029356916034430005	4607.0	8858.0	4251.0	92.27262860863902
scaffold_1	1730000	1740000	West Siberia	0.0029248327350012	0.00654482	0.0036199872649987997	4675.0	8624.0	3949.0	84.47058823529412
scaffold_1	1730000	1740000	admixed	0.0025911880639111	0.00720865	0.0046174619360889	4616.0	8668.0	4052.0	87.78162911611786
scaffold_1	1740000	1750000	Central Europe	0.0048750955255612	0.0129279	0.008052804474438801	4565.0	7445.0	2880.0	63.088718510405265
scaffold_1	1740000	1750000	East Siberia	0.0038567881806305	0.00738291	0.0035261218193695003	4600.0	8743.0	4143.0	90.06521739130436
scaffold_1	1740000	1750000	Karelia	0.0017555314322683	0.00286251	0.0011069785677317	4599.0	9017.0	4418.0	96.06436181778648
scaffold_1	1740000	1750000	MIX Amur Basin	0.0030395538360863	0.00668425	0.0036446961639137	4133.0	8069.0	3936.0	95.2334865714977
scaffold_1	1740000	1750000	MIX Central Siberia	0.0028166645139908	0.00829449	0.0054778254860092	4535.0	8563.0	4028.0	88.82028665931642
scaffold_1	1740000	1750000	MIX Sibiryakov Island	0.003448325283419	0.00715269	0.0037043647165809998	4471.0	8639.0	4168.0	93.22299261910088
scaffold_1	1740000	1750000	North America	0.0013137849262342	0.0023925	0.0010787150737658002	4555.0	8547.0	3992.0	87.63995609220636
scaffold_1	1740000	1750000	Northern Ural	0.0011110945163294	0.00721294	0.0061018454836706	4492.0	8196.0	3704.0	82.45770258236865
scaffold_1	1740000	1750000	Scandinavia	0.0041295119775618	0.00934373	0.005214218022438199	4556.0	8400.0	3844.0	84.37225636523266
scaffold_1	1740000	1750000	Siberia SC	0.0002011125463129	0.000597278	0.0003961654536871	4518.0	8892.0	4374.0	96.81274900398407
scaffold_1	1740000	1750000	West Siberia	0.0039990030564971	0.00705683	0.0030578269435029004	4599.0	8564.0	3965.0	86.21439443357252
scaffold_1	1740000	1750000	admixed	0.0044945878796455	0.00896733	0.004472742120354501	4528.0	8632.0	4104.0	90.63604240282686
scaffold_1	1750000	1760000	Central Europe	0.0032246166040902	0.00970488	0.006480263395909801	4624.0	7683.0	3059.0	66.15484429065745
scaffold_1	1750000	1760000	East Siberia	0.0025675005947831	0.00482533	0.0022578294052169002	4670.0	8858.0	4188.0	89.67880085653105
scaffold_1	1750000	1760000	Karelia	0.0011884364868308	0.00262671	0.0014382735131692	4664.0	9085.0	4421.0	94.78987993138936
scaffold_1	1750000	1760000	MIX Amur Basin	0.0032365807519508	0.00616614	0.0029295592480491997	4173.0	8150.0	3977.0	95.30313922837287
scaffold_1	1750000	1760000	MIX Central Siberia	0.001807368644524	0.00572132	0.003913951355476	4602.0	8699.0	4097.0	89.0265102129509
scaffold_1	1750000	1760000	MIX Sibiryakov Island	0.0026432814829921	0.00572924	0.0030859585170079002	4566.0	8820.0	4254.0	93.16688567674113
scaffold_1	1750000	1760000	North America	0.0010910312642299	0.00210008	0.0010090487357700998	4619.0	8557.0	3938.0	85.256549036588
scaffold_1	1750000	1760000	Northern Ural	0.0015284112379881	0.00753413	0.0060057187620119	4571.0	8396.0	3825.0	83.67971997374754
scaffold_1	1750000	1760000	Scandinavia	0.0036547712293209	0.00902658	0.005371808770679099	4619.0	8389.0	3770.0	81.61939813812513
scaffold_1	1750000	1760000	Siberia SC	0.0005669207758371	0.00095399	0.0003870692241629	4578.0	8941.0	4363.0	95.303626037571
scaffold_1	1750000	1760000	West Siberia	0.0030560275833877	0.00543245	0.0023764224166123	4656.0	8770.0	4114.0	88.35910652920961
scaffold_1	1750000	1760000	admixed	0.0032920453671515	0.00744417	0.004152124632848499	4598.0	8924.0	4326.0	94.08438451500652
scaffold_1	1760000	1770000	Central Europe	0.0045304447780626	0.0115354	0.007004955221937399	4134.0	7488.0	3354.0	81.13207547169812
scaffold_1	1760000	1770000	East Siberia	0.0021479476599823	0.00386244	0.0017144923400177	4178.0	8872.0	4694.0	112.35040689325035
scaffold_1	1760000	1770000	Karelia	0.0016987091654033	0.0039144	0.0022156908345967	4176.0	8904.0	4728.0	113.2183908045977
scaffold_1	1760000	1770000	MIX Amur Basin	0.0024512687117377	0.00366637	0.0012151012882623	3715.0	7995.0	4280.0	115.20861372812921
scaffold_1	1760000	1770000	MIX Central Siberia	0.0016691106077484	0.00508005	0.0034109393922516	4089.0	8546.0	4457.0	108.99975544142822
scaffold_1	1760000	1770000	MIX Sibiryakov Island	0.0014958707424931	0.00363717	0.0021412992575068996	4059.0	8699.0	4640.0	114.3138704114314
scaffold_1	1760000	1770000	North America	0.0010900236033272	0.00259702	0.0015069963966727999	4130.0	8550.0	4420.0	107.02179176755449
scaffold_1	1760000	1770000	Northern Ural	0.0017087840176766	0.00622573	0.004516945982323399	4060.0	8282.0	4222.0	103.99014778325125
scaffold_1	1760000	1770000	Scandinavia	0.0047325470152139	0.00985855	0.005126002984786101	4130.0	8436.0	4306.0	104.26150121065376
scaffold_1	1760000	1770000	Siberia SC	0.0	0.000180828	0.000180828	4067.0	8879.0	4812.0	118.31817064175067
scaffold_1	1760000	1770000	West Siberia	0.0015079905905786	0.00367044	0.0021624494094214	4162.0	8644.0	4482.0	107.68861124459394
scaffold_1	1760000	1770000	admixed	0.0027883602172327	0.00661579	0.0038274297827673	4084.0	8696.0	4612.0	112.9285014691479
scaffold_1	1770000	1780000	Central Europe	0.0023663947221709	0.0105239	0.008157505277829099	3454.0	6283.0	2829.0	81.90503763752172
scaffold_1	1770000	1780000	East Siberia	0.001283705252731	0.0033816	0.0020978947472689996	3478.0	8100.0	4622.0	132.89246693502014
scaffold_1	1770000	1780000	Karelia	0.000822901182138	0.00189501	0.001072108817862	3475.0	8593.0	5118.0	147.28057553956836
scaffold_1	1770000	1780000	MIX Amur Basin	0.0022688954871041	0.0047534	0.0024845045128958996	3053.0	7557.0	4504.0	147.52702260072058
scaffold_1	1770000	1780000	MIX Central Siberia	0.0007021039290385	0.00406221	0.0033601060709615	3429.0	8007.0	4578.0	133.50831146106736
scaffold_1	1770000	1780000	MIX Sibiryakov Island	0.0015367456595109	0.00375566	0.0022189143404891002	3404.0	8376.0	4972.0	146.06345475910695
scaffold_1	1770000	1780000	North America	0.0018849191627785	0.00423657	0.0023516508372215003	3447.0	7823.0	4376.0	126.95097185958805
scaffold_1	1770000	1780000	Northern Ural	0.0006684075281657	0.00466089	0.0039924824718343	3408.0	7742.0	4334.0	127.17136150234742
scaffold_1	1770000	1780000	Scandinavia	0.0020657938882858	0.00415199	0.0020861961117142	3447.0	7908.0	4461.0	129.41688424717145
scaffold_1	1770000	1780000	Siberia SC	0.0004106397599852	0.000562134	0.00015149424001480004	3413.0	8529.0	5116.0	149.8974509229417
scaffold_1	1770000	1780000	West Siberia	0.002071250376218	0.00386403	0.001792779623782	3470.0	8339.0	4869.0	140.3170028818444
scaffold_1	1770000	1780000	admixed	0.0015052608258904	0.00495411	0.0034488491741096004	3425.0	8310.0	4885.0	142.62773722627736
scaffold_1	1780000	1790000	Central Europe	0.0049344402586364	0.01264	0.0077055597413636006	2415.0	5543.0	3128.0	129.52380952380952
scaffold_1	1780000	1790000	East Siberia	0.0037137342438465	0.00673164	0.0030179057561534996	2449.0	7732.0	5283.0	215.7207023274806
scaffold_1	1780000	1790000	Karelia	0.0022256023483836	0.00531336	0.0030877576516163997	2444.0	8086.0	5642.0	230.85106382978725
scaffold_1	1780000	1790000	MIX Amur Basin	0.0063236751264881	0.0094047	0.0030810248735119	2137.0	7140.0	5003.0	234.11324286382776
scaffold_1	1780000	1790000	MIX Central Siberia	0.0034033373149861	0.00722874	0.0038254026850139	2384.0	7567.0	5183.0	217.40771812080536
scaffold_1	1780000	1790000	MIX Sibiryakov Island	0.0030921993470224	0.00522518	0.0021329806529776004	2349.0	7970.0	5621.0	239.29331630481053
scaffold_1	1780000	1790000	North America	0.0020586466205439	0.00426604	0.0022073933794560996	2408.0	7253.0	4845.0	201.20431893687706
scaffold_1	1780000	1790000	Northern Ural	0.002116891998527	0.00693594	0.004819048001473	2349.0	7116.0	4767.0	202.9374201787995
scaffold_1	1780000	1790000	Scandinavia	0.003556958450015	0.00868514	0.005128181549984999	2406.0	7313.0	4907.0	203.9484621778886
scaffold_1	1780000	1790000	Siberia SC	0.0001772225679156	0.00064815	0.0004709274320844	2370.0	8131.0	5761.0	243.0801687763713
scaffold_1	1780000	1790000	West Siberia	0.0027793395445023	0.00564782	0.0028684804554976995	2444.0	7796.0	5352.0	218.98527004909982
scaffold_1	1780000	1790000	admixed	0.0038442324933586	0.00774477	0.0039005375066413998	2374.0	7637.0	5263.0	221.6933445661331
scaffold_1	1790000	1800000	Central Europe	0.0043622726418326	0.0131497	0.0087874273581674	2784.0	6019.0	3235.0	116.19971264367817
scaffold_1	1790000	1800000	East Siberia	0.0020406379811007	0.00434558	0.0023049420188993	2825.0	7669.0	4844.0	171.4690265486726
scaffold_1	1790000	1800000	Karelia	0.0024459227980719	0.00349996	0.0010540372019281	2757.0	8288.0	5531.0	200.61661225970258
scaffold_1	1790000	1800000	MIX Amur Basin	0.0050275611904587	0.00611737	0.0010898088095412997	2504.0	7627.0	5123.0	204.5926517571885
scaffold_1	1790000	1800000	MIX Central Siberia	0.0018288245914821	0.00597263	0.0041438054085179	2739.0	7492.0	4753.0	173.53048557867834
scaffold_1	1790000	1800000	MIX Sibiryakov Island	0.0027387557549285	0.00445642	0.0017176642450714998	2700.0	8047.0	5347.0	198.03703703703704
scaffold_1	1790000	1800000	North America	0.00305253659435	0.00647873	0.0034261934056500003	2774.0	7569.0	4795.0	172.85508291276136
scaffold_1	1790000	1800000	Northern Ural	0.0014858635408377	0.00582227	0.0043364064591623	2722.0	7047.0	4325.0	158.8905216752388
scaffold_1	1790000	1800000	Scandinavia	0.0038758639784733	0.00758774	0.0037118760215267	2774.0	7826.0	5052.0	182.11968276856524
scaffold_1	1790000	1800000	Siberia SC	0.0005373635600335	0.000827024	0.00028966043996650004	2732.0	8278.0	5546.0	203.00146412884334
scaffold_1	1790000	1800000	West Siberia	0.0022886175756735	0.00386226	0.0015736424243265002	2806.0	7929.0	5123.0	182.57305773342839
scaffold_1	1790000	1800000	admixed	0.0031571036769605	0.00627824	0.0031211363230395	2736.0	7861.0	5125.0	187.3172514619883
scaffold_1	1800000	1810000	Central Europe	0.0021862319098753	0.00873437	0.0065481380901247	3431.0	6424.0	2993.0	87.2340425531915
scaffold_1	1800000	1810000	East Siberia	0.0023066188185272	0.00572866	0.0034220411814728	3470.0	7691.0	4221.0	121.64265129682997
scaffold_1	1800000	1810000	Karelia	0.0010271827241032	0.00363539	0.0026082072758967997	3463.0	8409.0	4946.0	142.82414091827894
scaffold_1	1800000	1810000	MIX Amur Basin	0.0030646466982768	0.00767859	0.0046139433017232	3099.0	7567.0	4468.0	144.17554049693447
scaffold_1	1800000	1810000	MIX Central Siberia	0.0021639015855298	0.00701902	0.0048551184144702	3404.0	7552.0	4148.0	121.85663924794359
scaffold_1	1800000	1810000	MIX Sibiryakov Island	0.0019231483200297	0.00603547	0.0041123216799703	3347.0	8172.0	4825.0	144.15894831192114
scaffold_1	1800000	1810000	North America	0.0026624926625402	0.00504271	0.0023802173374597997	3413.0	7682.0	4269.0	125.08057427483152
scaffold_1	1800000	1810000	Northern Ural	0.0014902530031117	0.00663003	0.005139776996888301	3370.0	7224.0	3854.0	114.36201780415429
scaffold_1	1800000	1810000	Scandinavia	0.0020881195405241	0.00536488	0.0032767604594758997	3424.0	7510.0	4086.0	119.33411214953271
scaffold_1	1800000	1810000	Siberia SC	0.0001219370100503	0.000677044	0.0005551069899497	3394.0	8501.0	5107.0	150.47142015321157
scaffold_1	1800000	1810000	West Siberia	0.0025722487063716	0.00547935	0.0029071012936284	3458.0	7876.0	4418.0	127.76171197223829
scaffold_1	1800000	1810000	admixed	0.002893877193183	0.00738248	0.004488602806817	3397.0	8011.0	4614.0	135.82572858404473
scaffold_1	1810000	1820000	Central Europe	0.0048681357092591	0.0105594	0.0056912642907409	3315.0	6307.0	2992.0	90.25641025641026
scaffold_1	1810000	1820000	East Siberia	0.0072349374708295	0.0114837	0.0042487625291705	3360.0	7716.0	4356.0	129.64285714285714
scaffold_1	1810000	1820000	Karelia	0.0024267873843292	0.00452994	0.0021031526156707996	3361.0	8465.0	5104.0	151.85956560547456
scaffold_1	1810000	1820000	MIX Amur Basin	0.0029361382105329	0.00568501	0.0027488717894670997	2995.0	7853.0	4858.0	162.20367278797997
scaffold_1	1810000	1820000	MIX Central Siberia	0.0024164540192306	0.00775614	0.0053396859807694	3284.0	7486.0	4202.0	127.9537149817296
scaffold_1	1810000	1820000	MIX Sibiryakov Island	0.005807589986484	0.00934214	0.003534550013516001	3238.0	8219.0	4981.0	153.8295243977764
scaffold_1	1810000	1820000	North America	0.0020369045172057	0.00373454	0.0016976354827943	3266.0	7899.0	4633.0	141.85548071034907
scaffold_1	1810000	1820000	Northern Ural	0.0022660371107352	0.00825065	0.0059846128892648	3261.0	7369.0	4108.0	125.9736277215578
scaffold_1	1810000	1820000	Scandinavia	0.0077337761086873	0.0130221	0.0052883238913127	3304.0	7848.0	4544.0	137.53026634382564
scaffold_1	1810000	1820000	Siberia SC	0.0002769726608399	0.000740093	0.00046312033916010004	3264.0	8630.0	5366.0	164.39950980392157
scaffold_1	1810000	1820000	West Siberia	0.0069996228329268	0.0102279	0.0032282771670731998	3356.0	8133.0	4777.0	142.34207389749702
scaffold_1	1810000	1820000	admixed	0.0055272118909235	0.0112864	0.005759188109076501	3279.0	8171.0	4892.0	149.19182677645622
scaffold_1	1820000	1830000	Central Europe	0.0046687203706327	0.00871105	0.0040423296293672995	4330.0	7484.0	3154.0	72.84064665127022
scaffold_1	1820000	1830000	East Siberia	0.0025938822782996	0.00514731	0.0025534277217004004	4361.0	8218.0	3857.0	88.4430176565008
scaffold_1	1820000	1830000	Karelia	0.0009753560049418	0.00458689	0.0036115339950581996	2923.0	6684.0	3761.0	128.66917550461855
scaffold_1	1820000	1830000	MIX Amur Basin	0.002808551424832	0.00549203	0.002683478575168	3884.0	8180.0	4296.0	110.6076210092688
scaffold_1	1820000	1830000	MIX Central Siberia	0.001585411230147	0.00520937	0.0036239587698529995	4254.0	8207.0	3953.0	92.92430653502586
scaffold_1	1820000	1830000	MIX Sibiryakov Island	0.0012616283350924	0.00467016	0.0034085316649075997	4152.0	8678.0	4526.0	109.00770712909443
scaffold_1	1820000	1830000	North America	0.0031360698805047	0.0057904	0.0026543301194953003	4328.0	8010.0	3682.0	85.07393715341959
scaffold_1	1820000	1830000	Northern Ural	0.0013722693512553	0.00645795	0.0050856806487447	4261.0	7875.0	3614.0	84.81577094578738
scaffold_1	1820000	1830000	Scandinavia	0.003011472943703	0.00539681	0.002385337056297	4325.0	8354.0	4029.0	93.15606936416185
scaffold_1	1820000	1830000	Siberia SC	0.0002132191569874	0.000880927	0.0006677078430126	4294.0	8866.0	4572.0	106.4741499767117
scaffold_1	1820000	1830000	West Siberia	0.0032831899481806	0.00474083	0.0014576400518193995	4352.0	8547.0	4195.0	96.39246323529412
scaffold_1	1820000	1830000	admixed	0.0032569401685509	0.00568767	0.0024307298314490996	4295.0	8593.0	4298.0	100.06984866123399
scaffold_1	1830000	1840000	Central Europe	0.0071090726649878	0.0136509	0.0065418273350122	4722.0	6867.0	2145.0	45.42566709021601
scaffold_1	1830000	1840000	East Siberia	0.005392660868535	0.0132038	0.007811139131465	4823.0	7596.0	2773.0	57.49533485382542
scaffold_1	1830000	1840000	Karelia	0.0030346379267242	0.00620307	0.0031684320732757996	3597.0	6712.0	3115.0	86.59994439810954
scaffold_1	1830000	1840000	MIX Amur Basin	0.0056501546918116	0.00913138	0.0034812253081883994	3938.0	6646.0	2708.0	68.76587100050787
scaffold_1	1830000	1840000	MIX Central Siberia	0.0042389003280367	0.013169	0.008930099671963301	4130.0	7031.0	2901.0	70.24213075060533
scaffold_1	1830000	1840000	MIX Sibiryakov Island	0.0024693096494183	0.00561541	0.0031461003505817	3068.0	6222.0	3154.0	102.80312907431552
scaffold_1	1830000	1840000	North America	0.0062876375186161	0.011321	0.005033362481383899	4797.0	7463.0	2666.0	55.57640191786534
scaffold_1	1830000	1840000	Northern Ural	0.0017042974209173	0.0110023	0.0092980025790827	4113.0	6743.0	2630.0	63.94359348407489
scaffold_1	1830000	1840000	Scandinavia	0.0077417336930694	0.0173563	0.0096145663069306	4204.0	6899.0	2695.0	64.10561370123692
scaffold_1	1830000	1840000	Siberia SC	0.0005163458466977	0.000859309	0.00034296315330230006	5237.0	8577.0	3340.0	63.77697154859653
scaffold_1	1830000	1840000	West Siberia	0.0055151748458612	0.0129201	0.0074049251541388	4106.0	7000.0	2894.0	70.48222113979541
scaffold_1	1830000	1840000	admixed	0.0043639042916218	0.0110796	0.0067156957083782005	4402.0	7467.0	3065.0	69.62744207178555
scaffold_1	1840000	1850000	Central Europe	0.0029562277656644	0.008149	0.0051927722343355995	4989.0	7955.0	2966.0	59.450791741832035
scaffold_1	1840000	1850000	East Siberia	0.0024631373445949	0.00397866	0.0015155226554051	5059.0	8908.0	3849.0	76.08222968966199
scaffold_1	1840000	1850000	Karelia	0.0009381592749301	0.00127809	0.00033993072506989996	4455.0	8518.0	4063.0	91.20089786756454
scaffold_1	1840000	1850000	MIX Amur Basin	0.0021657814162227	0.00478572	0.0026199385837773004	4468.0	8081.0	3613.0	80.863921217547
scaffold_1	1840000	1850000	MIX Central Siberia	0.0017672457491327	0.00378285	0.0020156042508673	4814.0	8483.0	3669.0	76.21520565018696
scaffold_1	1840000	1850000	MIX Sibiryakov Island	0.002797277503985	0.00464034	0.0018430624960149998	4359.0	8304.0	3945.0	90.50240880935995
scaffold_1	1840000	1850000	North America	0.0023473471162386	0.00441106	0.0020637128837613997	4811.0	8394.0	3583.0	74.47516108917065
scaffold_1	1840000	1850000	Northern Ural	0.0016582871544972	0.00565639	0.0039981028455028	4626.0	8150.0	3524.0	76.17812364894077
scaffold_1	1840000	1850000	Scandinavia	0.0018154075747365	0.00412394	0.0023085324252635005	4811.0	8629.0	3818.0	79.35980045728539
scaffold_1	1840000	1850000	Siberia SC	0.0002581953814604	0.000762759	0.0005045636185395999	4983.0	9049.0	4066.0	81.59743126630545
scaffold_1	1840000	1850000	West Siberia	0.0026910389399518	0.00388723	0.0011961910600482	4810.0	8701.0	3891.0	80.89397089397089
scaffold_1	1840000	1850000	admixed	0.0025718616990262	0.00539709	0.0028252283009738	4978.0	8724.0	3746.0	75.25110486139012
scaffold_1	1850000	1860000	Central Europe	0.00523873070976	0.0115852	0.00634646929024	4305.0	6796.0	2491.0	57.862950058072
scaffold_1	1850000	1860000	East Siberia	0.0026868859188228	0.00371063	0.0010237440811772	4436.0	8459.0	4023.0	90.68981064021641
scaffold_1	1850000	1860000	Karelia	0.0023701404068074	0.00323582	0.0008656795931925999	4008.0	8486.0	4478.0	111.72654690618762
scaffold_1	1850000	1860000	MIX Amur Basin	0.0021932873954332	0.00382932	0.0016360326045668002	3054.0	7027.0	3973.0	130.09168303863785
scaffold_1	1850000	1860000	MIX Central Siberia	0.0027359893812135	0.00518112	0.0024451306187865	3583.0	7497.0	3914.0	109.23806865754955
scaffold_1	1850000	1860000	MIX Sibiryakov Island	0.0053501396039444	0.0101725	0.004822360396055599	3506.0	7812.0	4306.0	122.81802624073018
scaffold_1	1850000	1860000	North America	0.0034707570066089	0.00488123	0.0014104729933911001	4303.0	8079.0	3776.0	87.75273065303277
scaffold_1	1850000	1860000	Northern Ural	0.0037723873049011	0.00778003	0.004007642695098901	3878.0	7535.0	3657.0	94.30118617844249
scaffold_1	1850000	1860000	Scandinavia	0.0029289887926766	0.00562154	0.0026925512073234003	4198.0	8078.0	3880.0	92.42496426869938
scaffold_1	1850000	1860000	Siberia SC	0.0006706727075659	0.00103705	0.00036637729243410013	4369.0	8848.0	4479.0	102.5177386129549
scaffold_1	1850000	1860000	West Siberia	0.0060105919830946	0.0100552	0.004044608016905401	3997.0	7962.0	3965.0	99.19939954966225
scaffold_1	1850000	1860000	admixed	0.0041803255335699	0.00764952	0.0034691944664300995	4260.0	8510.0	4250.0	99.76525821596243
scaffold_1	1860000	1870000	Central Europe	0.0038064411937749	0.0125102	0.008703758806225101	4436.0	7342.0	2906.0	65.50946798917944
scaffold_1	1860000	1870000	East Siberia	0.0046900040325927	0.00839395	0.003703945967407301	4485.0	8455.0	3970.0	88.51727982162765
scaffold_1	1860000	1870000	Karelia	0.002517388226393	0.00616439	0.0036470017736069996	4482.0	8824.0	4342.0	96.87639446675591
scaffold_1	1860000	1870000	MIX Amur Basin	0.0028394166739521	0.00575262	0.0029132033260479	3978.0	7983.0	4005.0	100.6787330316742
scaffold_1	1860000	1870000	MIX Central Siberia	0.0020627604243267	0.00796576	0.005902999575673301	4409.0	8213.0	3804.0	86.27806758902246
scaffold_1	1860000	1870000	MIX Sibiryakov Island	0.0039112410518504	0.0099384	0.0060271589481496	4379.0	8606.0	4227.0	96.52888787394383
scaffold_1	1860000	1870000	North America	0.0011409341376122	0.00225267	0.0011117358623878	4429.0	8436.0	4007.0	90.47188981711447
scaffold_1	1860000	1870000	Northern Ural	0.0019995519783875	0.0088354	0.0068358480216125	4383.0	8102.0	3719.0	84.85055897786904
scaffold_1	1860000	1870000	Scandinavia	0.0059996015720996	0.0109081	0.004908498427900401	4429.0	8430.0	4001.0	90.33641905622036
scaffold_1	1860000	1870000	Siberia SC	0.0008432274849786	0.00142609	0.0005828625150214001	4385.0	8726.0	4341.0	98.99657924743444
scaffold_1	1860000	1870000	West Siberia	0.0045618088022677	0.00929635	0.0047345411977323	4471.0	8587.0	4116.0	92.05994184746142
scaffold_1	1860000	1870000	admixed	0.0045357826092538	0.00985831	0.005322527390746201	4404.0	8600.0	4196.0	95.2770208900999
scaffold_1	1870000	1880000	Central Europe	0.0041134816036578	0.0104324	0.006318918396342199	3563.0	6581.0	3018.0	84.70390120684816
scaffold_1	1870000	1880000	East Siberia	0.003418368188421	0.00673292	0.003314551811579	3597.0	8004.0	4407.0	122.5187656380317
scaffold_1	1870000	1880000	Karelia	0.0018050151372962	0.00233206	0.0005270448627037998	3577.0	8307.0	4730.0	132.2337154039698
scaffold_1	1870000	1880000	MIX Amur Basin	0.002348697072082	0.00439939	0.0020506929279180005	3161.0	7430.0	4269.0	135.05219867130654
scaffold_1	1870000	1880000	MIX Central Siberia	0.0022415249083069	0.00743187	0.0051903450916931	3497.0	7707.0	4210.0	120.38890477552187
scaffold_1	1870000	1880000	MIX Sibiryakov Island	0.0016311493275024	0.00419435	0.0025632006724976004	3463.0	8056.0	4593.0	132.6306670516893
scaffold_1	1870000	1880000	North America	0.0011889935481163	0.00219783	0.0010088364518837	3541.0	8003.0	4462.0	126.00960180739904
scaffold_1	1870000	1880000	Northern Ural	0.0016276010522312	0.00613517	0.004507568947768799	3467.0	7447.0	3980.0	114.79665416786848
scaffold_1	1870000	1880000	Scandinavia	0.0047763908932811	0.00871193	0.003935539106718899	3550.0	7984.0	4434.0	124.90140845070424
scaffold_1	1870000	1880000	Siberia SC	0.000375280138695	0.000700205	0.00032492486130499996	3496.0	8414.0	4918.0	140.67505720823797
scaffold_1	1870000	1880000	West Siberia	0.0030619532281966	0.00652706	0.0034651067718034	3576.0	8119.0	4543.0	127.0413870246085
scaffold_1	1870000	1880000	admixed	0.002811924917188	0.00711105	0.0042991250828119994	3513.0	8146.0	4633.0	131.8815826928551
scaffold_1	1880000	1890000	Central Europe	0.0052760236282012	0.0122373	0.0069612763717988	5126.0	7799.0	2673.0	52.14592274678112
scaffold_1	1880000	1890000	East Siberia	0.0053389284312856	0.0103551	0.005016171568714401	5164.0	8534.0	3370.0	65.2594887683966
scaffold_1	1880000	1890000	Karelia	0.0037034790331963	0.00706807	0.0033645909668037002	5067.0	8811.0	3744.0	73.8898756660746
scaffold_1	1880000	1890000	MIX Amur Basin	0.0038642225464937	0.00565761	0.0017933874535063002	4443.0	7687.0	3244.0	73.01372946207518
scaffold_1	1880000	1890000	MIX Central Siberia	0.0037314240511948	0.0114245	0.007693075948805201	5085.0	8322.0	3237.0	63.657817109144545
scaffold_1	1880000	1890000	MIX Sibiryakov Island	0.0005601921508651	0.00331493	0.0027547378491348997	4924.0	8393.0	3469.0	70.45085296506905
scaffold_1	1880000	1890000	North America	0.0009372028511764	0.0020762	0.0011389971488235998	5017.0	8379.0	3362.0	67.0121586605541
scaffold_1	1880000	1890000	Northern Ural	0.0028607988759534	0.00914403	0.0062832311240466	5049.0	8237.0	3188.0	63.141216082392546
scaffold_1	1880000	1890000	Scandinavia	0.0049269187198393	0.00917851	0.004251591280160701	5121.0	8536.0	3415.0	66.68619410271431
scaffold_1	1880000	1890000	Siberia SC	0.0001873428957027	0.000358105	0.0001707621042973	5087.0	8949.0	3862.0	75.91900923923727
scaffold_1	1880000	1890000	West Siberia	0.0049443413821219	0.0109353	0.0059909586178781005	5125.0	8533.0	3408.0	66.49756097560976
scaffold_1	1880000	1890000	admixed	0.0053693138424574	0.0132153	0.0078459861575426	5084.0	8653.0	3569.0	70.2006294256491
scaffold_1	1890000	1900000	Central Europe	0.0038361536706015	0.0103931	0.006556946329398501	4002.0	6578.0	2576.0	64.36781609195403
scaffold_1	1890000	1900000	East Siberia	0.0042359982417997	0.00840238	0.004166381758200299	4133.0	7407.0	3274.0	79.21606581175902
scaffold_1	1890000	1900000	Karelia	0.0021498548995193	0.00726939	0.0051195351004807	3951.0	8437.0	4486.0	113.54087572766389
scaffold_1	1890000	1900000	MIX Amur Basin	0.0040765371041701	0.0111053	0.0070287628958299	3361.0	7253.0	3892.0	115.79886938411188
scaffold_1	1890000	1900000	MIX Central Siberia	0.0023879385691097	0.00817841	0.005790471430890301	3836.0	7420.0	3584.0	93.43065693430657
scaffold_1	1890000	1900000	MIX Sibiryakov Island	0.0029183504677502	0.00647592	0.0035575695322498	3655.0	7788.0	4133.0	113.07797537619699
scaffold_1	1890000	1900000	North America	0.0018495586233815	0.00285468	0.0010051213766185002	3667.0	7428.0	3761.0	102.56340332697027
scaffold_1	1890000	1900000	Northern Ural	0.0013954165847047	0.00715123	0.0057558134152953	3839.0	7159.0	3320.0	86.48085438916384
scaffold_1	1890000	1900000	Scandinavia	0.0046905740302868	0.0114196	0.0067290259697132	3995.0	7449.0	3454.0	86.45807259073842
scaffold_1	1890000	1900000	Siberia SC	0.0003252704972688	0.000489093	0.00016382250273120003	4057.0	8689.0	4632.0	114.17303426176979
scaffold_1	1890000	1900000	West Siberia	0.0028858436234332	0.00683604	0.0039501963765668	3804.0	7499.0	3695.0	97.13459516298633
scaffold_1	1890000	1900000	admixed	0.0031958131884226	0.0087978	0.0056019868115774	4044.0	8022.0	3978.0	98.3679525222552
scaffold_1	1900000	1910000	Central Europe	0.006240973302985	0.0110896	0.0048486266970149995	5062.0	7164.0	2102.0	41.52508889766891
scaffold_1	1900000	1910000	East Siberia	0.0061807579901625	0.00961905	0.0034382920098375005	4798.0	7789.0	2991.0	62.338474364318465
scaffold_1	1900000	1910000	Karelia	0.0017021178199531	0.00427406	0.0025719421800469	2990.0	5474.0	2484.0	83.07692307692308
scaffold_1	1900000	1910000	MIX Amur Basin	0.0059208177230165	0.0101401	0.004219282276983501	3701.0	7015.0	3314.0	89.5433666576601
scaffold_1	1900000	1910000	MIX Central Siberia	0.0022737054138547	0.00597666	0.0037029545861453	4909.0	7795.0	2886.0	58.789977592177635
scaffold_1	1900000	1910000	MIX Sibiryakov Island	0.0060160068754364	0.00990195	0.0038859431245635992	2762.0	5043.0	2281.0	82.58508327299059
scaffold_1	1900000	1910000	North America	0.0037497370358522	0.00599438	0.0022446429641477996	4168.0	7034.0	2866.0	68.76199616122841
scaffold_1	1900000	1910000	Northern Ural	0.003019409562025	0.00620146	0.0031820504379749997	4301.0	7246.0	2945.0	68.47244826784468
scaffold_1	1900000	1910000	Scandinavia	0.0065636069373324	0.00839553	0.0018319230626676003	4324.0	7474.0	3150.0	72.84921369102683
scaffold_1	1900000	1910000	Siberia SC	6.647594401775858e-05	0.000220765	0.0001542890559822414	4356.0	7979.0	3623.0	83.17263544536272
scaffold_1	1900000	1910000	West Siberia	0.0072440162356524	0.0114459	0.0042018837643476	4971.0	8197.0	3226.0	64.89639911486623
scaffold_1	1900000	1910000	admixed	0.0070615974064249	0.0112583	0.004196702593575101	4458.0	7682.0	3224.0	72.31942575145806
scaffold_1	1910000	1920000	Central Europe	0.0045346150988002	0.0142842	0.009749584901199801	4350.0	7066.0	2716.0	62.4367816091954
scaffold_1	1910000	1920000	East Siberia	0.0063291656581111	0.0149773	0.008648134341888901	4380.0	8415.0	4035.0	92.12328767123287
scaffold_1	1910000	1920000	Karelia	0.0011000269945274	0.0032759	0.0021758730054726	3672.0	7413.0	3741.0	101.87908496732025
scaffold_1	1910000	1920000	MIX Amur Basin	0.0055651557614889	0.0120597	0.006494544238511099	3686.0	7588.0	3902.0	105.86001085187195
scaffold_1	1910000	1920000	MIX Central Siberia	0.0033069374640327	0.0123952	0.0090882625359673	4012.0	7908.0	3896.0	97.10867397806581
scaffold_1	1910000	1920000	MIX Sibiryakov Island	0.007861186741	0.0157235	0.007862313259000001	3340.0	6845.0	3505.0	104.94011976047904
scaffold_1	1910000	1920000	North America	0.0026896237346996	0.00470113	0.0020115062653004003	4326.0	8189.0	3863.0	89.29727230698104
scaffold_1	1910000	1920000	Northern Ural	0.003634749797799	0.0129473	0.009312550202201	4143.0	7717.0	3574.0	86.26599082790248
scaffold_1	1910000	1920000	Scandinavia	0.0039260228297728	0.00711908	0.0031930571702271995	4339.0	8163.0	3824.0	88.13090573864946
scaffold_1	1910000	1920000	Siberia SC	0.000717423068991	0.00078283	6.540693100899999e-05	4309.0	8707.0	4398.0	102.06544441865861
scaffold_1	1910000	1920000	West Siberia	0.0087192135706829	0.0138609	0.0051416864293171004	4029.0	7777.0	3748.0	93.02556465624224
scaffold_1	1910000	1920000	admixed	0.0070698429537919	0.0156568	0.008586957046208099	4301.0	8505.0	4204.0	97.74471053243433
scaffold_1	1920000	1930000	Central Europe	0.0043259656310332	0.0123928	0.0080668343689668	4048.0	6789.0	2741.0	67.71245059288538
scaffold_1	1920000	1930000	East Siberia	0.0024446641941677	0.0036933	0.0012486358058322999	4088.0	8237.0	4149.0	101.4921722113503
scaffold_1	1920000	1930000	Karelia	0.0015001041612652	0.00256697	0.0010668658387348	3979.0	8736.0	4757.0	119.55265141995477
scaffold_1	1920000	1930000	MIX Amur Basin	0.0035903166657531	0.00572647	0.0021361533342469	3553.0	7819.0	4266.0	120.06754855052068
scaffold_1	1920000	1930000	MIX Central Siberia	0.001806459740656	0.00479124	0.0029847802593440005	3980.0	8137.0	4157.0	104.44723618090453
scaffold_1	1920000	1930000	MIX Sibiryakov Island	0.0030086474762027	0.00421002	0.0012013725237973003	3867.0	8440.0	4573.0	118.2570468063098
scaffold_1	1920000	1930000	North America	0.0038983654026614	0.00523078	0.0013324145973386	4025.0	8155.0	4130.0	102.60869565217392
scaffold_1	1920000	1930000	Northern Ural	0.0009089514387172	0.00427816	0.0033692085612827996	3942.0	7969.0	4027.0	102.15626585489599
scaffold_1	1920000	1930000	Scandinavia	0.0032669310822786	0.00576937	0.0025024389177214002	4032.0	8155.0	4123.0	102.25694444444444
scaffold_1	1920000	1930000	Siberia SC	0.000484638565286	0.000594753	0.00011011443471399996	4008.0	8719.0	4711.0	117.53992015968065
scaffold_1	1920000	1930000	West Siberia	0.0026259964138442	0.00375564	0.0011296435861558002	4068.0	8504.0	4436.0	109.04621435594888
scaffold_1	1920000	1930000	admixed	0.0025081402823366	0.00439963	0.0018914897176633997	4013.0	8403.0	4390.0	109.39446797906803
scaffold_1	1930000	1940000	Central Europe	0.0053445511896923	0.014553	0.0092084488103077	3997.0	6668.0	2671.0	66.82511883912935
scaffold_1	1930000	1940000	East Siberia	0.0057423766338791	0.00997668	0.0042343033661209	4049.0	8022.0	3973.0	98.12299333168684
scaffold_1	1930000	1940000	Karelia	0.0049285563115916	0.00907057	0.0041420136884084	4049.0	8559.0	4510.0	111.38552729068907
scaffold_1	1930000	1940000	MIX Amur Basin	0.0070764762377569	0.0117159	0.0046394237622430995	3531.0	7558.0	4027.0	114.04701217785329
scaffold_1	1930000	1940000	MIX Central Siberia	0.0042608266617518	0.0104399	0.0061790733382482005	3970.0	7892.0	3922.0	98.79093198992443
scaffold_1	1930000	1940000	MIX Sibiryakov Island	0.0045343385124574	0.00811967	0.0035853314875426007	3865.0	8144.0	4279.0	110.71151358344113
scaffold_1	1930000	1940000	North America	0.0065144362984842	0.0119495	0.0054350637015158	3988.0	7986.0	3998.0	100.25075225677031
scaffold_1	1930000	1940000	Northern Ural	0.0025554183305351	0.0102064	0.0076509816694649	3942.0	7644.0	3702.0	93.9117199391172
scaffold_1	1930000	1940000	Scandinavia	0.0061067054937772	0.0115448	0.005438094506222799	3988.0	7962.0	3974.0	99.64894684052157
scaffold_1	1930000	1940000	Siberia SC	0.0010501260151218	0.00234492	0.0012947939848781999	3954.0	8624.0	4670.0	118.10824481537682
scaffold_1	1930000	1940000	West Siberia	0.0057954484602363	0.0104585	0.0046630515397637	4040.0	8060.0	4020.0	99.5049504950495
scaffold_1	1930000	1940000	admixed	0.0058781007457008	0.0134639	0.0075857992542992005	3969.0	8146.0	4177.0	105.24061476442428
scaffold_1	1940000	1950000	Central Europe	0.0069287181668595	0.0177433	0.010814581833140501	3309.0	6458.0	3149.0	95.16470232698701
scaffold_1	1940000	1950000	East Siberia	0.0079327096444674	0.0161099	0.0081771903555326	3322.0	7492.0	4170.0	125.52679108970499
scaffold_1	1940000	1950000	Karelia	0.0038575424985457	0.00763349	0.0037759475014542995	3317.0	8598.0	5281.0	159.21012963521255
scaffold_1	1940000	1950000	MIX Amur Basin	0.0064600647132572	0.0167776	0.0103175352867428	2898.0	7522.0	4624.0	159.55831608005522
scaffold_1	1940000	1950000	MIX Central Siberia	0.003143293387382	0.0138763	0.010733006612618	3264.0	7314.0	4050.0	124.08088235294117
scaffold_1	1940000	1950000	MIX Sibiryakov Island	0.004488500854785	0.01254	0.008051499145215	3087.0	8048.0	4961.0	160.70618723679948
scaffold_1	1940000	1950000	North America	0.0049142487681196	0.00895032	0.0040360712318804	3301.0	7944.0	4643.0	140.65434716752497
scaffold_1	1940000	1950000	Northern Ural	0.0028254520334327	0.0144653	0.0116398479665673	3220.0	7302.0	4082.0	126.77018633540374
scaffold_1	1940000	1950000	Scandinavia	0.0114472934958628	0.020719	0.009271706504137202	3299.0	7720.0	4421.0	134.01030615337982
scaffold_1	1940000	1950000	Siberia SC	0.0007451958339445	0.00179776	0.0010525641660555	3233.0	8492.0	5259.0	162.66625425301578
scaffold_1	1940000	1950000	West Siberia	0.0096633722225758	0.017775	0.0081116277774242	3306.0	7901.0	4595.0	138.98971566848155
scaffold_1	1940000	1950000	admixed	0.0078415974984806	0.0191268	0.0112852025015194	3231.0	7841.0	4610.0	142.68028474156608
scaffold_1	1950000	1960000	Central Europe	0.0065541921037436	0.0169991	0.010444907896256399	2630.0	5847.0	3217.0	122.31939163498097
scaffold_1	1950000	1960000	East Siberia	0.0106303696219395	0.0204249	0.009794530378060499	2671.0	6966.0	4295.0	160.80119805316363
scaffold_1	1950000	1960000	Karelia	0.0056645537641181	0.0109719	0.0053073462358819	2653.0	7789.0	5136.0	193.59215981907275
scaffold_1	1950000	1960000	MIX Amur Basin	0.0132778435709083	0.0245929	0.0113150564290917	2309.0	6638.0	4329.0	187.48375920311824
scaffold_1	1950000	1960000	MIX Central Siberia	0.0050328638736077	0.0195243	0.014491436126392301	2574.0	6570.0	3996.0	155.24475524475525
scaffold_1	1950000	1960000	MIX Sibiryakov Island	0.0095161532463884	0.0188863	0.009370146753611601	2520.0	7461.0	4941.0	196.07142857142856
scaffold_1	1950000	1960000	North America	0.004776665281949	0.0101683	0.005391634718051	2610.0	7315.0	4705.0	180.26819923371647
scaffold_1	1950000	1960000	Northern Ural	0.0031105704389635	0.0180669	0.0149563295610365	2525.0	6455.0	3930.0	155.64356435643566
scaffold_1	1950000	1960000	Scandinavia	0.0073975805748477	0.0166967	0.009299119425152299	2609.0	7145.0	4536.0	173.85971636642392
scaffold_1	1950000	1960000	Siberia SC	0.0004987657355168	0.00124208	0.0007433142644832	2563.0	7949.0	5386.0	210.14436207569256
scaffold_1	1950000	1960000	West Siberia	0.009836376403959	0.0202912	0.010454823596040998	2647.0	7036.0	4389.0	165.81035134114092
scaffold_1	1950000	1960000	admixed	0.0087654779380892	0.0226653	0.013899822061910799	2575.0	7230.0	4655.0	180.7766990291262
scaffold_1	1960000	1970000	Central Europe	0.003091599698776	0.0097728	0.006681200301224	3668.0	6718.0	3050.0	83.1515812431843
scaffold_1	1960000	1970000	East Siberia	0.0017756095391764	0.00398356	0.0022079504608236	3706.0	8208.0	4502.0	121.47868321640583
scaffold_1	1960000	1970000	Karelia	0.0002999488231647	0.000438643	0.0001386941768353	3633.0	8529.0	4896.0	134.7646573080099
scaffold_1	1960000	1970000	MIX Amur Basin	0.0015129307357002	0.00388826	0.0023753292642998	3277.0	7449.0	4172.0	127.31156545620993
scaffold_1	1960000	1970000	MIX Central Siberia	0.0012389995114649	0.00398069	0.0027416904885351	3628.0	8173.0	4545.0	125.27563395810364
scaffold_1	1960000	1970000	MIX Sibiryakov Island	0.0039826568762718	0.0102478	0.0062651431237281995	3535.0	8061.0	4526.0	128.03394625176801
scaffold_1	1960000	1970000	North America	0.0014098488340814	0.0035454	0.0021355511659186003	3658.0	8107.0	4449.0	121.62383816293057
scaffold_1	1960000	1970000	Northern Ural	0.0014800605114759	0.00677838	0.0052983194885241	3560.0	7767.0	4207.0	118.17415730337079
scaffold_1	1960000	1970000	Scandinavia	0.0047083055700986	0.0109218	0.006213494429901401	3661.0	7958.0	4297.0	117.3723026495493
scaffold_1	1960000	1970000	Siberia SC	0.000328571173865	0.000620659	0.000292087826135	3616.0	8604.0	4988.0	137.94247787610618
scaffold_1	1960000	1970000	West Siberia	0.0036340410131466	0.00796195	0.004327908986853401	3614.0	7983.0	4369.0	120.89097952407303
scaffold_1	1960000	1970000	admixed	0.0021417067059601	0.00623014	0.004088433294039901	3612.0	8408.0	4796.0	132.7796234772979
scaffold_1	1970000	1980000	Central Europe	0.0038619645917221	0.0103273	0.006465335408277899	4361.0	7746.0	3385.0	77.61981196973171
scaffold_1	1970000	1980000	East Siberia	0.0024261034641077	0.00394212	0.0015160165358923004	4392.0	8434.0	4042.0	92.03096539162114
scaffold_1	1970000	1980000	Karelia	0.000295721562778	0.000910001	0.000614279437222	4354.0	8944.0	4590.0	105.4203031694993
scaffold_1	1970000	1980000	MIX Amur Basin	0.0028267947992279	0.00464586	0.0018190652007720998	3901.0	8089.0	4188.0	107.35708792617278
scaffold_1	1970000	1980000	MIX Central Siberia	0.0020964347122317	0.00450578	0.0024093452877683	4281.0	8514.0	4233.0	98.87876664330764
scaffold_1	1970000	1980000	MIX Sibiryakov Island	0.0034208855031156	0.00431236	0.0008914744968844001	4211.0	8686.0	4475.0	106.26929470434577
scaffold_1	1970000	1980000	North America	0.0022838739756053	0.00299247	0.0007085960243946999	4355.0	8249.0	3894.0	89.41446613088404
scaffold_1	1970000	1980000	Northern Ural	0.0020219971413451	0.00536727	0.0033452728586549005	4269.0	8189.0	3920.0	91.82478332162098
scaffold_1	1970000	1980000	Scandinavia	0.0019611427377657	0.00423575	0.0022746072622343	4355.0	8654.0	4299.0	98.71412169919633
scaffold_1	1970000	1980000	Siberia SC	9.423624808240192e-05	0.000148423	5.418675191759809e-05	4300.0	8917.0	4617.0	107.37209302325581
scaffold_1	1970000	1980000	West Siberia	0.0025554189665214	0.00443488	0.0018794610334786003	4367.0	8680.0	4313.0	98.76345317151363
scaffold_1	1970000	1980000	admixed	0.0028130461114775	0.00479899	0.0019859438885225004	4301.0	8751.0	4450.0	103.46431062543596
scaffold_1	1980000	1990000	Central Europe	0.003140059019875	0.010253	0.007112940980125	4115.0	7423.0	3308.0	80.38882138517619
scaffold_1	1980000	1990000	East Siberia	0.0024082911978067	0.00579827	0.0033899788021933	4188.0	8352.0	4164.0	99.42693409742121
scaffold_1	1980000	1990000	Karelia	0.0007336262020328	0.00152823	0.0007946037979672	3940.0	8475.0	4535.0	115.1015228426396
scaffold_1	1980000	1990000	MIX Amur Basin	0.0044621531128855	0.00857685	0.0041146968871145	3632.0	7646.0	4014.0	110.51762114537445
scaffold_1	1980000	1990000	MIX Central Siberia	0.0018450671201493	0.00679938	0.0049543128798507	4108.0	8292.0	4184.0	101.85004868549173
scaffold_1	1980000	1990000	MIX Sibiryakov Island	0.0014069039905268	0.00336716	0.0019602560094732	3743.0	8157.0	4414.0	117.92679668714933
scaffold_1	1980000	1990000	North America	0.001928471888374	0.00303996	0.001111488111626	4092.0	7970.0	3878.0	94.77028347996091
scaffold_1	1980000	1990000	Northern Ural	0.0015359874052266	0.00608658	0.0045505925947734	4026.0	7979.0	3953.0	98.18678589170392
scaffold_1	1980000	1990000	Scandinavia	0.0030424018664898	0.00674055	0.0036981481335101995	4000.0	8292.0	4292.0	107.3
scaffold_1	1980000	1990000	Siberia SC	0.0003922754050243	0.000373556	-1.871940502430001e-05	4106.0	8812.0	4706.0	114.61276181198245
scaffold_1	1980000	1990000	West Siberia	0.0027935578994794	0.00670897	0.0039154121005206	3938.0	8026.0	4088.0	103.80904012188927
scaffold_1	1980000	1990000	admixed	0.0026041105495485	0.00670683	0.0041027194504515	4068.0	8399.0	4331.0	106.46509341199607
scaffold_1	1990000	2000000	Central Europe	0.005200075409704	0.0113177	0.006117624590296	3995.0	7027.0	3032.0	75.89486858573217
scaffold_1	1990000	2000000	East Siberia	0.0078753666492219	0.0138139	0.0059385333507781	4008.0	7794.0	3786.0	94.46107784431138
scaffold_1	1990000	2000000	Karelia	0.0021628062858419	0.00383224	0.0016694337141581004	3436.0	7445.0	4009.0	116.67636786961583
scaffold_1	1990000	2000000	MIX Amur Basin	0.0062031351102659	0.0110602	0.004857064889734099	3397.0	7336.0	3939.0	115.95525463644391
scaffold_1	1990000	2000000	MIX Central Siberia	0.0061887911018856	0.0147151	0.0085263088981144	3955.0	7820.0	3865.0	97.724399494311
scaffold_1	1990000	2000000	MIX Sibiryakov Island	0.0034155123699262	0.00597395	0.0025584376300737998	3228.0	7138.0	3910.0	121.1276332094176
scaffold_1	1990000	2000000	North America	0.0015694981819465	0.00267784	0.0011083418180534998	3559.0	7282.0	3723.0	104.60803596515875
scaffold_1	1990000	2000000	Northern Ural	0.0062154747660126	0.0144929	0.0082774252339874	3868.0	7504.0	3636.0	94.0020682523268
scaffold_1	1990000	2000000	Scandinavia	0.0078164356134046	0.0157315	0.0079150643865954	3546.0	7242.0	3696.0	104.23011844331643
scaffold_1	1990000	2000000	Siberia SC	0.0002384493708241	0.000215295	-2.31543708241e-05	3959.0	8581.0	4622.0	116.74665319525133
scaffold_1	1990000	2000000	West Siberia	0.0079203932003798	0.0135651	0.005644706799620199	3993.0	8054.0	4061.0	101.70298021537691
scaffold_1	1990000	2000000	admixed	0.0081295398326959	0.0166235	0.0084939601673041	3956.0	8171.0	4215.0	106.54701718907988
