group	tool	fold_id	fold_mean_pi
Scandinavia	piawka	1	0.00840651090909091
Scandinavia	pixy	1	0.004227965442971075
Scandinavia	piawka	2	0.008395442222222223
Scandinavia	pixy	2	0.004239321541238159
Scandinavia	piawka	3	0.008400338686868687
Scandinavia	pixy	3	0.004229927628263321
Scandinavia	piawka	4	0.008386853232323233
Scandinavia	pixy	4	0.004234065843956624
Scandinavia	piawka	5	0.008434010606060607
Scandinavia	pixy	5	0.0042513861645747655
Scandinavia	piawka	6	0.008371940101010101
Scandinavia	pixy	6	0.0042323593753818434
Scandinavia	piawka	7	0.008407693737373738
Scandinavia	pixy	7	0.004242096620450265
Scandinavia	piawka	8	0.008385400606060606
Scandinavia	pixy	8	0.004223283190315392
Scandinavia	piawka	9	0.008348819898989899
Scandinavia	pixy	9	0.004196018231587758
Scandinavia	piawka	10	0.008407258585858586
Scandinavia	pixy	10	0.004241331681345371
Scandinavia	piawka	11	0.008374921515151516
Scandinavia	pixy	11	0.00422877318445389
Scandinavia	piawka	12	0.008363083838383838
Scandinavia	pixy	12	0.004219369549138415
Scandinavia	piawka	13	0.008270382525252525
Scandinavia	pixy	13	0.004156505825830366
Scandinavia	piawka	14	0.008278412828282828
Scandinavia	pixy	14	0.004183214251789432
Scandinavia	piawka	15	0.008331259292929293
Scandinavia	pixy	15	0.004214986847717576
Scandinavia	piawka	16	0.00825232494949495
Scandinavia	pixy	16	0.004151839728308045
Scandinavia	piawka	17	0.008359509797979798
Scandinavia	pixy	17	0.004204870485862359
Scandinavia	piawka	18	0.008382125656565657
Scandinavia	pixy	18	0.004237293609567739
Scandinavia	piawka	19	0.008416015151515152
Scandinavia	pixy	19	0.004234297560325787
Scandinavia	piawka	20	0.008348866363636362
Scandinavia	pixy	20	0.004198279613148738
Scandinavia	piawka	21	0.008378563636363637
Scandinavia	pixy	21	0.004205788600898253
Scandinavia	piawka	22	0.008365620202020202
Scandinavia	pixy	22	0.004209288668947621
Scandinavia	piawka	23	0.008400195757575758
Scandinavia	pixy	23	0.0042378718723911505
Scandinavia	piawka	24	0.008362656464646465
Scandinavia	pixy	24	0.00420742074916874
Scandinavia	piawka	25	0.008395315151515152
Scandinavia	pixy	25	0.004235417768769729
Scandinavia	piawka	26	0.008401960909090908
Scandinavia	pixy	26	0.004235745239348344
Scandinavia	piawka	27	0.008362830909090908
Scandinavia	pixy	27	0.0042182753364595925
Scandinavia	piawka	28	0.008415818888888888
Scandinavia	pixy	28	0.004248081550159549
Scandinavia	piawka	29	0.008389091111111111
Scandinavia	pixy	29	0.0042277052460710125
Scandinavia	piawka	30	0.008377493434343434
Scandinavia	pixy	30	0.0042215303807501
Scandinavia	piawka	31	0.008290984545454546
Scandinavia	pixy	31	0.004177552601345719
Scandinavia	piawka	32	0.008387910505050505
Scandinavia	pixy	32	0.004225239194465963
Scandinavia	piawka	33	0.008417998282828283
Scandinavia	pixy	33	0.004235335231932326
Scandinavia	piawka	34	0.008388095656565656
Scandinavia	pixy	34	0.004228567457918279
Scandinavia	piawka	35	0.008414493737373737
Scandinavia	pixy	35	0.004243924374693782
Scandinavia	piawka	36	0.008412369191919192
Scandinavia	pixy	36	0.004243383134322331
Scandinavia	piawka	37	0.0084214098989899
Scandinavia	pixy	37	0.0042489774074662805
Scandinavia	piawka	38	0.008416914242424241
Scandinavia	pixy	38	0.004248149150426816
Scandinavia	piawka	39	0.00842390101010101
Scandinavia	pixy	39	0.0042431505497056285
Scandinavia	piawka	40	0.008394864242424242
Scandinavia	pixy	40	0.004213983952001566
Scandinavia	piawka	41	0.008433454545454546
Scandinavia	pixy	41	0.004255599276760679
Scandinavia	piawka	42	0.008407867474747475
Scandinavia	pixy	42	0.0042381684167733125
Scandinavia	piawka	43	0.00840974404040404
Scandinavia	pixy	43	0.00424518779272038
Scandinavia	piawka	44	0.00839427
Scandinavia	pixy	44	0.0042444040397881305
Scandinavia	piawka	45	0.008429420606060606
Scandinavia	pixy	45	0.004251030899513294
Scandinavia	piawka	46	0.008416166060606061
Scandinavia	pixy	46	0.00424737211718707
Scandinavia	piawka	47	0.008404237171717172
Scandinavia	pixy	47	0.004229734516312769
Scandinavia	piawka	48	0.008388663434343434
Scandinavia	pixy	48	0.004225497969343853
Scandinavia	piawka	49	0.008351915858585858
Scandinavia	pixy	49	0.004199628557549462
Scandinavia	piawka	50	0.008411880505050505
Scandinavia	pixy	50	0.00423884952168885
Scandinavia	piawka	51	0.008385521212121211
Scandinavia	pixy	51	0.00423642620453278
Scandinavia	piawka	52	0.008428797676767677
Scandinavia	pixy	52	0.0042529280863723975
Scandinavia	piawka	53	0.008404232121212121
Scandinavia	pixy	53	0.004245996141034451
Scandinavia	piawka	54	0.008391368181818182
Scandinavia	pixy	54	0.004225605704059388
Scandinavia	piawka	55	0.008405023939393939
Scandinavia	pixy	55	0.004238743028041255
Scandinavia	piawka	56	0.00836673797979798
Scandinavia	pixy	56	0.004201983970488202
Scandinavia	piawka	57	0.008175671414141415
Scandinavia	pixy	57	0.004138419958577711
Scandinavia	piawka	58	0.008437484545454545
Scandinavia	pixy	58	0.0042562283195429285
Scandinavia	piawka	59	0.008318342121212121
Scandinavia	pixy	59	0.00418720298675717
Scandinavia	piawka	60	0.008422219191919192
Scandinavia	pixy	60	0.004244936201333701
Scandinavia	piawka	61	0.008375163636363637
Scandinavia	pixy	61	0.004223538586160368
Scandinavia	piawka	62	0.008300718888888888
Scandinavia	pixy	62	0.004199947924027195
Scandinavia	piawka	63	0.008352051212121212
Scandinavia	pixy	63	0.004210278142477007
Scandinavia	piawka	64	0.008373461212121212
Scandinavia	pixy	64	0.004227454933437748
Scandinavia	piawka	65	0.008374301212121212
Scandinavia	pixy	65	0.004225453322177572
Scandinavia	piawka	66	0.008359349191919193
Scandinavia	pixy	66	0.004202716928636427
Scandinavia	piawka	67	0.008381716868686868
Scandinavia	pixy	67	0.004228918651148545
Scandinavia	piawka	68	0.00840701797979798
Scandinavia	pixy	68	0.004240596732874187
Scandinavia	piawka	69	0.008417693030303031
Scandinavia	pixy	69	0.004241941006630465
Scandinavia	piawka	70	0.008378591515151515
Scandinavia	pixy	70	0.004228099819310793
Scandinavia	piawka	71	0.008405110808080807
Scandinavia	pixy	71	0.004239095690577613
Scandinavia	piawka	72	0.008446406262626263
Scandinavia	pixy	72	0.00425908010409308
Scandinavia	piawka	73	0.008411275656565657
Scandinavia	pixy	73	0.004241236144609516
Scandinavia	piawka	74	0.008385702828282828
Scandinavia	pixy	74	0.004236558697890991
Scandinavia	piawka	75	0.008368494343434342
Scandinavia	pixy	75	0.004224853031324558
Scandinavia	piawka	76	0.008371697878787878
Scandinavia	pixy	76	0.004229648392417901
Scandinavia	piawka	77	0.008363294141414141
Scandinavia	pixy	77	0.0042187617683179714
Scandinavia	piawka	78	0.008420936161616162
Scandinavia	pixy	78	0.0042456986685899725
Scandinavia	piawka	79	0.008375146767676768
Scandinavia	pixy	79	0.0042306364002896776
Scandinavia	piawka	80	0.008386231616161616
Scandinavia	pixy	80	0.004227415132325453
Scandinavia	piawka	81	0.008408684747474748
Scandinavia	pixy	81	0.004245473156951202
Scandinavia	piawka	82	0.008331339090909091
Scandinavia	pixy	82	0.004188446322929352
Scandinavia	piawka	83	0.008408362222222222
Scandinavia	pixy	83	0.0042361463548988895
Scandinavia	piawka	84	0.008287559292929292
Scandinavia	pixy	84	0.0041883659432891285
Scandinavia	piawka	85	0.008421219494949495
Scandinavia	pixy	85	0.004248227823272289
Scandinavia	piawka	86	0.008406092222222222
Scandinavia	pixy	86	0.004236979528141581
Scandinavia	piawka	87	0.008352692626262625
Scandinavia	pixy	87	0.004205963237440338
Scandinavia	piawka	88	0.008374876161616161
Scandinavia	pixy	88	0.004218318900862748
Scandinavia	piawka	89	0.008370163232323232
Scandinavia	pixy	89	0.0042167984177662
Scandinavia	piawka	90	0.00834752595959596
Scandinavia	pixy	90	0.00421918573786269
Scandinavia	piawka	91	0.00837807212121212
Scandinavia	pixy	91	0.004200266213549098
Scandinavia	piawka	92	0.008390965555555555
Scandinavia	pixy	92	0.004226908477261821
Scandinavia	piawka	93	0.00840459898989899
Scandinavia	pixy	93	0.004233565969660753
Scandinavia	piawka	94	0.008346261313131313
Scandinavia	pixy	94	0.004204881379645615
Scandinavia	piawka	95	0.008253592626262626
Scandinavia	pixy	95	0.004150936046291215
Scandinavia	piawka	96	0.00829422191919192
Scandinavia	pixy	96	0.0041918422374125795
Scandinavia	piawka	97	0.008352554242424242
Scandinavia	pixy	97	0.0042190066313999445
Scandinavia	piawka	98	0.008420090101010101
Scandinavia	pixy	98	0.004246755750918459
Scandinavia	piawka	99	0.00839478909090909
Scandinavia	pixy	99	0.0042358339415374075
Scandinavia	piawka	100	0.008303971414141414
Scandinavia	pixy	100	0.004187611378437257
MIX Sibiryakov Island	piawka	1	0.006571758282828283
MIX Sibiryakov Island	pixy	1	0.003270601074902298
MIX Sibiryakov Island	piawka	2	0.00656317393939394
MIX Sibiryakov Island	pixy	2	0.003275479329694946
MIX Sibiryakov Island	piawka	3	0.006577181818181818
MIX Sibiryakov Island	pixy	3	0.0032723326589481744
MIX Sibiryakov Island	piawka	4	0.00657066292929293
MIX Sibiryakov Island	pixy	4	0.0032719478513360068
MIX Sibiryakov Island	piawka	5	0.0065888892929292925
MIX Sibiryakov Island	pixy	5	0.0032877194129877795
MIX Sibiryakov Island	piawka	6	0.006571048585858586
MIX Sibiryakov Island	pixy	6	0.0032785970919779134
MIX Sibiryakov Island	piawka	7	0.006558493232323232
MIX Sibiryakov Island	pixy	7	0.003269662443498923
MIX Sibiryakov Island	piawka	8	0.006551244646464646
MIX Sibiryakov Island	pixy	8	0.0032599980071865405
MIX Sibiryakov Island	piawka	9	0.006518058888888889
MIX Sibiryakov Island	pixy	9	0.0032344719268945373
MIX Sibiryakov Island	piawka	10	0.006586918383838384
MIX Sibiryakov Island	pixy	10	0.0032811485588940827
MIX Sibiryakov Island	piawka	11	0.0065734840404040405
MIX Sibiryakov Island	pixy	11	0.0032812782276011817
MIX Sibiryakov Island	piawka	12	0.006525775858585859
MIX Sibiryakov Island	pixy	12	0.0032612031454999184
MIX Sibiryakov Island	piawka	13	0.006448232323232324
MIX Sibiryakov Island	pixy	13	0.0031886325676132093
MIX Sibiryakov Island	piawka	14	0.006474606060606061
MIX Sibiryakov Island	pixy	14	0.0032239158522074877
MIX Sibiryakov Island	piawka	15	0.0065025606060606055
MIX Sibiryakov Island	pixy	15	0.00325162592824122
MIX Sibiryakov Island	piawka	16	0.006503888888888889
MIX Sibiryakov Island	pixy	16	0.003259736165841785
MIX Sibiryakov Island	piawka	17	0.006509540404040404
MIX Sibiryakov Island	pixy	17	0.0032206061468276334
MIX Sibiryakov Island	piawka	18	0.006576256666666667
MIX Sibiryakov Island	pixy	18	0.003287143001267203
MIX Sibiryakov Island	piawka	19	0.006581962222222223
MIX Sibiryakov Island	pixy	19	0.0032763984392823395
MIX Sibiryakov Island	piawka	20	0.006472969696969697
MIX Sibiryakov Island	pixy	20	0.003225001815874966
MIX Sibiryakov Island	piawka	21	0.006538147777777778
MIX Sibiryakov Island	pixy	21	0.00324481115812221
MIX Sibiryakov Island	piawka	22	0.006514114141414141
MIX Sibiryakov Island	pixy	22	0.0032477005756252593
MIX Sibiryakov Island	piawka	23	0.006570830505050505
MIX Sibiryakov Island	pixy	23	0.003275284030040295
MIX Sibiryakov Island	piawka	24	0.0065290867676767676
MIX Sibiryakov Island	pixy	24	0.003259856855399289
MIX Sibiryakov Island	piawka	25	0.0065715415151515145
MIX Sibiryakov Island	pixy	25	0.0032798708790166245
MIX Sibiryakov Island	piawka	26	0.006571589595959596
MIX Sibiryakov Island	pixy	26	0.0032766522106144626
MIX Sibiryakov Island	piawka	27	0.006558857171717171
MIX Sibiryakov Island	pixy	27	0.0032723256959393747
MIX Sibiryakov Island	piawka	28	0.006572242626262627
MIX Sibiryakov Island	pixy	28	0.0032734838461178175
MIX Sibiryakov Island	piawka	29	0.006569623232323233
MIX Sibiryakov Island	pixy	29	0.0032740654137150948
MIX Sibiryakov Island	piawka	30	0.006509139393939394
MIX Sibiryakov Island	pixy	30	0.0032683417706955925
MIX Sibiryakov Island	piawka	31	0.006565252929292929
MIX Sibiryakov Island	pixy	31	0.00328218095529693
MIX Sibiryakov Island	piawka	32	0.0065750661616161615
MIX Sibiryakov Island	pixy	32	0.0032765479695085857
MIX Sibiryakov Island	piawka	33	0.0065634712121212125
MIX Sibiryakov Island	pixy	33	0.0032690042392993957
MIX Sibiryakov Island	piawka	34	0.006571710000000001
MIX Sibiryakov Island	pixy	34	0.0032716184290382537
MIX Sibiryakov Island	piawka	35	0.006581808282828283
MIX Sibiryakov Island	pixy	35	0.0032823714594336162
MIX Sibiryakov Island	piawka	36	0.006579370404040404
MIX Sibiryakov Island	pixy	36	0.0032816101775692778
MIX Sibiryakov Island	piawka	37	0.006589852525252525
MIX Sibiryakov Island	pixy	37	0.003284994834463695
MIX Sibiryakov Island	piawka	38	0.006594080606060607
MIX Sibiryakov Island	pixy	38	0.0032872345338023543
MIX Sibiryakov Island	piawka	39	0.006552845555555555
MIX Sibiryakov Island	pixy	39	0.003251421099687826
MIX Sibiryakov Island	piawka	40	0.00656557595959596
MIX Sibiryakov Island	pixy	40	0.0032625246038758718
MIX Sibiryakov Island	piawka	41	0.00657781696969697
MIX Sibiryakov Island	pixy	41	0.0032763175015490726
MIX Sibiryakov Island	piawka	42	0.0065366688888888885
MIX Sibiryakov Island	pixy	42	0.00327575142551073
MIX Sibiryakov Island	piawka	43	0.006568591616161616
MIX Sibiryakov Island	pixy	43	0.0032752528650155967
MIX Sibiryakov Island	piawka	44	0.006544839797979798
MIX Sibiryakov Island	pixy	44	0.003279873605667982
MIX Sibiryakov Island	piawka	45	0.006571205050505051
MIX Sibiryakov Island	pixy	45	0.00327926792513291
MIX Sibiryakov Island	piawka	46	0.0065502150505050505
MIX Sibiryakov Island	pixy	46	0.003271891111093192
MIX Sibiryakov Island	piawka	47	0.0065642390909090905
MIX Sibiryakov Island	pixy	47	0.0032638597286584687
MIX Sibiryakov Island	piawka	48	0.006519635656565656
MIX Sibiryakov Island	pixy	48	0.0032494970008522897
MIX Sibiryakov Island	piawka	49	0.006545007777777778
MIX Sibiryakov Island	pixy	49	0.003264576550826384
MIX Sibiryakov Island	piawka	50	0.006582951616161617
MIX Sibiryakov Island	pixy	50	0.003277650063038685
MIX Sibiryakov Island	piawka	51	0.00657726909090909
MIX Sibiryakov Island	pixy	51	0.0032892640242712995
MIX Sibiryakov Island	piawka	52	0.006586158787878788
MIX Sibiryakov Island	pixy	52	0.003286032928158854
MIX Sibiryakov Island	piawka	53	0.006567831414141414
MIX Sibiryakov Island	pixy	53	0.0032775014499796602
MIX Sibiryakov Island	piawka	54	0.006577144545454545
MIX Sibiryakov Island	pixy	54	0.0032744853750334597
MIX Sibiryakov Island	piawka	55	0.006587874343434344
MIX Sibiryakov Island	pixy	55	0.0032843523923824108
MIX Sibiryakov Island	piawka	56	0.006530202727272728
MIX Sibiryakov Island	pixy	56	0.003243185562020285
MIX Sibiryakov Island	piawka	57	0.00635119494949495
MIX Sibiryakov Island	pixy	57	0.0031625192109331454
MIX Sibiryakov Island	piawka	58	0.0065034898989898985
MIX Sibiryakov Island	pixy	58	0.003242688448459056
MIX Sibiryakov Island	piawka	59	0.00649560909090909
MIX Sibiryakov Island	pixy	59	0.0032319724840853587
MIX Sibiryakov Island	piawka	60	0.006567158383838384
MIX Sibiryakov Island	pixy	60	0.00326168501555398
MIX Sibiryakov Island	piawka	61	0.006561612727272728
MIX Sibiryakov Island	pixy	61	0.0032775584405477886
MIX Sibiryakov Island	piawka	62	0.0065738368686868685
MIX Sibiryakov Island	pixy	62	0.003275633518545101
MIX Sibiryakov Island	piawka	63	0.006563895959595959
MIX Sibiryakov Island	pixy	63	0.0032591285995125577
MIX Sibiryakov Island	piawka	64	0.006535580606060605
MIX Sibiryakov Island	pixy	64	0.0032721407973029556
MIX Sibiryakov Island	piawka	65	0.006554163131313131
MIX Sibiryakov Island	pixy	65	0.0032708999199906343
MIX Sibiryakov Island	piawka	66	0.006531101111111111
MIX Sibiryakov Island	pixy	66	0.003254544753432321
MIX Sibiryakov Island	piawka	67	0.006567860303030303
MIX Sibiryakov Island	pixy	67	0.003274964576950989
MIX Sibiryakov Island	piawka	68	0.00658290191919192
MIX Sibiryakov Island	pixy	68	0.0032819637003925033
MIX Sibiryakov Island	piawka	69	0.006579486464646464
MIX Sibiryakov Island	pixy	69	0.0032841320946826766
MIX Sibiryakov Island	piawka	70	0.006555562626262626
MIX Sibiryakov Island	pixy	70	0.0032676896449247636
MIX Sibiryakov Island	piawka	71	0.006577913131313132
MIX Sibiryakov Island	pixy	71	0.0032771126527335764
MIX Sibiryakov Island	piawka	72	0.006576219090909091
MIX Sibiryakov Island	pixy	72	0.0032850672980820183
MIX Sibiryakov Island	piawka	73	0.00655690303030303
MIX Sibiryakov Island	pixy	73	0.0032735674403598617
MIX Sibiryakov Island	piawka	74	0.006551629898989899
MIX Sibiryakov Island	pixy	74	0.0032710906705297497
MIX Sibiryakov Island	piawka	75	0.0065434950505050505
MIX Sibiryakov Island	pixy	75	0.0032634005332837957
MIX Sibiryakov Island	piawka	76	0.006557873333333334
MIX Sibiryakov Island	pixy	76	0.0032715322888436636
MIX Sibiryakov Island	piawka	77	0.0065790053535353535
MIX Sibiryakov Island	pixy	77	0.0032831222963234513
MIX Sibiryakov Island	piawka	78	0.006577808484848484
MIX Sibiryakov Island	pixy	78	0.0032827094183737766
MIX Sibiryakov Island	piawka	79	0.006562964848484848
MIX Sibiryakov Island	pixy	79	0.0032669977649645698
MIX Sibiryakov Island	piawka	80	0.006570730101010101
MIX Sibiryakov Island	pixy	80	0.0032705679022584475
MIX Sibiryakov Island	piawka	81	0.006554780101010101
MIX Sibiryakov Island	pixy	81	0.0032788063611968194
MIX Sibiryakov Island	piawka	82	0.006521379393939394
MIX Sibiryakov Island	pixy	82	0.00323956957668718
MIX Sibiryakov Island	piawka	83	0.006568571111111111
MIX Sibiryakov Island	pixy	83	0.003285488381246691
MIX Sibiryakov Island	piawka	84	0.006559023131313131
MIX Sibiryakov Island	pixy	84	0.003273289580091884
MIX Sibiryakov Island	piawka	85	0.006568872323232323
MIX Sibiryakov Island	pixy	85	0.0032699767734800994
MIX Sibiryakov Island	piawka	86	0.006512991919191919
MIX Sibiryakov Island	pixy	86	0.0032441902876219233
MIX Sibiryakov Island	piawka	87	0.006515356565656566
MIX Sibiryakov Island	pixy	87	0.0032587246164309538
MIX Sibiryakov Island	piawka	88	0.006573377272727272
MIX Sibiryakov Island	pixy	88	0.0032817558459698223
MIX Sibiryakov Island	piawka	89	0.006582260303030303
MIX Sibiryakov Island	pixy	89	0.003292573595228785
MIX Sibiryakov Island	piawka	90	0.006550331111111111
MIX Sibiryakov Island	pixy	90	0.0032687538142501475
MIX Sibiryakov Island	piawka	91	0.006515724747474747
MIX Sibiryakov Island	pixy	91	0.0032374643555866506
MIX Sibiryakov Island	piawka	92	0.006456921212121212
MIX Sibiryakov Island	pixy	92	0.0032188261751264122
MIX Sibiryakov Island	piawka	93	0.00657321898989899
MIX Sibiryakov Island	pixy	93	0.003267841723255678
MIX Sibiryakov Island	piawka	94	0.006533727575757576
MIX Sibiryakov Island	pixy	94	0.0032524307026874483
MIX Sibiryakov Island	piawka	95	0.006489077777777778
MIX Sibiryakov Island	pixy	95	0.003252893709330604
MIX Sibiryakov Island	piawka	96	0.006424973737373737
MIX Sibiryakov Island	pixy	96	0.0032021093417386503
MIX Sibiryakov Island	piawka	97	0.006512231313131313
MIX Sibiryakov Island	pixy	97	0.0032580032444671013
MIX Sibiryakov Island	piawka	98	0.006572185252525253
MIX Sibiryakov Island	pixy	98	0.0032636777027818097
MIX Sibiryakov Island	piawka	99	0.006581732727272727
MIX Sibiryakov Island	pixy	99	0.003284020950383717
MIX Sibiryakov Island	piawka	100	0.006555401515151515
MIX Sibiryakov Island	pixy	100	0.0032637319768544304
MIX Central Siberia	piawka	1	0.007187243939393939
MIX Central Siberia	pixy	1	0.0025231674140363215
MIX Central Siberia	piawka	2	0.007186737878787879
MIX Central Siberia	pixy	2	0.0025258926333723434
MIX Central Siberia	piawka	3	0.007232072222222222
MIX Central Siberia	pixy	3	0.002538669658724429
MIX Central Siberia	piawka	4	0.007245231616161616
MIX Central Siberia	pixy	4	0.002530586095053731
MIX Central Siberia	piawka	5	0.007268460101010101
MIX Central Siberia	pixy	5	0.0025452124670181926
MIX Central Siberia	piawka	6	0.007237104747474747
MIX Central Siberia	pixy	6	0.0025430812063529464
MIX Central Siberia	piawka	7	0.007246930303030303
MIX Central Siberia	pixy	7	0.002540808224382284
MIX Central Siberia	piawka	8	0.007201296464646465
MIX Central Siberia	pixy	8	0.0025335708043854213
MIX Central Siberia	piawka	9	0.0071911904040404045
MIX Central Siberia	pixy	9	0.0025090226087544324
MIX Central Siberia	piawka	10	0.007267108383838384
MIX Central Siberia	pixy	10	0.002539917385809693
MIX Central Siberia	piawka	11	0.007246314141414141
MIX Central Siberia	pixy	11	0.0025323618873584553
MIX Central Siberia	piawka	12	0.0072240276767676775
MIX Central Siberia	pixy	12	0.002524758791891428
MIX Central Siberia	piawka	13	0.0071510742424242425
MIX Central Siberia	pixy	13	0.0024913544406231403
MIX Central Siberia	piawka	14	0.007099039898989899
MIX Central Siberia	pixy	14	0.002480005278899516
MIX Central Siberia	piawka	15	0.007176541919191919
MIX Central Siberia	pixy	15	0.0025288068848899697
MIX Central Siberia	piawka	16	0.007192068181818182
MIX Central Siberia	pixy	16	0.002502997482791502
MIX Central Siberia	piawka	17	0.007202180303030303
MIX Central Siberia	pixy	17	0.0024969199251662355
MIX Central Siberia	piawka	18	0.007255339292929293
MIX Central Siberia	pixy	18	0.0025427049089052725
MIX Central Siberia	piawka	19	0.007255343737373738
MIX Central Siberia	pixy	19	0.0025334607269603044
MIX Central Siberia	piawka	20	0.007163771212121211
MIX Central Siberia	pixy	20	0.0025138762941636777
MIX Central Siberia	piawka	21	0.007204324747474748
MIX Central Siberia	pixy	21	0.00250130468036597
MIX Central Siberia	piawka	22	0.007220065252525253
MIX Central Siberia	pixy	22	0.0025237024266249355
MIX Central Siberia	piawka	23	0.007264861919191919
MIX Central Siberia	pixy	23	0.0025447538889236047
MIX Central Siberia	piawka	24	0.007234794747474747
MIX Central Siberia	pixy	24	0.0025314084374680797
MIX Central Siberia	piawka	25	0.007264342424242424
MIX Central Siberia	pixy	25	0.002546880163285007
MIX Central Siberia	piawka	26	0.007242917878787879
MIX Central Siberia	pixy	26	0.002535551231844196
MIX Central Siberia	piawka	27	0.0072353724242424245
MIX Central Siberia	pixy	27	0.0025311722280950146
MIX Central Siberia	piawka	28	0.007254194444444444
MIX Central Siberia	pixy	28	0.0025384154905735965
MIX Central Siberia	piawka	29	0.007260348484848485
MIX Central Siberia	pixy	29	0.0025422499709886674
MIX Central Siberia	piawka	30	0.007265613434343434
MIX Central Siberia	pixy	30	0.0025433466814217096
MIX Central Siberia	piawka	31	0.007261006565656566
MIX Central Siberia	pixy	31	0.002544821696213143
MIX Central Siberia	piawka	32	0.007260339595959596
MIX Central Siberia	pixy	32	0.0025332534137936617
MIX Central Siberia	piawka	33	0.007248683434343434
MIX Central Siberia	pixy	33	0.0025297465704935715
MIX Central Siberia	piawka	34	0.007257520202020203
MIX Central Siberia	pixy	34	0.002537656077613478
MIX Central Siberia	piawka	35	0.00728339797979798
MIX Central Siberia	pixy	35	0.002547316780435884
MIX Central Siberia	piawka	36	0.007277093232323233
MIX Central Siberia	pixy	36	0.0025462004712698224
MIX Central Siberia	piawka	37	0.0072785201010101015
MIX Central Siberia	pixy	37	0.0025457055236384565
MIX Central Siberia	piawka	38	0.007277674646464647
MIX Central Siberia	pixy	38	0.0025465184593323493
MIX Central Siberia	piawka	39	0.007250460404040404
MIX Central Siberia	pixy	39	0.0025359134076916533
MIX Central Siberia	piawka	40	0.007241677777777778
MIX Central Siberia	pixy	40	0.0025252553222425388
MIX Central Siberia	piawka	41	0.007268074747474748
MIX Central Siberia	pixy	41	0.002534535468222791
MIX Central Siberia	piawka	42	0.007257455757575757
MIX Central Siberia	pixy	42	0.0025438210458904576
MIX Central Siberia	piawka	43	0.007268131717171717
MIX Central Siberia	pixy	43	0.002539383925351202
MIX Central Siberia	piawka	44	0.007240453737373737
MIX Central Siberia	pixy	44	0.002540148449203079
MIX Central Siberia	piawka	45	0.007261122929292929
MIX Central Siberia	pixy	45	0.002538918388554106
MIX Central Siberia	piawka	46	0.0072568405050505045
MIX Central Siberia	pixy	46	0.0025411209896328943
MIX Central Siberia	piawka	47	0.007251044343434344
MIX Central Siberia	pixy	47	0.0025343195721619707
MIX Central Siberia	piawka	48	0.007190579292929293
MIX Central Siberia	pixy	48	0.0024986822195890352
MIX Central Siberia	piawka	49	0.007208671414141415
MIX Central Siberia	pixy	49	0.002503336833492002
MIX Central Siberia	piawka	50	0.007266444141414142
MIX Central Siberia	pixy	50	0.0025391939518084796
MIX Central Siberia	piawka	51	0.007274228484848485
MIX Central Siberia	pixy	51	0.0025406801240424716
MIX Central Siberia	piawka	52	0.007267299595959596
MIX Central Siberia	pixy	52	0.0025462895126924516
MIX Central Siberia	piawka	53	0.007240672727272727
MIX Central Siberia	pixy	53	0.0025358336344530595
MIX Central Siberia	piawka	54	0.007251599191919192
MIX Central Siberia	pixy	54	0.0025314841866516165
MIX Central Siberia	piawka	55	0.007271427070707071
MIX Central Siberia	pixy	55	0.0025446334828164627
MIX Central Siberia	piawka	56	0.007228806262626263
MIX Central Siberia	pixy	56	0.0025233344587120023
MIX Central Siberia	piawka	57	0.007162217676767677
MIX Central Siberia	pixy	57	0.0025154566206329284
MIX Central Siberia	piawka	58	0.007230886060606061
MIX Central Siberia	pixy	58	0.0025211901239438456
MIX Central Siberia	piawka	59	0.00716844292929293
MIX Central Siberia	pixy	59	0.0024970372132369404
MIX Central Siberia	piawka	60	0.00721080202020202
MIX Central Siberia	pixy	60	0.0025114870954685586
MIX Central Siberia	piawka	61	0.0072397656565656564
MIX Central Siberia	pixy	61	0.0025351831903456918
MIX Central Siberia	piawka	62	0.00725066101010101
MIX Central Siberia	pixy	62	0.002537818349865466
MIX Central Siberia	piawka	63	0.007178458080808081
MIX Central Siberia	pixy	63	0.002510637817297913
MIX Central Siberia	piawka	64	0.007203106565656566
MIX Central Siberia	pixy	64	0.0025304908519537747
MIX Central Siberia	piawka	65	0.007233033939393939
MIX Central Siberia	pixy	65	0.0025303559387309465
MIX Central Siberia	piawka	66	0.007209493333333333
MIX Central Siberia	pixy	66	0.002520300741015208
MIX Central Siberia	piawka	67	0.007256242525252526
MIX Central Siberia	pixy	67	0.002541037626891266
MIX Central Siberia	piawka	68	0.007261483838383838
MIX Central Siberia	pixy	68	0.0025417674934104244
MIX Central Siberia	piawka	69	0.007265526868686869
MIX Central Siberia	pixy	69	0.0025459423204661023
MIX Central Siberia	piawka	70	0.007245335858585858
MIX Central Siberia	pixy	70	0.0025327512698781847
MIX Central Siberia	piawka	71	0.00727060090909091
MIX Central Siberia	pixy	71	0.0025403427912548487
MIX Central Siberia	piawka	72	0.00726787797979798
MIX Central Siberia	pixy	72	0.002543943151109009
MIX Central Siberia	piawka	73	0.007266045151515151
MIX Central Siberia	pixy	73	0.00254684001864951
MIX Central Siberia	piawka	74	0.007235709393939394
MIX Central Siberia	pixy	74	0.0025373113957727522
MIX Central Siberia	piawka	75	0.007222309696969697
MIX Central Siberia	pixy	75	0.0025275692573479744
MIX Central Siberia	piawka	76	0.007248301313131313
MIX Central Siberia	pixy	76	0.0025377641651203667
MIX Central Siberia	piawka	77	0.007254778787878788
MIX Central Siberia	pixy	77	0.002539160710946383
MIX Central Siberia	piawka	78	0.00726506
MIX Central Siberia	pixy	78	0.0025489284551757758
MIX Central Siberia	piawka	79	0.007233074848484849
MIX Central Siberia	pixy	79	0.0025216432694591335
MIX Central Siberia	piawka	80	0.007245762828282828
MIX Central Siberia	pixy	80	0.002537547438383416
MIX Central Siberia	piawka	81	0.007235193232323233
MIX Central Siberia	pixy	81	0.002534162822281924
MIX Central Siberia	piawka	82	0.007227747575757576
MIX Central Siberia	pixy	82	0.002531611787598078
MIX Central Siberia	piawka	83	0.007253472525252525
MIX Central Siberia	pixy	83	0.002540006159204983
MIX Central Siberia	piawka	84	0.007173072222222222
MIX Central Siberia	pixy	84	0.002513203239024279
MIX Central Siberia	piawka	85	0.007267881818181818
MIX Central Siberia	pixy	85	0.0025381694468919963
MIX Central Siberia	piawka	86	0.007253757878787879
MIX Central Siberia	pixy	86	0.0025283841576790585
MIX Central Siberia	piawka	87	0.007225630202020202
MIX Central Siberia	pixy	87	0.002535184450172865
MIX Central Siberia	piawka	88	0.0072310230303030305
MIX Central Siberia	pixy	88	0.0025333787483144787
MIX Central Siberia	piawka	89	0.007190693434343435
MIX Central Siberia	pixy	89	0.002518329262022682
MIX Central Siberia	piawka	90	0.007223482222222222
MIX Central Siberia	pixy	90	0.002531899822447784
MIX Central Siberia	piawka	91	0.0072457221212121215
MIX Central Siberia	pixy	91	0.002533053692702885
MIX Central Siberia	piawka	92	0.007180888383838384
MIX Central Siberia	pixy	92	0.0025226170053273492
MIX Central Siberia	piawka	93	0.007257696060606061
MIX Central Siberia	pixy	93	0.002537773345967518
MIX Central Siberia	piawka	94	0.007200638888888889
MIX Central Siberia	pixy	94	0.0025129817609059447
MIX Central Siberia	piawka	95	0.007165927777777779
MIX Central Siberia	pixy	95	0.0025242699757985687
MIX Central Siberia	piawka	96	0.007108877272727273
MIX Central Siberia	pixy	96	0.0025051834052306323
MIX Central Siberia	piawka	97	0.007265883434343434
MIX Central Siberia	pixy	97	0.0025435052674744993
MIX Central Siberia	piawka	98	0.007260579494949495
MIX Central Siberia	pixy	98	0.002534844305850592
MIX Central Siberia	piawka	99	0.007237411818181818
MIX Central Siberia	pixy	99	0.0025373833724372827
MIX Central Siberia	piawka	100	0.007157455050505051
MIX Central Siberia	pixy	100	0.0024935073726217644
Central Europe	piawka	1	0.011067789797979798
Central Europe	pixy	1	0.004195844661972966
Central Europe	piawka	2	0.011060035252525252
Central Europe	pixy	2	0.004216323238085327
Central Europe	piawka	3	0.011058385757575758
Central Europe	pixy	3	0.004189454588753967
Central Europe	piawka	4	0.011059636262626262
Central Europe	pixy	4	0.004202977270332375
Central Europe	piawka	5	0.011107588282828283
Central Europe	pixy	5	0.004220737871079416
Central Europe	piawka	6	0.011060548383838385
Central Europe	pixy	6	0.004209404679100886
Central Europe	piawka	7	0.011070364545454544
Central Europe	pixy	7	0.004206232666195198
Central Europe	piawka	8	0.011028049393939393
Central Europe	pixy	8	0.0041956498224692855
Central Europe	piawka	9	0.011036278686868687
Central Europe	pixy	9	0.004165700798656555
Central Europe	piawka	10	0.011094233535353536
Central Europe	pixy	10	0.004215410260004626
Central Europe	piawka	11	0.011089344545454545
Central Europe	pixy	11	0.004206160455806664
Central Europe	piawka	12	0.011076656464646466
Central Europe	pixy	12	0.004201102219380606
Central Europe	piawka	13	0.011018815050505051
Central Europe	pixy	13	0.004160572810207853
Central Europe	piawka	14	0.01100140595959596
Central Europe	pixy	14	0.0041651476872353495
Central Europe	piawka	15	0.01103261707070707
Central Europe	pixy	15	0.0041858223669281585
Central Europe	piawka	16	0.011006244343434344
Central Europe	pixy	16	0.004135532138188151
Central Europe	piawka	17	0.01107360191919192
Central Europe	pixy	17	0.004173126721129292
Central Europe	piawka	18	0.011097281010101009
Central Europe	pixy	18	0.004217624275730136
Central Europe	piawka	19	0.011098587676767677
Central Europe	pixy	19	0.004212457977788322
Central Europe	piawka	20	0.010995675656565658
Central Europe	pixy	20	0.004143861785307174
Central Europe	piawka	21	0.011063067575757576
Central Europe	pixy	21	0.004184961464229821
Central Europe	piawka	22	0.011045731212121213
Central Europe	pixy	22	0.004197974602887546
Central Europe	piawka	23	0.01108661101010101
Central Europe	pixy	23	0.004218746734092028
Central Europe	piawka	24	0.011069944343434343
Central Europe	pixy	24	0.004197370562716037
Central Europe	piawka	25	0.011106491212121213
Central Europe	pixy	25	0.00422264795352883
Central Europe	piawka	26	0.011090070909090909
Central Europe	pixy	26	0.004214915231120389
Central Europe	piawka	27	0.011072187777777779
Central Europe	pixy	27	0.004199092511184746
Central Europe	piawka	28	0.01109876303030303
Central Europe	pixy	28	0.004220401029606116
Central Europe	piawka	29	0.011056522121212121
Central Europe	pixy	29	0.0042007217782211595
Central Europe	piawka	30	0.011037774646464646
Central Europe	pixy	30	0.004187328244511752
Central Europe	piawka	31	0.011017985757575758
Central Europe	pixy	31	0.004150983207711273
Central Europe	piawka	32	0.011075109999999999
Central Europe	pixy	32	0.00421101974206354
Central Europe	piawka	33	0.011080348383838383
Central Europe	pixy	33	0.004213890863013094
Central Europe	piawka	34	0.011074857474747474
Central Europe	pixy	34	0.0042093168268445575
Central Europe	piawka	35	0.011113295252525253
Central Europe	pixy	35	0.004221348273502756
Central Europe	piawka	36	0.011115563434343435
Central Europe	pixy	36	0.004226807256138105
Central Europe	piawka	37	0.011117013737373737
Central Europe	pixy	37	0.004226368411715204
Central Europe	piawka	38	0.011099502828282828
Central Europe	pixy	38	0.004223845003056582
Central Europe	piawka	39	0.011082858484848485
Central Europe	pixy	39	0.004211990235044655
Central Europe	piawka	40	0.011089266767676766
Central Europe	pixy	40	0.0042094566285186125
Central Europe	piawka	41	0.01111340090909091
Central Europe	pixy	41	0.004229640553777587
Central Europe	piawka	42	0.011103235656565657
Central Europe	pixy	42	0.0042240970862549194
Central Europe	piawka	43	0.011097010808080808
Central Europe	pixy	43	0.004217580885911626
Central Europe	piawka	44	0.011082349393939395
Central Europe	pixy	44	0.004211658761008572
Central Europe	piawka	45	0.01109919515151515
Central Europe	pixy	45	0.004220447055778288
Central Europe	piawka	46	0.01109562707070707
Central Europe	pixy	46	0.004216919761565774
Central Europe	piawka	47	0.01110549494949495
Central Europe	pixy	47	0.00421775631363947
Central Europe	piawka	48	0.011055084747474747
Central Europe	pixy	48	0.004174791649063064
Central Europe	piawka	49	0.011039287777777776
Central Europe	pixy	49	0.004173918998100151
Central Europe	piawka	50	0.011110184747474746
Central Europe	pixy	50	0.004228713921074697
Central Europe	piawka	51	0.01109166111111111
Central Europe	pixy	51	0.004208881933387606
Central Europe	piawka	52	0.011092595454545454
Central Europe	pixy	52	0.004218697719682115
Central Europe	piawka	53	0.011116747777777778
Central Europe	pixy	53	0.00422857986540617
Central Europe	piawka	54	0.011101792121212121
Central Europe	pixy	54	0.004210484105757509
Central Europe	piawka	55	0.011118486363636363
Central Europe	pixy	55	0.004222949166308204
Central Europe	piawka	56	0.011068583737373737
Central Europe	pixy	56	0.004194964546851146
Central Europe	piawka	57	0.010959901919191918
Central Europe	pixy	57	0.004139556211546452
Central Europe	piawka	58	0.011142469494949495
Central Europe	pixy	58	0.004226097212512885
Central Europe	piawka	59	0.01104700696969697
Central Europe	pixy	59	0.004182659368701796
Central Europe	piawka	60	0.01109503606060606
Central Europe	pixy	60	0.004194598253561059
Central Europe	piawka	61	0.011078245353535354
Central Europe	pixy	61	0.004201561392194899
Central Europe	piawka	62	0.011038947373737373
Central Europe	pixy	62	0.004163642549614476
Central Europe	piawka	63	0.011138426666666666
Central Europe	pixy	63	0.004221086492327257
Central Europe	piawka	64	0.011078547373737374
Central Europe	pixy	64	0.0042108189964603915
Central Europe	piawka	65	0.011060876666666665
Central Europe	pixy	65	0.004206370361668263
Central Europe	piawka	66	0.011065208989898991
Central Europe	pixy	66	0.004199112432495017
Central Europe	piawka	67	0.011108227373737374
Central Europe	pixy	67	0.004207107767486275
Central Europe	piawka	68	0.01113099202020202
Central Europe	pixy	68	0.004225516271530219
Central Europe	piawka	69	0.01113243303030303
Central Europe	pixy	69	0.004228777996290569
Central Europe	piawka	70	0.011107595252525254
Central Europe	pixy	70	0.004218043599090618
Central Europe	piawka	71	0.011129597070707072
Central Europe	pixy	71	0.004228096548622784
Central Europe	piawka	72	0.011147986565656565
Central Europe	pixy	72	0.004237186576155234
Central Europe	piawka	73	0.011107302323232324
Central Europe	pixy	73	0.004223705293267535
Central Europe	piawka	74	0.011100142727272728
Central Europe	pixy	74	0.0042159957009868364
Central Europe	piawka	75	0.011058361515151514
Central Europe	pixy	75	0.004196108911398338
Central Europe	piawka	76	0.011090917272727274
Central Europe	pixy	76	0.004212780415655621
Central Europe	piawka	77	0.011072427171717173
Central Europe	pixy	77	0.004199590232080142
Central Europe	piawka	78	0.011082644343434344
Central Europe	pixy	78	0.004221449323553796
Central Europe	piawka	79	0.011061269595959596
Central Europe	pixy	79	0.0041955094696501044
Central Europe	piawka	80	0.01105612111111111
Central Europe	pixy	80	0.00420128894052691
Central Europe	piawka	81	0.011100720404040403
Central Europe	pixy	81	0.004223269149940621
Central Europe	piawka	82	0.011082285757575758
Central Europe	pixy	82	0.004196179212573107
Central Europe	piawka	83	0.01110095595959596
Central Europe	pixy	83	0.004198193508922869
Central Europe	piawka	84	0.011051058484848485
Central Europe	pixy	84	0.004173543485747565
Central Europe	piawka	85	0.011106633232323233
Central Europe	pixy	85	0.0042154914140235585
Central Europe	piawka	86	0.011071924141414141
Central Europe	pixy	86	0.0041924358287296635
Central Europe	piawka	87	0.011062580707070708
Central Europe	pixy	87	0.0042069033995982
Central Europe	piawka	88	0.011083568585858586
Central Europe	pixy	88	0.004203801981316555
Central Europe	piawka	89	0.011065337272727273
Central Europe	pixy	89	0.004192059132583793
Central Europe	piawka	90	0.011083965555555556
Central Europe	pixy	90	0.0042066032735696484
Central Europe	piawka	91	0.011076930202020201
Central Europe	pixy	91	0.0041823121661718355
Central Europe	piawka	92	0.011044661515151516
Central Europe	pixy	92	0.0041995481076282475
Central Europe	piawka	93	0.011063766565656566
Central Europe	pixy	93	0.004201655678009733
Central Europe	piawka	94	0.011041946363636363
Central Europe	pixy	94	0.004191366934992974
Central Europe	piawka	95	0.01100972111111111
Central Europe	pixy	95	0.004175365248354921
Central Europe	piawka	96	0.011017238282828282
Central Europe	pixy	96	0.004179148339901547
Central Europe	piawka	97	0.011090231212121212
Central Europe	pixy	97	0.004214124020759805
Central Europe	piawka	98	0.011084630202020202
Central Europe	pixy	98	0.004206342557194693
Central Europe	piawka	99	0.011085380707070706
Central Europe	pixy	99	0.004213634532667896
Central Europe	piawka	100	0.011074626161616162
Central Europe	pixy	100	0.004192826286305987
Siberia SC	piawka	1	0.0008223456262626262
Siberia SC	pixy	1	0.00040370372780367474
Siberia SC	piawka	2	0.0008244227474747476
Siberia SC	pixy	2	0.000403661367470306
Siberia SC	piawka	3	0.0008282784646464646
Siberia SC	pixy	3	0.00040355308893308986
Siberia SC	piawka	4	0.0008280862626262627
Siberia SC	pixy	4	0.00040425169711029104
Siberia SC	piawka	5	0.0008289393737373737
Siberia SC	pixy	5	0.0004038486710805443
Siberia SC	piawka	6	0.0007996583636363637
Siberia SC	pixy	6	0.00039900800905609595
Siberia SC	piawka	7	0.0008106594747474747
Siberia SC	pixy	7	0.0003987363461357162
Siberia SC	piawka	8	0.0008154756363636363
Siberia SC	pixy	8	0.00040044229546122427
Siberia SC	piawka	9	0.0008263930909090909
Siberia SC	pixy	9	0.00040331050519924944
Siberia SC	piawka	10	0.000826498797979798
Siberia SC	pixy	10	0.00040371977600294845
Siberia SC	piawka	11	0.0008276462424242424
Siberia SC	pixy	11	0.0004034917141095525
Siberia SC	piawka	12	0.0008260242121212122
Siberia SC	pixy	12	0.000401368701644999
Siberia SC	piawka	13	0.0008028604848484848
Siberia SC	pixy	13	0.0003873753952692475
Siberia SC	piawka	14	0.0008139257373737374
Siberia SC	pixy	14	0.0003994005738971323
Siberia SC	piawka	15	0.0008243795353535353
Siberia SC	pixy	15	0.00040117657925526257
Siberia SC	piawka	16	0.0008257061313131313
Siberia SC	pixy	16	0.0004019163082172808
Siberia SC	piawka	17	0.0008224981515151515
Siberia SC	pixy	17	0.0003991736003455212
Siberia SC	piawka	18	0.0008272031414141415
Siberia SC	pixy	18	0.00040289485939157775
Siberia SC	piawka	19	0.0008275053333333332
Siberia SC	pixy	19	0.00040213391360784643
Siberia SC	piawka	20	0.0008236263838383838
Siberia SC	pixy	20	0.0004040429126865458
Siberia SC	piawka	21	0.0008141206868686869
Siberia SC	pixy	21	0.00039713365397632625
Siberia SC	piawka	22	0.000824553303030303
Siberia SC	pixy	22	0.00040162543410927876
Siberia SC	piawka	23	0.0008223848282828284
Siberia SC	pixy	23	0.0004016725375098232
Siberia SC	piawka	24	0.0008157613939393938
Siberia SC	pixy	24	0.0003981292659222647
Siberia SC	piawka	25	0.0008265277373737375
Siberia SC	pixy	25	0.0004024139526841212
Siberia SC	piawka	26	0.0008247115151515152
Siberia SC	pixy	26	0.00040268519653647976
Siberia SC	piawka	27	0.0008244021919191918
Siberia SC	pixy	27	0.00040232761682064844
Siberia SC	piawka	28	0.0008283447474747474
Siberia SC	pixy	28	0.00040254286889973025
Siberia SC	piawka	29	0.0008272387171717171
Siberia SC	pixy	29	0.00040164745955181515
Siberia SC	piawka	30	0.0008236414747474747
Siberia SC	pixy	30	0.0003994868649932202
Siberia SC	piawka	31	0.0008243841212121212
Siberia SC	pixy	31	0.00040237407619832726
Siberia SC	piawka	32	0.0008274636868686869
Siberia SC	pixy	32	0.00040375147005645653
Siberia SC	piawka	33	0.0008279830505050505
Siberia SC	pixy	33	0.00040238894568769693
Siberia SC	piawka	34	0.0008284068080808081
Siberia SC	pixy	34	0.00040451158027292235
Siberia SC	piawka	35	0.000829115696969697
Siberia SC	pixy	35	0.0004038236944833763
Siberia SC	piawka	36	0.0008294966666666667
Siberia SC	pixy	36	0.00040346894400138485
Siberia SC	piawka	37	0.0008274898181818181
Siberia SC	pixy	37	0.0004021126028117333
Siberia SC	piawka	38	0.0008249975858585859
Siberia SC	pixy	38	0.00040028216973482723
Siberia SC	piawka	39	0.0008268648080808081
Siberia SC	pixy	39	0.0004032745047019283
Siberia SC	piawka	40	0.0008233516262626263
Siberia SC	pixy	40	0.0003983497517990111
Siberia SC	piawka	41	0.0008297245555555556
Siberia SC	pixy	41	0.0004040238761147041
Siberia SC	piawka	42	0.0008251649191919192
Siberia SC	pixy	42	0.00040241699277338786
Siberia SC	piawka	43	0.0008205849292929292
Siberia SC	pixy	43	0.0004039669855631083
Siberia SC	piawka	44	0.0008235035959595959
Siberia SC	pixy	44	0.00040402567450625605
Siberia SC	piawka	45	0.0008238820303030302
Siberia SC	pixy	45	0.00040025341068283533
Siberia SC	piawka	46	0.0008255644545454546
Siberia SC	pixy	46	0.00040208373493794646
Siberia SC	piawka	47	0.0008235488989898989
Siberia SC	pixy	47	0.0003979252523848151
Siberia SC	piawka	48	0.0008237067777777777
Siberia SC	pixy	48	0.0004017598005019768
Siberia SC	piawka	49	0.0008224256262626263
Siberia SC	pixy	49	0.0003995568762804465
Siberia SC	piawka	50	0.0008151980606060606
Siberia SC	pixy	50	0.0003930683391438232
Siberia SC	piawka	51	0.0008237768585858586
Siberia SC	pixy	51	0.0004018311369409495
Siberia SC	piawka	52	0.0008286094545454546
Siberia SC	pixy	52	0.0004037986293450596
Siberia SC	piawka	53	0.0008229214242424242
Siberia SC	pixy	53	0.0004012225749156242
Siberia SC	piawka	54	0.0008270363535353535
Siberia SC	pixy	54	0.00039967705525166764
Siberia SC	piawka	55	0.0008276971414141414
Siberia SC	pixy	55	0.00040260098788714646
Siberia SC	piawka	56	0.0008251582828282829
Siberia SC	pixy	56	0.0004023670975679707
Siberia SC	piawka	57	0.0007955373535353536
Siberia SC	pixy	57	0.00038986162624702323
Siberia SC	piawka	58	0.000824721898989899
Siberia SC	pixy	58	0.00039888075008016264
Siberia SC	piawka	59	0.000752772404040404
Siberia SC	pixy	59	0.0003639591960534
Siberia SC	piawka	60	0.0008143093737373737
Siberia SC	pixy	60	0.0003944731472667626
Siberia SC	piawka	61	0.0008278468686868687
Siberia SC	pixy	61	0.00040410411014519084
Siberia SC	piawka	62	0.0008281341414141414
Siberia SC	pixy	62	0.00040275804634233434
Siberia SC	piawka	63	0.0008266087070707072
Siberia SC	pixy	63	0.0004017382742529798
Siberia SC	piawka	64	0.0008272295252525252
Siberia SC	pixy	64	0.0004041285657758017
Siberia SC	piawka	65	0.0008279009696969698
Siberia SC	pixy	65	0.00040319141289839295
Siberia SC	piawka	66	0.0008177855353535354
Siberia SC	pixy	66	0.00039650991217126156
Siberia SC	piawka	67	0.0008215658181818181
Siberia SC	pixy	67	0.0004006633067302192
Siberia SC	piawka	68	0.0008282568585858585
Siberia SC	pixy	68	0.00040322089026755453
Siberia SC	piawka	69	0.0008288135454545455
Siberia SC	pixy	69	0.00040155527421282015
Siberia SC	piawka	70	0.0008293100909090909
Siberia SC	pixy	70	0.0004028059739637232
Siberia SC	piawka	71	0.0008272436060606061
Siberia SC	pixy	71	0.00040339290253388284
Siberia SC	piawka	72	0.0008235570202020202
Siberia SC	pixy	72	0.00039811872677465656
Siberia SC	piawka	73	0.0008268943636363636
Siberia SC	pixy	73	0.00040234641538205453
Siberia SC	piawka	74	0.0008255470606060606
Siberia SC	pixy	74	0.0004021862444861596
Siberia SC	piawka	75	0.0008251104040404041
Siberia SC	pixy	75	0.00040278591411588483
Siberia SC	piawka	76	0.0008215072525252525
Siberia SC	pixy	76	0.00039909088149442823
Siberia SC	piawka	77	0.0008293169696969697
Siberia SC	pixy	77	0.0004048173539776313
Siberia SC	piawka	78	0.000825465393939394
Siberia SC	pixy	78	0.00040066947761414445
Siberia SC	piawka	79	0.0008245965454545454
Siberia SC	pixy	79	0.00040302722702898885
Siberia SC	piawka	80	0.0008227897373737374
Siberia SC	pixy	80	0.0003993894392298182
Siberia SC	piawka	81	0.0008243046868686868
Siberia SC	pixy	81	0.0004035856670074262
Siberia SC	piawka	82	0.0008236678282828283
Siberia SC	pixy	82	0.00040201965033278387
Siberia SC	piawka	83	0.0008222452626262627
Siberia SC	pixy	83	0.00040266362511917267
Siberia SC	piawka	84	0.0008224636262626262
Siberia SC	pixy	84	0.00039960173936452324
Siberia SC	piawka	85	0.0008234388787878787
Siberia SC	pixy	85	0.00040220931982146564
Siberia SC	piawka	86	0.0008206682626262626
Siberia SC	pixy	86	0.00039804288218403636
Siberia SC	piawka	87	0.0008167385656565658
Siberia SC	pixy	87	0.00039629990463441314
Siberia SC	piawka	88	0.0008240707373737374
Siberia SC	pixy	88	0.00040102664550596467
Siberia SC	piawka	89	0.0008275262929292929
Siberia SC	pixy	89	0.00040292500149578586
Siberia SC	piawka	90	0.0008262031818181818
Siberia SC	pixy	90	0.0004015317933991586
Siberia SC	piawka	91	0.0008289135656565657
Siberia SC	pixy	91	0.00040414587979563377
Siberia SC	piawka	92	0.0008232361414141414
Siberia SC	pixy	92	0.0003975706563110555
Siberia SC	piawka	93	0.0008251359090909091
Siberia SC	pixy	93	0.00039992201493433836
Siberia SC	piawka	94	0.0008074574545454545
Siberia SC	pixy	94	0.00039421002049155256
Siberia SC	piawka	95	0.0008129843232323233
Siberia SC	pixy	95	0.0003972901233317273
Siberia SC	piawka	96	0.0008185972525252526
Siberia SC	pixy	96	0.0003997793162451384
Siberia SC	piawka	97	0.0008248742323232323
Siberia SC	pixy	97	0.0004014984532315202
Siberia SC	piawka	98	0.000829644292929293
Siberia SC	pixy	98	0.0004038654726838697
Siberia SC	piawka	99	0.0008273702222222222
Siberia SC	pixy	99	0.000400854976149103
Siberia SC	piawka	100	0.0008289688181818182
Siberia SC	pixy	100	0.00040240877447435757
East Siberia	piawka	1	0.006516973939393939
East Siberia	pixy	1	0.00348924839370595
East Siberia	piawka	2	0.006536097171717172
East Siberia	pixy	2	0.0034859904653997626
East Siberia	piawka	3	0.0065977145454545446
East Siberia	pixy	3	0.003515009564272455
East Siberia	piawka	4	0.006586347373737374
East Siberia	pixy	4	0.0035125969548871067
East Siberia	piawka	5	0.006617408282828283
East Siberia	pixy	5	0.0035257243624374265
East Siberia	piawka	6	0.006589712525252526
East Siberia	pixy	6	0.003524114603498617
East Siberia	piawka	7	0.006595454141414142
East Siberia	pixy	7	0.0035195109256587597
East Siberia	piawka	8	0.0065499323232323225
East Siberia	pixy	8	0.003495263708548
East Siberia	piawka	9	0.006549995454545455
East Siberia	pixy	9	0.003483780959309678
East Siberia	piawka	10	0.006615721616161616
East Siberia	pixy	10	0.0035227587497198252
East Siberia	piawka	11	0.006599655757575758
East Siberia	pixy	11	0.0035201889381875884
East Siberia	piawka	12	0.006582557676767677
East Siberia	pixy	12	0.003512437440443107
East Siberia	piawka	13	0.006479262828282828
East Siberia	pixy	13	0.0034305478472633575
East Siberia	piawka	14	0.006482150707070707
East Siberia	pixy	14	0.003457610043091626
East Siberia	piawka	15	0.006506785050505051
East Siberia	pixy	15	0.003474313247602964
East Siberia	piawka	16	0.006534462828282828
East Siberia	pixy	16	0.003477628530477766
East Siberia	piawka	17	0.006521647676767677
East Siberia	pixy	17	0.0034562206901486677
East Siberia	piawka	18	0.00660318
East Siberia	pixy	18	0.003525213328826893
East Siberia	piawka	19	0.006607539393939394
East Siberia	pixy	19	0.003516634750368286
East Siberia	piawka	20	0.006599988484848485
East Siberia	pixy	20	0.003522134899896411
East Siberia	piawka	21	0.006562943535353536
East Siberia	pixy	21	0.003483202033143041
East Siberia	piawka	22	0.006561448888888889
East Siberia	pixy	22	0.003495635000157803
East Siberia	piawka	23	0.006609479797979798
East Siberia	pixy	23	0.003527122775258788
East Siberia	piawka	24	0.006572455151515152
East Siberia	pixy	24	0.003490964684955589
East Siberia	piawka	25	0.0065999514141414145
East Siberia	pixy	25	0.003521898110370789
East Siberia	piawka	26	0.006584847171717172
East Siberia	pixy	26	0.0035130802047702043
East Siberia	piawka	27	0.006581766161616161
East Siberia	pixy	27	0.003508465602947597
East Siberia	piawka	28	0.006615655454545455
East Siberia	pixy	28	0.0035246125109662397
East Siberia	piawka	29	0.006609841717171717
East Siberia	pixy	29	0.003518259887126431
East Siberia	piawka	30	0.006614070404040404
East Siberia	pixy	30	0.0035175378867702716
East Siberia	piawka	31	0.006613774343434343
East Siberia	pixy	31	0.0035295085224706767
East Siberia	piawka	32	0.0066088968686868685
East Siberia	pixy	32	0.003519247494463184
East Siberia	piawka	33	0.006597987171717172
East Siberia	pixy	33	0.0035094334953661203
East Siberia	piawka	34	0.006586528888888888
East Siberia	pixy	34	0.0035062877742013704
East Siberia	piawka	35	0.006631830606060606
East Siberia	pixy	35	0.0035330561246952404
East Siberia	piawka	36	0.006632481212121211
East Siberia	pixy	36	0.003534395848019192
East Siberia	piawka	37	0.006632798888888888
East Siberia	pixy	37	0.0035329585582017076
East Siberia	piawka	38	0.006626720505050505
East Siberia	pixy	38	0.0035327359877428883
East Siberia	piawka	39	0.00661357101010101
East Siberia	pixy	39	0.0035166106206304414
East Siberia	piawka	40	0.006604762828282829
East Siberia	pixy	40	0.003505446969833783
East Siberia	piawka	41	0.0066349556565656565
East Siberia	pixy	41	0.003534622442493253
East Siberia	piawka	42	0.006613942525252526
East Siberia	pixy	42	0.0035246558290078877
East Siberia	piawka	43	0.006618730909090909
East Siberia	pixy	43	0.0035237765426634616
East Siberia	piawka	44	0.0065998295959595965
East Siberia	pixy	44	0.0035251372084346665
East Siberia	piawka	45	0.006601156464646464
East Siberia	pixy	45	0.003520658078452086
East Siberia	piawka	46	0.0066039924242424245
East Siberia	pixy	46	0.003528165279391534
East Siberia	piawka	47	0.006595546868686869
East Siberia	pixy	47	0.0035111049341610867
East Siberia	piawka	48	0.006532723434343434
East Siberia	pixy	48	0.003483365092393718
East Siberia	piawka	49	0.006584517474747475
East Siberia	pixy	49	0.0035143551549580345
East Siberia	piawka	50	0.006611623939393939
East Siberia	pixy	50	0.0035229009094892992
East Siberia	piawka	51	0.006607377272727272
East Siberia	pixy	51	0.003523231451455876
East Siberia	piawka	52	0.006607472222222222
East Siberia	pixy	52	0.0035274315355435432
East Siberia	piawka	53	0.0065891876767676764
East Siberia	pixy	53	0.0035133085162797765
East Siberia	piawka	54	0.0065962906060606065
East Siberia	pixy	54	0.0035041159269780316
East Siberia	piawka	55	0.006615114040404041
East Siberia	pixy	55	0.0035175092169645967
East Siberia	piawka	56	0.006580229191919191
East Siberia	pixy	56	0.0034984942514480807
East Siberia	piawka	57	0.0064455567676767675
East Siberia	pixy	57	0.0034323676404821707
East Siberia	piawka	58	0.006537106262626262
East Siberia	pixy	58	0.0034773555834655945
East Siberia	piawka	59	0.006536965858585859
East Siberia	pixy	59	0.0034656940249548638
East Siberia	piawka	60	0.006571264040404041
East Siberia	pixy	60	0.0034858416025057857
East Siberia	piawka	61	0.0065968
East Siberia	pixy	61	0.0035193223012225574
East Siberia	piawka	62	0.00660065404040404
East Siberia	pixy	62	0.0035165929183361222
East Siberia	piawka	63	0.006554588080808081
East Siberia	pixy	63	0.0034977769018946303
East Siberia	piawka	64	0.006561114545454545
East Siberia	pixy	64	0.003509078341908426
East Siberia	piawka	65	0.006582045353535354
East Siberia	pixy	65	0.003506696129298377
East Siberia	piawka	66	0.006558721919191919
East Siberia	pixy	66	0.0034957677719321587
East Siberia	piawka	67	0.0066037478787878785
East Siberia	pixy	67	0.00352010643401972
East Siberia	piawka	68	0.0066055877777777775
East Siberia	pixy	68	0.003519124361355104
East Siberia	piawka	69	0.006613035454545455
East Siberia	pixy	69	0.0035246885268936778
East Siberia	piawka	70	0.00658158393939394
East Siberia	pixy	70	0.003506057343484001
East Siberia	piawka	71	0.006613972626262626
East Siberia	pixy	71	0.0035205181838276205
East Siberia	piawka	72	0.006608206060606061
East Siberia	pixy	72	0.0035258865974056937
East Siberia	piawka	73	0.006602238282828282
East Siberia	pixy	73	0.003518857918511537
East Siberia	piawka	74	0.00659987202020202
East Siberia	pixy	74	0.0035219618034009192
East Siberia	piawka	75	0.006571711212121212
East Siberia	pixy	75	0.0035023529711565317
East Siberia	piawka	76	0.0065975453535353544
East Siberia	pixy	76	0.003515376078084283
East Siberia	piawka	77	0.006607271515151515
East Siberia	pixy	77	0.003519613986516614
East Siberia	piawka	78	0.006612128484848485
East Siberia	pixy	78	0.003528343707801981
East Siberia	piawka	79	0.0065782896969696966
East Siberia	pixy	79	0.003503797960416976
East Siberia	piawka	80	0.006602391313131313
East Siberia	pixy	80	0.0035206979226669335
East Siberia	piawka	81	0.006588420808080807
East Siberia	pixy	81	0.0035180112475414133
East Siberia	piawka	82	0.006530289090909091
East Siberia	pixy	82	0.003468230251053511
East Siberia	piawka	83	0.00659429303030303
East Siberia	pixy	83	0.003515109596432601
East Siberia	piawka	84	0.006512914343434343
East Siberia	pixy	84	0.003486839105622143
East Siberia	piawka	85	0.006606097575757575
East Siberia	pixy	85	0.003516430252328608
East Siberia	piawka	86	0.006608804949494949
East Siberia	pixy	86	0.0035141701657202457
East Siberia	piawka	87	0.006561498686868687
East Siberia	pixy	87	0.0034939366494195394
East Siberia	piawka	88	0.006578276767676768
East Siberia	pixy	88	0.003506781455926324
East Siberia	piawka	89	0.00654168909090909
East Siberia	pixy	89	0.0034873818575135505
East Siberia	piawka	90	0.006561413535353535
East Siberia	pixy	90	0.0034985225664982567
East Siberia	piawka	91	0.00654912393939394
East Siberia	pixy	91	0.003478878528636006
East Siberia	piawka	92	0.0064950002020202026
East Siberia	pixy	92	0.0034773794612829897
East Siberia	piawka	93	0.00660898
East Siberia	pixy	93	0.003516616849807671
East Siberia	piawka	94	0.006545511515151516
East Siberia	pixy	94	0.0034833066231439195
East Siberia	piawka	95	0.0064835597979797975
East Siberia	pixy	95	0.0034611820472793906
East Siberia	piawka	96	0.00643997393939394
East Siberia	pixy	96	0.0034339329565978545
East Siberia	piawka	97	0.006606048080808081
East Siberia	pixy	97	0.0035233749776358656
East Siberia	piawka	98	0.006606466666666666
East Siberia	pixy	98	0.003516804331929489
East Siberia	piawka	99	0.0065877176767676765
East Siberia	pixy	99	0.0035169842538113174
East Siberia	piawka	100	0.006506751717171717
East Siberia	pixy	100	0.0034617612694535877
admixed	piawka	1	0.008651340707070706
admixed	pixy	1	0.003948984260868615
admixed	piawka	2	0.008649521515151515
admixed	pixy	2	0.003953204121328667
admixed	piawka	3	0.008702799191919191
admixed	pixy	3	0.00397013559972029
admixed	piawka	4	0.008690440808080808
admixed	pixy	4	0.003967586515749499
admixed	piawka	5	0.008718328484848485
admixed	pixy	5	0.003990785125421906
admixed	piawka	6	0.008683902727272728
admixed	pixy	6	0.003981410882511497
admixed	piawka	7	0.008684100101010101
admixed	pixy	7	0.003971601152805788
admixed	piawka	8	0.008635844747474747
admixed	pixy	8	0.003956219636865426
admixed	piawka	9	0.00863506292929293
admixed	pixy	9	0.00393578001872038
admixed	piawka	10	0.008710617171717172
admixed	pixy	10	0.003981734628972754
admixed	piawka	11	0.008691464848484848
admixed	pixy	11	0.003974188522561037
admixed	piawka	12	0.008660364646464646
admixed	pixy	12	0.003957957712713826
admixed	piawka	13	0.008567274040404041
admixed	pixy	13	0.0039012629408876295
admixed	piawka	14	0.008567247777777778
admixed	pixy	14	0.003919814101162212
admixed	piawka	15	0.008570022525252526
admixed	pixy	15	0.003928312387169836
admixed	piawka	16	0.008600749797979798
admixed	pixy	16	0.003929921174889281
admixed	piawka	17	0.008613330606060607
admixed	pixy	17	0.003911450289483072
admixed	piawka	18	0.008704106666666666
admixed	pixy	18	0.0039882825289935895
admixed	piawka	19	0.00870619404040404
admixed	pixy	19	0.003974765845993307
admixed	piawka	20	0.008579794242424242
admixed	pixy	20	0.003926785380147844
admixed	piawka	21	0.008652931616161616
admixed	pixy	21	0.003939733034701141
admixed	piawka	22	0.008652519494949495
admixed	pixy	22	0.003950432039738866
admixed	piawka	23	0.008696627373737375
admixed	pixy	23	0.003981354372932512
admixed	piawka	24	0.008668160202020202
admixed	pixy	24	0.003950132152316537
admixed	piawka	25	0.008704128080808081
admixed	pixy	25	0.003985292776404441
admixed	piawka	26	0.00869459707070707
admixed	pixy	26	0.003977026120019748
admixed	piawka	27	0.008663611616161616
admixed	pixy	27	0.003959809483287522
admixed	piawka	28	0.008710439191919191
admixed	pixy	28	0.003983532180001681
admixed	piawka	29	0.008703033737373737
admixed	pixy	29	0.0039789215013333904
admixed	piawka	30	0.008660813535353536
admixed	pixy	30	0.003966319618943667
admixed	piawka	31	0.008697462222222221
admixed	pixy	31	0.003983185304087697
admixed	piawka	32	0.008695765353535353
admixed	pixy	32	0.0039710873317705415
admixed	piawka	33	0.008677438585858586
admixed	pixy	33	0.003963394391215966
admixed	piawka	34	0.00867965101010101
admixed	pixy	34	0.003960668201504272
admixed	piawka	35	0.008712646060606061
admixed	pixy	35	0.003982163640189361
admixed	piawka	36	0.008709241111111111
admixed	pixy	36	0.003985004734563996
admixed	piawka	37	0.008710222121212122
admixed	pixy	37	0.0039797250248896745
admixed	piawka	38	0.008708889393939394
admixed	pixy	38	0.0039830169251439534
admixed	piawka	39	0.008679598181818182
admixed	pixy	39	0.003968299552582791
admixed	piawka	40	0.008681302121212122
admixed	pixy	40	0.003963911402991609
admixed	piawka	41	0.008703046262626262
admixed	pixy	41	0.003973590097755437
admixed	piawka	42	0.00867089696969697
admixed	pixy	42	0.003975905064185867
admixed	piawka	43	0.008706743636363637
admixed	pixy	43	0.003981899926066598
admixed	piawka	44	0.008668009797979798
admixed	pixy	44	0.003972895176748761
admixed	piawka	45	0.00869548202020202
admixed	pixy	45	0.003979373132147197
admixed	piawka	46	0.00868194595959596
admixed	pixy	46	0.003975035073107939
admixed	piawka	47	0.008692413535353535
admixed	pixy	47	0.003965774042327199
admixed	piawka	48	0.00861107606060606
admixed	pixy	48	0.003936662637376933
admixed	piawka	49	0.008659907272727273
admixed	pixy	49	0.003958688919558964
admixed	piawka	50	0.008704299494949495
admixed	pixy	50	0.003978873134307052
admixed	piawka	51	0.008710763737373737
admixed	pixy	51	0.003981550307191686
admixed	piawka	52	0.008707056060606061
admixed	pixy	52	0.003989707915634806
admixed	piawka	53	0.008683170505050505
admixed	pixy	53	0.0039717157001130324
admixed	piawka	54	0.008696367777777778
admixed	pixy	54	0.003971662800120882
admixed	piawka	55	0.008712350505050506
admixed	pixy	55	0.003980498744461115
admixed	piawka	56	0.008657957474747475
admixed	pixy	56	0.003949967560887173
admixed	piawka	57	0.008603323535353535
admixed	pixy	57	0.003942252664068537
admixed	piawka	58	0.008638851818181819
admixed	pixy	58	0.003934441617843537
admixed	piawka	59	0.008610407373737373
admixed	pixy	59	0.003923053494929321
admixed	piawka	60	0.008646838686868687
admixed	pixy	60	0.00392311782917542
admixed	piawka	61	0.008698064040404041
admixed	pixy	61	0.003974788885480226
admixed	piawka	62	0.00870259808080808
admixed	pixy	62	0.00398472680793812
admixed	piawka	63	0.008662337373737374
admixed	pixy	63	0.003969449245343527
admixed	piawka	64	0.008655912424242424
admixed	pixy	64	0.003973490718460324
admixed	piawka	65	0.008670990404040404
admixed	pixy	65	0.003960818354201746
admixed	piawka	66	0.008665020303030303
admixed	pixy	66	0.003963426157823265
admixed	piawka	67	0.008687997777777777
admixed	pixy	67	0.003969340035449879
admixed	piawka	68	0.008706442323232323
admixed	pixy	68	0.00398433864887072
admixed	piawka	69	0.008717750404040403
admixed	pixy	69	0.003986846275992881
admixed	piawka	70	0.008670268181818182
admixed	pixy	70	0.003957485090337222
admixed	piawka	71	0.008712204545454546
admixed	pixy	71	0.003977730772330782
admixed	piawka	72	0.008711542727272727
admixed	pixy	72	0.00398596584273944
admixed	piawka	73	0.008705850303030303
admixed	pixy	73	0.0039794166931975085
admixed	piawka	74	0.008685621010101011
admixed	pixy	74	0.003977355791485645
admixed	piawka	75	0.008667856565656567
admixed	pixy	75	0.003958129530720652
admixed	piawka	76	0.00868324202020202
admixed	pixy	76	0.003970276424786248
admixed	piawka	77	0.008691609494949494
admixed	pixy	77	0.003975364153573306
admixed	piawka	78	0.00870839414141414
admixed	pixy	78	0.003988324753485854
admixed	piawka	79	0.008680205656565658
admixed	pixy	79	0.003964698777046782
admixed	piawka	80	0.008695019090909091
admixed	pixy	80	0.0039716394721619145
admixed	piawka	81	0.008683865151515152
admixed	pixy	81	0.003974298325533404
admixed	piawka	82	0.008644431616161616
admixed	pixy	82	0.003947698985152187
admixed	piawka	83	0.008700984444444445
admixed	pixy	83	0.00397063102275191
admixed	piawka	84	0.008646520505050504
admixed	pixy	84	0.003959449566963315
admixed	piawka	85	0.008703919595959595
admixed	pixy	85	0.003977551007292563
admixed	piawka	86	0.008681167777777778
admixed	pixy	86	0.003961303897852728
admixed	piawka	87	0.008658856767676769
admixed	pixy	87	0.00395771342234077
admixed	piawka	88	0.008686606868686868
admixed	pixy	88	0.00397512612630103
admixed	piawka	89	0.008624947777777779
admixed	pixy	89	0.003949293914934673
admixed	piawka	90	0.00866956898989899
admixed	pixy	90	0.003971248466995631
admixed	piawka	91	0.008644715454545454
admixed	pixy	91	0.003932200141561264
admixed	piawka	92	0.008600286161616162
admixed	pixy	92	0.003932116853204021
admixed	piawka	93	0.008713994949494949
admixed	pixy	93	0.003978194657966196
admixed	piawka	94	0.008622436666666667
admixed	pixy	94	0.003944154653285749
admixed	piawka	95	0.008565235656565657
admixed	pixy	95	0.00392432135275262
admixed	piawka	96	0.008529493232323233
admixed	pixy	96	0.003914989227100009
admixed	piawka	97	0.00869550494949495
admixed	pixy	97	0.003981896007222524
admixed	piawka	98	0.00870996101010101
admixed	pixy	98	0.0039751148011061875
admixed	piawka	99	0.0086906898989899
admixed	pixy	99	0.003977225261327692
admixed	piawka	100	0.008590521515151515
admixed	pixy	100	0.003921412844326203
MIX Amur Basin	piawka	1	0.007274810909090909
MIX Amur Basin	pixy	1	0.0038189808914728274
MIX Amur Basin	piawka	2	0.007286504848484848
MIX Amur Basin	pixy	2	0.0038358445282466866
MIX Amur Basin	piawka	3	0.0074145101010101005
MIX Amur Basin	pixy	3	0.0038881607572028333
MIX Amur Basin	piawka	4	0.007443657777777778
MIX Amur Basin	pixy	4	0.0038981207301596738
MIX Amur Basin	piawka	5	0.007443202929292929
MIX Amur Basin	pixy	5	0.003901907260523193
MIX Amur Basin	piawka	6	0.007426328181818182
MIX Amur Basin	pixy	6	0.003892854414497687
MIX Amur Basin	piawka	7	0.0074043781818181826
MIX Amur Basin	pixy	7	0.003883834129621325
MIX Amur Basin	piawka	8	0.007390554848484848
MIX Amur Basin	pixy	8	0.003881066710926808
MIX Amur Basin	piawka	9	0.0073900746464646465
MIX Amur Basin	pixy	9	0.003876073048187024
MIX Amur Basin	piawka	10	0.007422780707070708
MIX Amur Basin	pixy	10	0.003891404212175988
MIX Amur Basin	piawka	11	0.00740409212121212
MIX Amur Basin	pixy	11	0.0038798857483184515
MIX Amur Basin	piawka	12	0.0073660940404040405
MIX Amur Basin	pixy	12	0.003864696688230311
MIX Amur Basin	piawka	13	0.007298097777777778
MIX Amur Basin	pixy	13	0.003804051373961809
MIX Amur Basin	piawka	14	0.00731712606060606
MIX Amur Basin	pixy	14	0.0038451266201776657
MIX Amur Basin	piawka	15	0.00728302202020202
MIX Amur Basin	pixy	15	0.0038269056445073544
MIX Amur Basin	piawka	16	0.007349966464646465
MIX Amur Basin	pixy	16	0.0038690600080689354
MIX Amur Basin	piawka	17	0.007337316969696969
MIX Amur Basin	pixy	17	0.003837947156561895
MIX Amur Basin	piawka	18	0.007402242121212122
MIX Amur Basin	pixy	18	0.0038838652836991174
MIX Amur Basin	piawka	19	0.007409428080808081
MIX Amur Basin	pixy	19	0.0038812981923045304
MIX Amur Basin	piawka	20	0.00729092
MIX Amur Basin	pixy	20	0.0038120547172178654
MIX Amur Basin	piawka	21	0.007367110101010102
MIX Amur Basin	pixy	21	0.003860199174398022
MIX Amur Basin	piawka	22	0.007402378282828284
MIX Amur Basin	pixy	22	0.0038839139410343747
MIX Amur Basin	piawka	23	0.007431005858585859
MIX Amur Basin	pixy	23	0.0038918638840185447
MIX Amur Basin	piawka	24	0.007380198181818182
MIX Amur Basin	pixy	24	0.003870126182130516
MIX Amur Basin	piawka	25	0.00742409404040404
MIX Amur Basin	pixy	25	0.003895173270904939
MIX Amur Basin	piawka	26	0.0073953381818181825
MIX Amur Basin	pixy	26	0.003882604768618937
MIX Amur Basin	piawka	27	0.007393875959595959
MIX Amur Basin	pixy	27	0.0038762820581667782
MIX Amur Basin	piawka	28	0.00741801202020202
MIX Amur Basin	pixy	28	0.00388812561070818
MIX Amur Basin	piawka	29	0.0074089481818181814
MIX Amur Basin	pixy	29	0.003884306474509811
MIX Amur Basin	piawka	30	0.007376834545454546
MIX Amur Basin	pixy	30	0.003873446569006069
MIX Amur Basin	piawka	31	0.007409246161616162
MIX Amur Basin	pixy	31	0.003883448823879551
MIX Amur Basin	piawka	32	0.007428685151515152
MIX Amur Basin	pixy	32	0.0038970471747382988
MIX Amur Basin	piawka	33	0.007394839090909091
MIX Amur Basin	pixy	33	0.0038730926049177455
MIX Amur Basin	piawka	34	0.007425354444444445
MIX Amur Basin	pixy	34	0.0038928111450495717
MIX Amur Basin	piawka	35	0.007426280909090909
MIX Amur Basin	pixy	35	0.0038920399838673174
MIX Amur Basin	piawka	36	0.0074227305050505055
MIX Amur Basin	pixy	36	0.0038887222620583245
MIX Amur Basin	piawka	37	0.007421041010101011
MIX Amur Basin	pixy	37	0.0038914031355464034
MIX Amur Basin	piawka	38	0.0074105222222222225
MIX Amur Basin	pixy	38	0.003884768413590447
MIX Amur Basin	piawka	39	0.007385200404040405
MIX Amur Basin	pixy	39	0.003866992017969378
MIX Amur Basin	piawka	40	0.007397704141414141
MIX Amur Basin	pixy	40	0.0038667227410198557
MIX Amur Basin	piawka	41	0.00742927595959596
MIX Amur Basin	pixy	41	0.003888194663501894
MIX Amur Basin	piawka	42	0.007404320505050505
MIX Amur Basin	pixy	42	0.003881282756427353
MIX Amur Basin	piawka	43	0.007404361111111111
MIX Amur Basin	pixy	43	0.003878678746650162
MIX Amur Basin	piawka	44	0.007411046363636363
MIX Amur Basin	pixy	44	0.003889486762956827
MIX Amur Basin	piawka	45	0.007413800808080808
MIX Amur Basin	pixy	45	0.003890478023382836
MIX Amur Basin	piawka	46	0.007402250808080809
MIX Amur Basin	pixy	46	0.0038839629243263485
MIX Amur Basin	piawka	47	0.007392796161616162
MIX Amur Basin	pixy	47	0.003875118343167092
MIX Amur Basin	piawka	48	0.00736787505050505
MIX Amur Basin	pixy	48	0.0038749681784842134
MIX Amur Basin	piawka	49	0.007361363737373738
MIX Amur Basin	pixy	49	0.003847921899219384
MIX Amur Basin	piawka	50	0.007400390808080809
MIX Amur Basin	pixy	50	0.0038868395274129735
MIX Amur Basin	piawka	51	0.00741735595959596
MIX Amur Basin	pixy	51	0.003887204041136618
MIX Amur Basin	piawka	52	0.007426460202020202
MIX Amur Basin	pixy	52	0.003892969379687979
MIX Amur Basin	piawka	53	0.007393012828282829
MIX Amur Basin	pixy	53	0.0038751855978267132
MIX Amur Basin	piawka	54	0.007408590101010102
MIX Amur Basin	pixy	54	0.0038824398003912373
MIX Amur Basin	piawka	55	0.007424584949494949
MIX Amur Basin	pixy	55	0.0038919502643966234
MIX Amur Basin	piawka	56	0.007405456767676768
MIX Amur Basin	pixy	56	0.0038783704042276543
MIX Amur Basin	piawka	57	0.00732101797979798
MIX Amur Basin	pixy	57	0.0038249543968763896
MIX Amur Basin	piawka	58	0.007379206464646465
MIX Amur Basin	pixy	58	0.0038391851100699507
MIX Amur Basin	piawka	59	0.007409305252525252
MIX Amur Basin	pixy	59	0.003877018627919198
MIX Amur Basin	piawka	60	0.007410872626262626
MIX Amur Basin	pixy	60	0.00388675518655659
MIX Amur Basin	piawka	61	0.007349480606060606
MIX Amur Basin	pixy	61	0.003851915049010876
MIX Amur Basin	piawka	62	0.00732411494949495
MIX Amur Basin	pixy	62	0.003859401800922815
MIX Amur Basin	piawka	63	0.007350711919191919
MIX Amur Basin	pixy	63	0.0038566129075846174
MIX Amur Basin	piawka	64	0.007369558787878788
MIX Amur Basin	pixy	64	0.00387096437396346
MIX Amur Basin	piawka	65	0.0073383058585858585
MIX Amur Basin	pixy	65	0.0038474853024289433
MIX Amur Basin	piawka	66	0.007313300808080808
MIX Amur Basin	pixy	66	0.003838080512774871
MIX Amur Basin	piawka	67	0.007368324343434343
MIX Amur Basin	pixy	67	0.003859461479886195
MIX Amur Basin	piawka	68	0.007390848282828283
MIX Amur Basin	pixy	68	0.003880206331032698
MIX Amur Basin	piawka	69	0.007422335454545455
MIX Amur Basin	pixy	69	0.0038937452733548254
MIX Amur Basin	piawka	70	0.0073788414141414144
MIX Amur Basin	pixy	70	0.003868830888952243
MIX Amur Basin	piawka	71	0.007401095959595959
MIX Amur Basin	pixy	71	0.0038740299804216364
MIX Amur Basin	piawka	72	0.0074249126262626265
MIX Amur Basin	pixy	72	0.00389820076236621
MIX Amur Basin	piawka	73	0.007369315858585858
MIX Amur Basin	pixy	73	0.0038607949069103466
MIX Amur Basin	piawka	74	0.00741635686868687
MIX Amur Basin	pixy	74	0.0038877250272975113
MIX Amur Basin	piawka	75	0.007392198282828283
MIX Amur Basin	pixy	75	0.003879893458417894
MIX Amur Basin	piawka	76	0.007397431717171716
MIX Amur Basin	pixy	76	0.0038779032875505756
MIX Amur Basin	piawka	77	0.007422681919191919
MIX Amur Basin	pixy	77	0.0038858357324012133
MIX Amur Basin	piawka	78	0.007411701818181818
MIX Amur Basin	pixy	78	0.003887677886185391
MIX Amur Basin	piawka	79	0.007364718989898989
MIX Amur Basin	pixy	79	0.0038467205160906026
MIX Amur Basin	piawka	80	0.007397924343434344
MIX Amur Basin	pixy	80	0.0038598125760504957
MIX Amur Basin	piawka	81	0.007382154444444444
MIX Amur Basin	pixy	81	0.0038796399951634445
MIX Amur Basin	piawka	82	0.007402291616161617
MIX Amur Basin	pixy	82	0.003880938060696211
MIX Amur Basin	piawka	83	0.00740424090909091
MIX Amur Basin	pixy	83	0.0038822268161073314
MIX Amur Basin	piawka	84	0.007367479797979798
MIX Amur Basin	pixy	84	0.003853523752804507
MIX Amur Basin	piawka	85	0.007411375353535353
MIX Amur Basin	pixy	85	0.00388871944245692
MIX Amur Basin	piawka	86	0.007421035959595959
MIX Amur Basin	pixy	86	0.003888441604283077
MIX Amur Basin	piawka	87	0.007401608686868687
MIX Amur Basin	pixy	87	0.003881915045914199
MIX Amur Basin	piawka	88	0.007415277676767677
MIX Amur Basin	pixy	88	0.0038868718095694524
MIX Amur Basin	piawka	89	0.007402568383838384
MIX Amur Basin	pixy	89	0.003871563471444082
MIX Amur Basin	piawka	90	0.007347541212121212
MIX Amur Basin	pixy	90	0.0038694188799524008
MIX Amur Basin	piawka	91	0.007357290707070707
MIX Amur Basin	pixy	91	0.0038507897827923365
MIX Amur Basin	piawka	92	0.0073379008080808085
MIX Amur Basin	pixy	92	0.0038543823278582717
MIX Amur Basin	piawka	93	0.007401872828282828
MIX Amur Basin	pixy	93	0.0038743301975121686
MIX Amur Basin	piawka	94	0.007341373535353536
MIX Amur Basin	pixy	94	0.003839116464461625
MIX Amur Basin	piawka	95	0.007290245252525253
MIX Amur Basin	pixy	95	0.0038453428434969757
MIX Amur Basin	piawka	96	0.007211302828282828
MIX Amur Basin	pixy	96	0.003776476390389389
MIX Amur Basin	piawka	97	0.007420440606060607
MIX Amur Basin	pixy	97	0.0038953138937753294
MIX Amur Basin	piawka	98	0.007412788080808081
MIX Amur Basin	pixy	98	0.0038820425395982815
MIX Amur Basin	piawka	99	0.007373081111111112
MIX Amur Basin	pixy	99	0.0038655237687532555
MIX Amur Basin	piawka	100	0.007347996767676768
MIX Amur Basin	pixy	100	0.0038479380920120394
Karelia	piawka	1	0.004197870151515151
Karelia	pixy	1	0.002177407834275697
Karelia	piawka	2	0.004242174393939394
Karelia	pixy	2	0.002209723701255609
Karelia	piawka	3	0.004232429747474747
Karelia	pixy	3	0.002197019996542595
Karelia	piawka	4	0.0041818621717171715
Karelia	pixy	4	0.0021779224290477284
Karelia	piawka	5	0.004224164292929293
Karelia	pixy	5	0.002198054348381908
Karelia	piawka	6	0.004245874090909091
Karelia	pixy	6	0.002205367795373816
Karelia	piawka	7	0.004229546717171717
Karelia	pixy	7	0.0022054069595541354
Karelia	piawka	8	0.004176678737373737
Karelia	pixy	8	0.002167011467348409
Karelia	piawka	9	0.004176863787878788
Karelia	pixy	9	0.00216179014731712
Karelia	piawka	10	0.004242143484848485
Karelia	pixy	10	0.002207579963900627
Karelia	piawka	11	0.00422778196969697
Karelia	pixy	11	0.0021975413654897204
Karelia	piawka	12	0.0042033917676767675
Karelia	pixy	12	0.0021909915671424716
Karelia	piawka	13	0.004110030656565657
Karelia	pixy	13	0.0021276942375072143
Karelia	piawka	14	0.004142728636363636
Karelia	pixy	14	0.002145622120576877
Karelia	piawka	15	0.004155588232323232
Karelia	pixy	15	0.002162706267589408
Karelia	piawka	16	0.0041610942929292925
Karelia	pixy	16	0.002151205083472671
Karelia	piawka	17	0.004246667323232324
Karelia	pixy	17	0.0022049793525292455
Karelia	piawka	18	0.004233220656565656
Karelia	pixy	18	0.00220675219198307
Karelia	piawka	19	0.004242264494949495
Karelia	pixy	19	0.0022061189097418808
Karelia	piawka	20	0.004252678535353535
Karelia	pixy	20	0.002211623258069624
Karelia	piawka	21	0.004206421868686869
Karelia	pixy	21	0.0021762522708717786
Karelia	piawka	22	0.004178410757575758
Karelia	pixy	22	0.002170212165727821
Karelia	piawka	23	0.0042453451010101015
Karelia	pixy	23	0.0022091858265877676
Karelia	piawka	24	0.004189079646464647
Karelia	pixy	24	0.00219069129290058
Karelia	piawka	25	0.004252528525252525
Karelia	pixy	25	0.0022104360247417907
Karelia	piawka	26	0.004246972777777778
Karelia	pixy	26	0.002206241250537603
Karelia	piawka	27	0.004221514292929293
Karelia	pixy	27	0.002179740389276758
Karelia	piawka	28	0.004221525101010101
Karelia	pixy	28	0.0021884643659094
Karelia	piawka	29	0.004233041060606061
Karelia	pixy	29	0.0022028258972408474
Karelia	piawka	30	0.004233138838383838
Karelia	pixy	30	0.0021978017588687353
Karelia	piawka	31	0.004234236212121212
Karelia	pixy	31	0.0022040834476529576
Karelia	piawka	32	0.004254516575757576
Karelia	pixy	32	0.0022133486030100334
Karelia	piawka	33	0.004258454888888889
Karelia	pixy	33	0.0022144571664906225
Karelia	piawka	34	0.004256880696969697
Karelia	pixy	34	0.002212524357345498
Karelia	piawka	35	0.00425556101010101
Karelia	pixy	35	0.002212843941130589
Karelia	piawka	36	0.004252949
Karelia	pixy	36	0.0022123491933720213
Karelia	piawka	37	0.004250769646464646
Karelia	pixy	37	0.0022076310273046436
Karelia	piawka	38	0.004215456111111111
Karelia	pixy	38	0.0021953381475556624
Karelia	piawka	39	0.004216553888888889
Karelia	pixy	39	0.0021949265416952575
Karelia	piawka	40	0.004209687626262626
Karelia	pixy	40	0.0021890164719622325
Karelia	piawka	41	0.004240544595959596
Karelia	pixy	41	0.0022010130808112747
Karelia	piawka	42	0.0042211262121212125
Karelia	pixy	42	0.002199232696632695
Karelia	piawka	43	0.004202065606060606
Karelia	pixy	43	0.0021909283055816463
Karelia	piawka	44	0.004193882070707071
Karelia	pixy	44	0.0021962385727362587
Karelia	piawka	45	0.004216035101010101
Karelia	pixy	45	0.002196282091389763
Karelia	piawka	46	0.0042149870202020205
Karelia	pixy	46	0.00219364153778319
Karelia	piawka	47	0.004211684898989899
Karelia	pixy	47	0.0021827902300732478
Karelia	piawka	48	0.004248853282828283
Karelia	pixy	48	0.0022089654892800043
Karelia	piawka	49	0.004252361969696969
Karelia	pixy	49	0.0022086369255296537
Karelia	piawka	50	0.004249212878787879
Karelia	pixy	50	0.002207176303519376
Karelia	piawka	51	0.004244411363636363
Karelia	pixy	51	0.002205355420352463
Karelia	piawka	52	0.004243013383838384
Karelia	pixy	52	0.0022102071084950958
Karelia	piawka	53	0.004234953585858586
Karelia	pixy	53	0.0022075849011172263
Karelia	piawka	54	0.004220127828282828
Karelia	pixy	54	0.0021955831786554425
Karelia	piawka	55	0.004224875808080808
Karelia	pixy	55	0.0021901239292882856
Karelia	piawka	56	0.004208165909090909
Karelia	pixy	56	0.0021830021671610123
Karelia	piawka	57	0.004081578131313131
Karelia	pixy	57	0.0021549275377401394
Karelia	piawka	58	0.0041846118686868685
Karelia	pixy	58	0.0021808270472542645
Karelia	piawka	59	0.00422672398989899
Karelia	pixy	59	0.0021938721672399657
Karelia	piawka	60	0.004231982979797979
Karelia	pixy	60	0.0021909092303086775
Karelia	piawka	61	0.00420585702020202
Karelia	pixy	61	0.0021917045638397735
Karelia	piawka	62	0.004241395808080808
Karelia	pixy	62	0.0022052384958826643
Karelia	piawka	63	0.004247729545454546
Karelia	pixy	63	0.0022091501386703777
Karelia	piawka	64	0.004241284595959596
Karelia	pixy	64	0.002210377028591292
Karelia	piawka	65	0.0041998495454545455
Karelia	pixy	65	0.0021855907088335048
Karelia	piawka	66	0.004172725404040404
Karelia	pixy	66	0.0021576559214868574
Karelia	piawka	67	0.004229959444444445
Karelia	pixy	67	0.002202597303787701
Karelia	piawka	68	0.0042565384141414146
Karelia	pixy	68	0.0022124604637349657
Karelia	piawka	69	0.004257456737373737
Karelia	pixy	69	0.0022133202627620295
Karelia	piawka	70	0.004219366919191919
Karelia	pixy	70	0.0021907707781540697
Karelia	piawka	71	0.004238261464646465
Karelia	pixy	71	0.0022015631992379284
Karelia	piawka	72	0.004236286818181818
Karelia	pixy	72	0.0022046190058213214
Karelia	piawka	73	0.00422469398989899
Karelia	pixy	73	0.0022036978663191728
Karelia	piawka	74	0.004207654797979798
Karelia	pixy	74	0.002187815010390526
Karelia	piawka	75	0.004233660858585858
Karelia	pixy	75	0.0021991996858112556
Karelia	piawka	76	0.004236042676767676
Karelia	pixy	76	0.0022049279175833515
Karelia	piawka	77	0.004223035707070707
Karelia	pixy	77	0.0021997736481028213
Karelia	piawka	78	0.004243433585858586
Karelia	pixy	78	0.0022086201933883293
Karelia	piawka	79	0.004208904797979798
Karelia	pixy	79	0.0021944514947393836
Karelia	piawka	80	0.004227221969696969
Karelia	pixy	80	0.0021922260356516234
Karelia	piawka	81	0.00422585398989899
Karelia	pixy	81	0.002206556743469489
Karelia	piawka	82	0.004216818131313131
Karelia	pixy	82	0.0021924193226591253
Karelia	piawka	83	0.004216242878787879
Karelia	pixy	83	0.0022070802456832404
Karelia	piawka	84	0.004199917828282828
Karelia	pixy	84	0.002186279418190489
Karelia	piawka	85	0.004249665101010101
Karelia	pixy	85	0.002207455970228813
Karelia	piawka	86	0.004229890050505051
Karelia	pixy	86	0.0021929915143512647
Karelia	piawka	87	0.004200308535353536
Karelia	pixy	87	0.0021915041626382786
Karelia	piawka	88	0.004239018939393939
Karelia	pixy	88	0.0021986998504069334
Karelia	piawka	89	0.004191180454545454
Karelia	pixy	89	0.002179523447418043
Karelia	piawka	90	0.004189146919191919
Karelia	pixy	90	0.002195216620485488
Karelia	piawka	91	0.004219402777777778
Karelia	pixy	91	0.002199739217248783
Karelia	piawka	92	0.0042294852020202025
Karelia	pixy	92	0.0022058209427581335
Karelia	piawka	93	0.004236646111111111
Karelia	pixy	93	0.0022017797592557313
Karelia	piawka	94	0.004170953181818182
Karelia	pixy	94	0.0021671489294544546
Karelia	piawka	95	0.0041854691414141415
Karelia	pixy	95	0.0021779672507983524
Karelia	piawka	96	0.0041517478282828285
Karelia	pixy	96	0.002159714611752167
Karelia	piawka	97	0.004258144363636363
Karelia	pixy	97	0.0022139025404486657
Karelia	piawka	98	0.004253383171717172
Karelia	pixy	98	0.002213945240048531
Karelia	piawka	99	0.004247138434343435
Karelia	pixy	99	0.0022095219608641394
Karelia	piawka	100	0.004223865606060606
Karelia	pixy	100	0.002195085798401421
North America	piawka	1	0.005030409191919192
North America	pixy	1	0.0028102433591433856
North America	piawka	2	0.0050841094949494944
North America	pixy	2	0.0028447863212758577
North America	piawka	3	0.005047217272727273
North America	pixy	3	0.00281529519556768
North America	piawka	4	0.005050430303030303
North America	pixy	4	0.002825050829562696
North America	piawka	5	0.005089952323232324
North America	pixy	5	0.002846888399254436
North America	piawka	6	0.005058779393939394
North America	pixy	6	0.0028337448924990838
North America	piawka	7	0.00506699797979798
North America	pixy	7	0.0028339980883436604
North America	piawka	8	0.005057078282828283
North America	pixy	8	0.002823406577943202
North America	piawka	9	0.005063937171717171
North America	pixy	9	0.00282605953074917
North America	piawka	10	0.0050950944444444445
North America	pixy	10	0.002843066151808304
North America	piawka	11	0.005086183232323233
North America	pixy	11	0.0028416559939855586
North America	piawka	12	0.005078293333333333
North America	pixy	12	0.0028350808287898334
North America	piawka	13	0.00504223797979798
North America	pixy	13	0.002803780524962906
North America	piawka	14	0.004973703939393939
North America	pixy	14	0.002775009058630119
North America	piawka	15	0.0049868322222222225
North America	pixy	15	0.0027938864671058334
North America	piawka	16	0.004972270606060606
North America	pixy	16	0.002779717752333884
North America	piawka	17	0.005057394646464646
North America	pixy	17	0.0028135560597430617
North America	piawka	18	0.005081262828282828
North America	pixy	18	0.00283847291832229
North America	piawka	19	0.005084873838383838
North America	pixy	19	0.0028366093527895306
North America	piawka	20	0.005071012121212121
North America	pixy	20	0.0028288155479985434
North America	piawka	21	0.005026337373737373
North America	pixy	21	0.0027900198510597113
North America	piawka	22	0.00504242505050505
North America	pixy	22	0.0028074544345081643
North America	piawka	23	0.005072077474747475
North America	pixy	23	0.0028324693270048275
North America	piawka	24	0.0050378252525252526
North America	pixy	24	0.002810545392764485
North America	piawka	25	0.00507174202020202
North America	pixy	25	0.00283212547618744
North America	piawka	26	0.005071230606060606
North America	pixy	26	0.0028336479167426556
North America	piawka	27	0.005061770404040404
North America	pixy	27	0.0028293458312588404
North America	piawka	28	0.005083136666666667
North America	pixy	28	0.0028425772877693502
North America	piawka	29	0.005072235151515152
North America	pixy	29	0.0028335142845454984
North America	piawka	30	0.005064806363636364
North America	pixy	30	0.002828254294506851
North America	piawka	31	0.005055085656565657
North America	pixy	31	0.0028191504537654253
North America	piawka	32	0.0050753135353535355
North America	pixy	32	0.0028353775857473677
North America	piawka	33	0.005061821313131314
North America	pixy	33	0.0028238222414459987
North America	piawka	34	0.005062443333333334
North America	pixy	34	0.002825430960901804
North America	piawka	35	0.005089384141414141
North America	pixy	35	0.00284180300328899
North America	piawka	36	0.005075693030303031
North America	pixy	36	0.002837734918488457
North America	piawka	37	0.005089244747474747
North America	pixy	37	0.002839258393589163
North America	piawka	38	0.005095419898989899
North America	pixy	38	0.0028438069850607343
North America	piawka	39	0.005090207878787879
North America	pixy	39	0.0028418888780269436
North America	piawka	40	0.00507916696969697
North America	pixy	40	0.0028323864492998526
North America	piawka	41	0.005093655656565657
North America	pixy	41	0.00284167676135128
North America	piawka	42	0.005074134141414141
North America	pixy	42	0.0028326646082315575
North America	piawka	43	0.005080325151515152
North America	pixy	43	0.002833427014563785
North America	piawka	44	0.0050697919191919185
North America	pixy	44	0.002837616573604035
North America	piawka	45	0.0050741770707070704
North America	pixy	45	0.002837716144382022
North America	piawka	46	0.0050628374747474746
North America	pixy	46	0.0028230891532968453
North America	piawka	47	0.005080646565656566
North America	pixy	47	0.0028396255572906396
North America	piawka	48	0.004972060505050505
North America	pixy	48	0.002780794565474533
North America	piawka	49	0.004988543333333333
North America	pixy	49	0.002781499426010054
North America	piawka	50	0.005078528989898991
North America	pixy	50	0.002838346769618496
North America	piawka	51	0.005053293737373737
North America	pixy	51	0.002831205320525625
North America	piawka	52	0.005088765050505051
North America	pixy	52	0.0028433756359910515
North America	piawka	53	0.005087032323232323
North America	pixy	53	0.0028402502727094816
North America	piawka	54	0.00505905898989899
North America	pixy	54	0.002825476124867392
North America	piawka	55	0.00506238808080808
North America	pixy	55	0.0028284714264429083
North America	piawka	56	0.005071225656565656
North America	pixy	56	0.002830600776627739
North America	piawka	57	0.004971545353535354
North America	pixy	57	0.002787463819587493
North America	piawka	58	0.005016770303030303
North America	pixy	58	0.002797974398541868
North America	piawka	59	0.004996419090909091
North America	pixy	59	0.002779342245902521
North America	piawka	60	0.005027853232323232
North America	pixy	60	0.0028096794026700386
North America	piawka	61	0.005031127373737374
North America	pixy	61	0.002821733091159079
North America	piawka	62	0.005088939494949495
North America	pixy	62	0.0028447105282498777
North America	piawka	63	0.005092237575757576
North America	pixy	63	0.002843450863601903
North America	piawka	64	0.005080655656565657
North America	pixy	64	0.002838971321683068
North America	piawka	65	0.005085348080808081
North America	pixy	65	0.002840000889129754
North America	piawka	66	0.005032962424242424
North America	pixy	66	0.0027985891484564917
North America	piawka	67	0.005071515555555555
North America	pixy	67	0.0028309631239600746
North America	piawka	68	0.005095843333333333
North America	pixy	68	0.002849586988041269
North America	piawka	69	0.005094192323232323
North America	pixy	69	0.0028457474951312537
North America	piawka	70	0.0050814868686868695
North America	pixy	70	0.0028420423254368727
North America	piawka	71	0.005062658484848485
North America	pixy	71	0.002824965733843697
North America	piawka	72	0.00509938696969697
North America	pixy	72	0.0028478361317254425
North America	piawka	73	0.0050780374747474745
North America	pixy	73	0.00284108805814401
North America	piawka	74	0.005081421414141414
North America	pixy	74	0.0028364631008359373
North America	piawka	75	0.00508910393939394
North America	pixy	75	0.0028422958585473607
North America	piawka	76	0.005092057676767677
North America	pixy	76	0.0028445458955373027
North America	piawka	77	0.005087038080808081
North America	pixy	77	0.0028445560739302597
North America	piawka	78	0.005070476969696969
North America	pixy	78	0.002836526825854994
North America	piawka	79	0.005070179292929293
North America	pixy	79	0.002834772003049283
North America	piawka	80	0.005047828888888889
North America	pixy	80	0.002824732710384575
North America	piawka	81	0.005062334141414142
North America	pixy	81	0.0028286725480796233
North America	piawka	82	0.00507554797979798
North America	pixy	82	0.002834991620254719
North America	piawka	83	0.005054781717171717
North America	pixy	83	0.002823888939817356
North America	piawka	84	0.004998917070707071
North America	pixy	84	0.0027920549232707758
North America	piawka	85	0.005068714444444444
North America	pixy	85	0.002831855836426104
North America	piawka	86	0.005063965252525253
North America	pixy	86	0.002820508261775899
North America	piawka	87	0.005090516363636364
North America	pixy	87	0.0028440418261091987
North America	piawka	88	0.005091070303030304
North America	pixy	88	0.0028435563775182486
North America	piawka	89	0.005092298888888889
North America	pixy	89	0.0028460997178913787
North America	piawka	90	0.005084435454545454
North America	pixy	90	0.0028368840030206207
North America	piawka	91	0.005052721313131313
North America	pixy	91	0.0028176902816825326
North America	piawka	92	0.005065784444444444
North America	pixy	92	0.00282839849684569
North America	piawka	93	0.005060434444444445
North America	pixy	93	0.002816188985048096
North America	piawka	94	0.004992568585858586
North America	pixy	94	0.0027897640265044316
North America	piawka	95	0.005022863333333333
North America	pixy	95	0.0028059275369121542
North America	piawka	96	0.005010560505050505
North America	pixy	96	0.002807317269095696
North America	piawka	97	0.005077458484848484
North America	pixy	97	0.0028413255160438535
North America	piawka	98	0.005083043636363636
North America	pixy	98	0.002832496979260784
North America	piawka	99	0.00508256393939394
North America	pixy	99	0.0028360868993338273
North America	piawka	100	0.005086221717171717
North America	pixy	100	0.0028397128963684485
Northern Ural	piawka	1	0.007503717878787878
Northern Ural	pixy	1	0.0020569622610932506
Northern Ural	piawka	2	0.007522577474747475
Northern Ural	pixy	2	0.0020721134918152335
Northern Ural	piawka	3	0.007546229898989899
Northern Ural	pixy	3	0.002076252411561891
Northern Ural	piawka	4	0.00753947101010101
Northern Ural	pixy	4	0.002074625330309968
Northern Ural	piawka	5	0.007573645454545455
Northern Ural	pixy	5	0.002088365216749704
Northern Ural	piawka	6	0.00753183303030303
Northern Ural	pixy	6	0.002085366890602536
Northern Ural	piawka	7	0.007549727777777778
Northern Ural	pixy	7	0.0020805693647513624
Northern Ural	piawka	8	0.007518615656565656
Northern Ural	pixy	8	0.0020765422289361667
Northern Ural	piawka	9	0.007495981515151515
Northern Ural	pixy	9	0.0020709307601387474
Northern Ural	piawka	10	0.007576617373737374
Northern Ural	pixy	10	0.0020840051938562235
Northern Ural	piawka	11	0.007560727777777778
Northern Ural	pixy	11	0.0020739609021292243
Northern Ural	piawka	12	0.007527202626262626
Northern Ural	pixy	12	0.002066117451655038
Northern Ural	piawka	13	0.007473694646464646
Northern Ural	pixy	13	0.002045378416283531
Northern Ural	piawka	14	0.00741333707070707
Northern Ural	pixy	14	0.002015232293233622
Northern Ural	piawka	15	0.007483866363636364
Northern Ural	pixy	15	0.0020682139695100132
Northern Ural	piawka	16	0.007501740101010101
Northern Ural	pixy	16	0.0020378994108566847
Northern Ural	piawka	17	0.00748372595959596
Northern Ural	pixy	17	0.002020115308261907
Northern Ural	piawka	18	0.007565312929292929
Northern Ural	pixy	18	0.0020862812867275433
Northern Ural	piawka	19	0.007545024747474748
Northern Ural	pixy	19	0.0020780081080656707
Northern Ural	piawka	20	0.007510805757575758
Northern Ural	pixy	20	0.0020749623458068012
Northern Ural	piawka	21	0.007525497676767677
Northern Ural	pixy	21	0.0020607007510779624
Northern Ural	piawka	22	0.007513843434343435
Northern Ural	pixy	22	0.002065200851324804
Northern Ural	piawka	23	0.007573223131313131
Northern Ural	pixy	23	0.00208777899111167
Northern Ural	piawka	24	0.007545909393939394
Northern Ural	pixy	24	0.0020809768750014272
Northern Ural	piawka	25	0.007559257575757576
Northern Ural	pixy	25	0.0020844577808854527
Northern Ural	piawka	26	0.0075467066666666666
Northern Ural	pixy	26	0.0020777784663796586
Northern Ural	piawka	27	0.007554609696969697
Northern Ural	pixy	27	0.002078598080100777
Northern Ural	piawka	28	0.0075587904040404046
Northern Ural	pixy	28	0.002079299622419512
Northern Ural	piawka	29	0.00754899
Northern Ural	pixy	29	0.0020820260174002495
Northern Ural	piawka	30	0.007542160202020203
Northern Ural	pixy	30	0.0020852414459956816
Northern Ural	piawka	31	0.007530567979797979
Northern Ural	pixy	31	0.002081858698209809
Northern Ural	piawka	32	0.007557322424242424
Northern Ural	pixy	32	0.002075490069440937
Northern Ural	piawka	33	0.007548111212121212
Northern Ural	pixy	33	0.0020727604073573777
Northern Ural	piawka	34	0.007541376565656566
Northern Ural	pixy	34	0.0020725782352537356
Northern Ural	piawka	35	0.007577383535353536
Northern Ural	pixy	35	0.002088508538709183
Northern Ural	piawka	36	0.007566756060606061
Northern Ural	pixy	36	0.002083786823022875
Northern Ural	piawka	37	0.00756397303030303
Northern Ural	pixy	37	0.002078255906905092
Northern Ural	piawka	38	0.007566494444444445
Northern Ural	pixy	38	0.0020847049465118938
Northern Ural	piawka	39	0.007538524242424243
Northern Ural	pixy	39	0.0020777810681192445
Northern Ural	piawka	40	0.0075287967676767684
Northern Ural	pixy	40	0.002069213194579224
Northern Ural	piawka	41	0.007571522727272727
Northern Ural	pixy	41	0.002088775927899384
Northern Ural	piawka	42	0.00756325898989899
Northern Ural	pixy	42	0.002087826229037282
Northern Ural	piawka	43	0.007572223535353535
Northern Ural	pixy	43	0.0020820967889052604
Northern Ural	piawka	44	0.00754226606060606
Northern Ural	pixy	44	0.002081384808666126
Northern Ural	piawka	45	0.007557742626262626
Northern Ural	pixy	45	0.0020777936098723506
Northern Ural	piawka	46	0.007566169090909091
Northern Ural	pixy	46	0.0020886504146166635
Northern Ural	piawka	47	0.007556240707070707
Northern Ural	pixy	47	0.0020747564676626526
Northern Ural	piawka	48	0.007522943838383838
Northern Ural	pixy	48	0.002069375148050429
Northern Ural	piawka	49	0.007547028989898989
Northern Ural	pixy	49	0.002074510312154805
Northern Ural	piawka	50	0.007572515454545454
Northern Ural	pixy	50	0.0020856437432047385
Northern Ural	piawka	51	0.007560963131313132
Northern Ural	pixy	51	0.002084383836282445
Northern Ural	piawka	52	0.00757611505050505
Northern Ural	pixy	52	0.0020897123037497546
Northern Ural	piawka	53	0.007553364848484849
Northern Ural	pixy	53	0.0020845433356729485
Northern Ural	piawka	54	0.007557688080808081
Northern Ural	pixy	54	0.002079230525572297
Northern Ural	piawka	55	0.007557176767676768
Northern Ural	pixy	55	0.0020864070790931125
Northern Ural	piawka	56	0.007509498686868687
Northern Ural	pixy	56	0.00206131839407007
Northern Ural	piawka	57	0.0074652461616161615
Northern Ural	pixy	57	0.002058013216482148
Northern Ural	piawka	58	0.0075339362626262625
Northern Ural	pixy	58	0.002056804820474106
Northern Ural	piawka	59	0.007494407777777778
Northern Ural	pixy	59	0.002052947391678391
Northern Ural	piawka	60	0.007538190505050506
Northern Ural	pixy	60	0.0020599193334691645
Northern Ural	piawka	61	0.00755799707070707
Northern Ural	pixy	61	0.002086242795933481
Northern Ural	piawka	62	0.007555311010101011
Northern Ural	pixy	62	0.0020833597542755516
Northern Ural	piawka	63	0.007497580505050504
Northern Ural	pixy	63	0.00206520874505641
Northern Ural	piawka	64	0.007522987474747475
Northern Ural	pixy	64	0.002078244042120777
Northern Ural	piawka	65	0.007532048080808081
Northern Ural	pixy	65	0.0020716406331339624
Northern Ural	piawka	66	0.007525550303030303
Northern Ural	pixy	66	0.0020669103183050667
Northern Ural	piawka	67	0.007559277676767676
Northern Ural	pixy	67	0.0020826712951523482
Northern Ural	piawka	68	0.0075583612121212125
Northern Ural	pixy	68	0.002081548564457929
Northern Ural	piawka	69	0.007570419595959596
Northern Ural	pixy	69	0.0020872315302993467
Northern Ural	piawka	70	0.007527767373737374
Northern Ural	pixy	70	0.0020705918746377868
Northern Ural	piawka	71	0.007568361818181818
Northern Ural	pixy	71	0.002082409520290788
Northern Ural	piawka	72	0.00756385898989899
Northern Ural	pixy	72	0.002085305301253919
Northern Ural	piawka	73	0.007544679191919192
Northern Ural	pixy	73	0.00207802566470159
Northern Ural	piawka	74	0.007542982626262626
Northern Ural	pixy	74	0.0020809292887474383
Northern Ural	piawka	75	0.007540743737373737
Northern Ural	pixy	75	0.002084076879271107
Northern Ural	piawka	76	0.007537499393939394
Northern Ural	pixy	76	0.002079861558850312
Northern Ural	piawka	77	0.007550715555555555
Northern Ural	pixy	77	0.0020780396115807316
Northern Ural	piawka	78	0.00756652202020202
Northern Ural	pixy	78	0.0020885484650101345
Northern Ural	piawka	79	0.007543541717171718
Northern Ural	pixy	79	0.0020739173087438584
Northern Ural	piawka	80	0.007554790909090909
Northern Ural	pixy	80	0.002080291333569003
Northern Ural	piawka	81	0.007546631717171717
Northern Ural	pixy	81	0.0020802469955662354
Northern Ural	piawka	82	0.007530261818181818
Northern Ural	pixy	82	0.0020724107924589273
Northern Ural	piawka	83	0.007548369898989898
Northern Ural	pixy	83	0.002081438749625391
Northern Ural	piawka	84	0.007502467373737373
Northern Ural	pixy	84	0.002078084930739916
Northern Ural	piawka	85	0.007556466464646465
Northern Ural	pixy	85	0.002078549680905776
Northern Ural	piawka	86	0.0075350155555555555
Northern Ural	pixy	86	0.002057195133931999
Northern Ural	piawka	87	0.007524355252525252
Northern Ural	pixy	87	0.0020751025614725404
Northern Ural	piawka	88	0.007551630303030303
Northern Ural	pixy	88	0.0020788596415347253
Northern Ural	piawka	89	0.007521237777777778
Northern Ural	pixy	89	0.0020664030978607634
Northern Ural	piawka	90	0.0075413670707070715
Northern Ural	pixy	90	0.002081204939186508
Northern Ural	piawka	91	0.007550960707070707
Northern Ural	pixy	91	0.0020648009697186265
Northern Ural	piawka	92	0.00748282090909091
Northern Ural	pixy	92	0.002058585411781515
Northern Ural	piawka	93	0.007570387979797979
Northern Ural	pixy	93	0.0020861187285399173
Northern Ural	piawka	94	0.007510506767676767
Northern Ural	pixy	94	0.002069487749834686
Northern Ural	piawka	95	0.007467487575757575
Northern Ural	pixy	95	0.0020667601366741043
Northern Ural	piawka	96	0.007431107777777778
Northern Ural	pixy	96	0.0020638801527798536
Northern Ural	piawka	97	0.007545133232323233
Northern Ural	pixy	97	0.0020803499500272027
Northern Ural	piawka	98	0.0075593868686868685
Northern Ural	pixy	98	0.0020748758426547866
Northern Ural	piawka	99	0.007552121111111111
Northern Ural	pixy	99	0.002079785031908509
Northern Ural	piawka	100	0.007467208787878788
Northern Ural	pixy	100	0.0020325174828096605
West Siberia	piawka	1	0.006759318585858586
West Siberia	pixy	1	0.003661753056336873
West Siberia	piawka	2	0.006699845151515151
West Siberia	pixy	2	0.003639129006060178
West Siberia	piawka	3	0.006757760606060606
West Siberia	pixy	3	0.003663290411495972
West Siberia	piawka	4	0.006746842222222223
West Siberia	pixy	4	0.003654330939820984
West Siberia	piawka	5	0.006765817171717172
West Siberia	pixy	5	0.0036717693773124
West Siberia	piawka	6	0.006754843535353536
West Siberia	pixy	6	0.003671071997504245
West Siberia	piawka	7	0.006738880707070707
West Siberia	pixy	7	0.0036624013278106072
West Siberia	piawka	8	0.006702554444444444
West Siberia	pixy	8	0.00363478283426086
West Siberia	piawka	9	0.0067359433333333335
West Siberia	pixy	9	0.0036482210301433224
West Siberia	piawka	10	0.006774530808080808
West Siberia	pixy	10	0.0036744719633285574
West Siberia	piawka	11	0.006760431818181818
West Siberia	pixy	11	0.0036693429907933063
West Siberia	piawka	12	0.006725021919191919
West Siberia	pixy	12	0.0036520039800250295
West Siberia	piawka	13	0.006655446363636364
West Siberia	pixy	13	0.0035922971170599368
West Siberia	piawka	14	0.006624239292929293
West Siberia	pixy	14	0.0036087647532003757
West Siberia	piawka	15	0.006622275656565656
West Siberia	pixy	15	0.00361016475748911
West Siberia	piawka	16	0.006682376666666667
West Siberia	pixy	16	0.003623195572391979
West Siberia	piawka	17	0.006689541313131314
West Siberia	pixy	17	0.0036118162899772617
West Siberia	piawka	18	0.0067594303030303025
West Siberia	pixy	18	0.0036744474605485225
West Siberia	piawka	19	0.0067709364646464645
West Siberia	pixy	19	0.0036701306910547514
West Siberia	piawka	20	0.006653940303030303
West Siberia	pixy	20	0.003615859882092536
West Siberia	piawka	21	0.00671156303030303
West Siberia	pixy	21	0.0036320088240825717
West Siberia	piawka	22	0.006707367878787879
West Siberia	pixy	22	0.00364065084353219
West Siberia	piawka	23	0.006760366161616162
West Siberia	pixy	23	0.0036706856453975504
West Siberia	piawka	24	0.006705652626262627
West Siberia	pixy	24	0.0036298385497314516
West Siberia	piawka	25	0.006754558888888889
West Siberia	pixy	25	0.0036680822960904387
West Siberia	piawka	26	0.006738751111111111
West Siberia	pixy	26	0.0036625724551093987
West Siberia	piawka	27	0.006727002626262626
West Siberia	pixy	27	0.0036623518467795496
West Siberia	piawka	28	0.006751520707070707
West Siberia	pixy	28	0.003668457775469
West Siberia	piawka	29	0.006755538181818181
West Siberia	pixy	29	0.0036618846813524695
West Siberia	piawka	30	0.006714169999999999
West Siberia	pixy	30	0.0036570417578984417
West Siberia	piawka	31	0.006755565454545454
West Siberia	pixy	31	0.0036742635724413427
West Siberia	piawka	32	0.0067398781818181815
West Siberia	pixy	32	0.0036565895273393194
West Siberia	piawka	33	0.006718261515151516
West Siberia	pixy	33	0.003642289662958867
West Siberia	piawka	34	0.006739597070707071
West Siberia	pixy	34	0.003656454724074432
West Siberia	piawka	35	0.006763530101010101
West Siberia	pixy	35	0.0036703378043535673
West Siberia	piawka	36	0.006762172323232323
West Siberia	pixy	36	0.003673398795956699
West Siberia	piawka	37	0.006752151111111111
West Siberia	pixy	37	0.0036660086627709385
West Siberia	piawka	38	0.006747141414141414
West Siberia	pixy	38	0.0036636861439232437
West Siberia	piawka	39	0.006752139797979798
West Siberia	pixy	39	0.0036619503540913888
West Siberia	piawka	40	0.0067492381818181815
West Siberia	pixy	40	0.003654479693386304
West Siberia	piawka	41	0.006747153434343434
West Siberia	pixy	41	0.0036620462341776885
West Siberia	piawka	42	0.006722676262626263
West Siberia	pixy	42	0.0036595016396519676
West Siberia	piawka	43	0.006762357575757575
West Siberia	pixy	43	0.0036713723789106767
West Siberia	piawka	44	0.0067325305050505045
West Siberia	pixy	44	0.00365926681211958
West Siberia	piawka	45	0.0067466900000000005
West Siberia	pixy	45	0.0036660301630921676
West Siberia	piawka	46	0.006748072727272727
West Siberia	pixy	46	0.003669839953701475
West Siberia	piawka	47	0.0067445701010101005
West Siberia	pixy	47	0.003663608992307225
West Siberia	piawka	48	0.006760600101010102
West Siberia	pixy	48	0.0036691922650658243
West Siberia	piawka	49	0.006765965858585859
West Siberia	pixy	49	0.0036712503969780507
West Siberia	piawka	50	0.006765480202020203
West Siberia	pixy	50	0.003670868270608072
West Siberia	piawka	51	0.0067642085858585855
West Siberia	pixy	51	0.0036746624734267904
West Siberia	piawka	52	0.0067542033333333334
West Siberia	pixy	52	0.0036749738983367156
West Siberia	piawka	53	0.006738847272727272
West Siberia	pixy	53	0.003654566632621024
West Siberia	piawka	54	0.006737614343434344
West Siberia	pixy	54	0.0036444086999461523
West Siberia	piawka	55	0.006764819393939394
West Siberia	pixy	55	0.003668215734904799
West Siberia	piawka	56	0.006705221515151515
West Siberia	pixy	56	0.003630605119060728
West Siberia	piawka	57	0.006593733232323232
West Siberia	pixy	57	0.0035881754297053
West Siberia	piawka	58	0.006748822525252525
West Siberia	pixy	58	0.0036690869925484304
West Siberia	piawka	59	0.006639886767676768
West Siberia	pixy	59	0.0035917812292255817
West Siberia	piawka	60	0.00670783606060606
West Siberia	pixy	60	0.0036171884150057263
West Siberia	piawka	61	0.0067381563636363636
West Siberia	pixy	61	0.003661590736932113
West Siberia	piawka	62	0.006729309898989899
West Siberia	pixy	62	0.0036530733230587535
West Siberia	piawka	63	0.006730348383838384
West Siberia	pixy	63	0.0036382171983678525
West Siberia	piawka	64	0.00672636393939394
West Siberia	pixy	64	0.003662033388131523
West Siberia	piawka	65	0.00672090595959596
West Siberia	pixy	65	0.0036505974835778494
West Siberia	piawka	66	0.0067202361616161615
West Siberia	pixy	66	0.003646975701952464
West Siberia	piawka	67	0.006756329898989899
West Siberia	pixy	67	0.0036636008926190697
West Siberia	piawka	68	0.006759572222222222
West Siberia	pixy	68	0.0036707558908219435
West Siberia	piawka	69	0.006765449696969697
West Siberia	pixy	69	0.0036701172399096816
West Siberia	piawka	70	0.006728586363636364
West Siberia	pixy	70	0.0036501939924103504
West Siberia	piawka	71	0.006760491313131313
West Siberia	pixy	71	0.00366463167884581
West Siberia	piawka	72	0.006768836161616162
West Siberia	pixy	72	0.0036728185207138063
West Siberia	piawka	73	0.006750511414141414
West Siberia	pixy	73	0.0036646967707839114
West Siberia	piawka	74	0.0067282956565656565
West Siberia	pixy	74	0.003657907613612614
West Siberia	piawka	75	0.006723123838383838
West Siberia	pixy	75	0.0036470574083449785
West Siberia	piawka	76	0.006739531717171718
West Siberia	pixy	76	0.0036565824131238613
West Siberia	piawka	77	0.006757329797979798
West Siberia	pixy	77	0.0036722191504249637
West Siberia	piawka	78	0.006755374343434343
West Siberia	pixy	78	0.0036665296576407274
West Siberia	piawka	79	0.006737356262626263
West Siberia	pixy	79	0.0036593772417994716
West Siberia	piawka	80	0.006755392222222222
West Siberia	pixy	80	0.0036643340293633993
West Siberia	piawka	81	0.006739057979797979
West Siberia	pixy	81	0.0036614690684472566
West Siberia	piawka	82	0.006691092828282829
West Siberia	pixy	82	0.0036167481176739716
West Siberia	piawka	83	0.0067465177777777776
West Siberia	pixy	83	0.0036542878437825195
West Siberia	piawka	84	0.006663898888888888
West Siberia	pixy	84	0.0036317425417857455
West Siberia	piawka	85	0.00675514
West Siberia	pixy	85	0.0036602691670979616
West Siberia	piawka	86	0.006692837272727273
West Siberia	pixy	86	0.0036267383282783372
West Siberia	piawka	87	0.006700502424242425
West Siberia	pixy	87	0.003641372501822044
West Siberia	piawka	88	0.00672847505050505
West Siberia	pixy	88	0.003656522558125792
West Siberia	piawka	89	0.0066839473737373735
West Siberia	pixy	89	0.0036375085363689707
West Siberia	piawka	90	0.006725354040404041
West Siberia	pixy	90	0.003658301443022392
West Siberia	piawka	91	0.006678789797979798
West Siberia	pixy	91	0.0036142794974444205
West Siberia	piawka	92	0.006654395858585859
West Siberia	pixy	92	0.0035993785142622936
West Siberia	piawka	93	0.0067564691919191925
West Siberia	pixy	93	0.00366092616231117
West Siberia	piawka	94	0.006688763535353536
West Siberia	pixy	94	0.003628911495175896
West Siberia	piawka	95	0.006614859494949494
West Siberia	pixy	95	0.003589841558182568
West Siberia	piawka	96	0.0065894433333333335
West Siberia	pixy	96	0.003588094041198899
West Siberia	piawka	97	0.006713981212121212
West Siberia	pixy	97	0.0036507438936313474
West Siberia	piawka	98	0.006749608181818181
West Siberia	pixy	98	0.0036616390658194805
West Siberia	piawka	99	0.006726637575757576
West Siberia	pixy	99	0.0036592336220522283
West Siberia	piawka	100	0.006657383737373737
West Siberia	pixy	100	0.003607447406891618
