chromosome	window_pos_1	window_pos_2	group	bial_pi	mult_pi	bial_sites	mult_sites	sites_gained_mult_vs_bial	pixy_pi	pixy_sites	expected_mult_pi	abs_diff_bial	abs_diff_expected
scaffold_1	1000000	1010000	Central Europe	0.0119945	0.0144546	7002.0	7100.0	98.0	0.0049012562186731	3981.0	0.011996800833451778	0.0024601	0.0024577991665482215
scaffold_1	1000000	1010000	East Siberia	0.0128019	0.013798	8050.0	8084.0	34.0	0.005154141348238	4076.0	0.012804697448035508	0.0009960999999999998	0.0009933025519644912
scaffold_1	1000000	1010000	Karelia	0.00640579	0.00645125	7652.0	7654.0	2.0	0.0039129247342886	3658.0	0.006406140474825408	4.546000000000064e-05	4.5109525174591956e-05
scaffold_1	1000000	1010000	MIX Amur Basin	0.0183056	0.0186893	7127.0	7132.0	5.0	0.0090698979636479	3306.0	0.01831377881983179	0.00038369999999999724	0.0003755211801682104
scaffold_1	1000000	1010000	MIX Central Siberia	0.011766	0.0120921	7649.0	7663.0	14.0	0.0032524470018445	3915.0	0.011768171827204129	0.0003260999999999993	0.00032392817279587073
scaffold_1	1000000	1010000	MIX Sibiryakov Island	0.00435463	0.00437418	6049.0	6050.0	1.0	0.0027354716631873	2486.0	0.0043547401013178345	1.9550000000000123e-05	1.9439898682165578e-05
scaffold_1	1000000	1010000	North America	0.00820328	0.00862665	8062.0	8078.0	16.0	0.0044869823672277	4001.0	0.008204016039875056	0.0004233699999999993	0.0004226339601249435
scaffold_1	1000000	1010000	Northern Ural	0.0108785	0.0115143	7370.0	7394.0	24.0	0.0037954417159372	3871.0	0.010880216507814181	0.0006358000000000006	0.0006340834921858187
scaffold_1	1000000	1010000	Scandinavia	0.00558009	0.0059753	7718.0	7735.0	17.0	0.0038213832245567	3756.0	0.005580321666025285	0.00039521	0.0003949783339747149
scaffold_1	1000000	1010000	Siberia SC	0.000870991	0.000870991	8621.0	8621.0	0.0	0.0001102489912217	4020.0	0.0008709918810077705	0.0	8.810077705345351e-10
scaffold_1	1000000	1010000	West Siberia	0.00347355	0.00357334	7617.0	7634.0	17.0	0.0025441339052996	3699.0	0.0034736058803864294	9.978999999999977e-05	9.973411961357054e-05
scaffold_1	1000000	1010000	admixed	0.0106024	0.0109172	7958.0	7965.0	7.0	0.0053999695949971	4027.0	0.010603989100233576	0.0003148000000000005	0.0003132108997664241
scaffold_1	1010000	1020000	Central Europe	0.0127622	0.0147854	6992.0	7107.0	115.0	0.0028738771835494	3708.0	0.012764971503143261	0.002023200000000001	0.0020204284968567392
scaffold_1	1010000	1020000	East Siberia	0.0109087	0.0120895	7653.0	7716.0	63.0	0.0054766762505506	3752.0	0.010910430843222296	0.0011807999999999992	0.0011790691567777033
scaffold_1	1010000	1020000	Karelia	0.00201967	0.00201967	8627.0	8627.0	0.0	0.0007136539032773	3752.0	0.002019680984492085	0.0	1.0984492085017172e-08
scaffold_1	1010000	1020000	MIX Amur Basin	0.0171479	0.0175231	7492.0	7499.0	7.0	0.0074003979230358	3298.0	0.01715462313084018	0.00037519999999999915	0.00036847686915982003
scaffold_1	1010000	1020000	MIX Central Siberia	0.0118161	0.0123261	7730.0	7747.0	17.0	0.0029826502875783	3661.0	0.011818299688629609	0.00051	0.0005078003113703905
scaffold_1	1010000	1020000	MIX Sibiryakov Island	0.00520448	0.00520448	8327.0	8327.0	0.0	0.0022525244387152	3632.0	0.0052046679623077175	0.0	1.879623077174694e-07
scaffold_1	1010000	1020000	North America	0.00288695	0.00298875	8115.0	8121.0	6.0	0.001067229116113	3704.0	0.0028869820816372124	0.00010179999999999998	0.00010176791836278773
scaffold_1	1010000	1020000	Northern Ural	0.0090114	0.0095408	7605.0	7625.0	20.0	0.0022954698744609	3636.0	0.009012375698280535	0.000529400000000001	0.0005284243017194649
scaffold_1	1010000	1020000	Scandinavia	0.00667589	0.00693108	8147.0	8154.0	7.0	0.0026971294961153	3704.0	0.006676286703701675	0.00025518999999999976	0.00025479329629832497
scaffold_1	1010000	1020000	Siberia SC	0.000665356	0.000709406	8471.0	8472.0	1.0	0.0001144426642252	3648.0	0.0006653563927362322	4.4050000000000014e-05	4.4049607263767806e-05
scaffold_1	1010000	1020000	West Siberia	0.00936142	0.00956898	8196.0	8204.0	8.0	0.0047839148826924	3743.0	0.009362513865506026	0.000207559999999999	0.00020646613449397389
scaffold_1	1010000	1020000	admixed	0.0107825	0.0110959	8083.0	8089.0	6.0	0.004982203409452	3660.0	0.010784171464422855	0.00031340000000000014	0.00031172853557714583
scaffold_1	1020000	1030000	Central Europe	0.0129255	0.0151485	7848.0	7981.0	133.0	0.0055338734673539	5399.0	0.012928379259395007	0.002223000000000001	0.002220120740604993
scaffold_1	1020000	1030000	East Siberia	0.00480858	0.00506256	8827.0	8847.0	20.0	0.002603785462154	5435.0	0.004808728248147077	0.00025398	0.00025383175185292317
scaffold_1	1020000	1030000	Karelia	0.00298439	0.00298439	9276.0	9276.0	0.0	0.0019713206698657	5435.0	0.0029844254409589935	0.0	3.544095899350383e-08
scaffold_1	1020000	1030000	MIX Amur Basin	0.00447538	0.00447538	8437.0	8437.0	0.0	0.0022210912563773	4898.0	0.004475499516670702	0.0	1.1951667070169564e-07
scaffold_1	1020000	1030000	MIX Central Siberia	0.007328	0.00754313	8574.0	8587.0	13.0	0.0017177247777218	5365.0	0.007328524680735403	0.00021513	0.00021460531926459706
scaffold_1	1020000	1030000	MIX Sibiryakov Island	0.0038177	0.0038177	9057.0	9057.0	0.0	0.0025640448426455	5350.0	0.003817774189788068	0.0	7.418978806815468e-08
scaffold_1	1020000	1030000	North America	0.00653928	0.00680256	8957.0	8971.0	14.0	0.0039868505612226	5396.0	0.006539652845183353	0.0002632800000000003	0.0002629071548166471
scaffold_1	1020000	1030000	Northern Ural	0.00666981	0.00690044	8485.0	8502.0	17.0	0.0018857168195418	5353.0	0.006670205620806733	0.0002306299999999999	0.00023023437919326723
scaffold_1	1020000	1030000	Scandinavia	0.00619114	0.00628101	8977.0	8980.0	3.0	0.0036271268806243	5396.0	0.00619145641029893	8.986999999999971e-05	8.955358970107012e-05
scaffold_1	1020000	1030000	Siberia SC	0.00028364	0.00028364	9159.0	9159.0	0.0	0.0001251622394096	5340.0	0.0002836400304257412	0.0	3.0425741190821115e-11
scaffold_1	1020000	1030000	West Siberia	0.00362779	0.00363787	9159.0	9164.0	5.0	0.0023919357445488	5429.0	0.003627853659783107	1.0079999999999985e-05	1.001634021689313e-05
scaffold_1	1020000	1030000	admixed	0.00550801	0.00559072	8958.0	8960.0	2.0	0.0033059870486813	5361.0	0.00550823280395554	8.27100000000006e-05	8.248719604446019e-05
scaffold_1	1030000	1040000	Central Europe	0.0128017	0.0147942	7937.0	8036.0	99.0	0.0041951279910916	4981.0	0.012804497316926641	0.001992500000000001	0.0019897026830733595
scaffold_1	1030000	1040000	East Siberia	0.00593393	0.00624401	8762.0	8776.0	14.0	0.0028426337913035	5019.0	0.0059342085903013285	0.00031008000000000077	0.00030980140969867186
scaffold_1	1030000	1040000	Karelia	0.00799058	0.00805844	8983.0	8985.0	2.0	0.0038619798518575	5018.0	0.007991260257985118	6.785999999999945e-05	6.717974201488237e-05
scaffold_1	1030000	1040000	MIX Amur Basin	0.00158976	0.00158976	8289.0	8289.0	0.0	0.0012350539336501	4506.0	0.0015897653571453902	0.0	5.357145390271975e-09
scaffold_1	1030000	1040000	MIX Central Siberia	0.00602522	0.00628758	8595.0	8601.0	6.0	0.0025179975811209	4950.0	0.0060255116469665505	0.0002623599999999997	0.00026206835303344955
scaffold_1	1030000	1040000	MIX Sibiryakov Island	0.00446307	0.00446307	8900.0	8900.0	0.0	0.0026021407962501	4914.0	0.004463188533151694	0.0	1.1853315169327305e-07
scaffold_1	1030000	1040000	North America	0.00622119	0.00652512	8561.0	8579.0	18.0	0.003021042795716	4975.0	0.006221511039989352	0.00030393	0.0003036089600106477
scaffold_1	1030000	1040000	Northern Ural	0.00733894	0.00762227	8472.0	8487.0	15.0	0.0020467978634822	4925.0	0.0073394670341391105	0.00028332999999999917	0.00028280296586088906
scaffold_1	1030000	1040000	Scandinavia	0.0075262	0.00776947	8867.0	8872.0	5.0	0.0032174435269873	4975.0	0.00752676841561718	0.00024326999999999942	0.0002427015843828196
scaffold_1	1030000	1040000	Siberia SC	0.000302668	0.000302668	9003.0	9003.0	0.0	5.600002986668259e-05	4923.0	0.0003026680369690472	0.0	3.696904718117344e-11
scaffold_1	1030000	1040000	West Siberia	0.00470871	0.00471795	8945.0	8948.0	3.0	0.0032789234403726	5009.0	0.0047088492017093924	9.240000000000637e-06	9.10079829060783e-06
scaffold_1	1030000	1040000	admixed	0.00673149	0.00689412	8923.0	8927.0	4.0	0.0035583463617896	4948.0	0.006731896698294787	0.0001626300000000004	0.0001622233017052133
scaffold_1	1040000	1050000	Central Europe	0.00805445	0.00936082	8202.0	8287.0	85.0	0.0024368285171345	5433.0	0.008055146700955591	0.0013063700000000011	0.0013056732990444093
scaffold_1	1040000	1050000	East Siberia	0.0028589	0.00301072	9010.0	9019.0	9.0	0.0015430204438219	5468.0	0.002858931155564934	0.00015182	0.00015178884443506607
scaffold_1	1040000	1050000	Karelia	0.00380267	0.00388773	9198.0	9202.0	4.0	0.0018689198377737	5467.0	0.0038027433169942515	8.505999999999965e-05	8.498668300574832e-05
scaffold_1	1040000	1050000	MIX Amur Basin	0.00163479	0.0017013	8298.0	8300.0	2.0	0.0008601874276617	4894.0	0.0016347958253852793	6.65100000000001e-05	6.650417461472069e-05
scaffold_1	1040000	1050000	MIX Central Siberia	0.0037256	0.00383648	8933.0	8939.0	6.0	0.0010699867566392	5404.0	0.003725668948911031	0.00011088000000000027	0.00011081105108896915
scaffold_1	1040000	1050000	MIX Sibiryakov Island	0.00265866	0.00268646	9019.0	9020.0	1.0	0.0010407561927246	5386.0	0.002658685056888553	2.77999999999997e-05	2.7774943111446952e-05
scaffold_1	1040000	1050000	North America	0.00230851	0.0023765	8899.0	8907.0	8.0	0.0008591233962337	5424.0	0.0023085264034053534	6.798999999999998e-05	6.797359659464677e-05
scaffold_1	1040000	1050000	Northern Ural	0.00395567	0.00405357	8632.0	8644.0	12.0	0.0006865491059483	5386.0	0.003955752527539562	9.790000000000059e-05	9.7817472460438e-05
scaffold_1	1040000	1050000	Scandinavia	0.00285762	0.00293568	8899.0	8904.0	5.0	0.0015027317857913	5424.0	0.002857651113736324	7.806000000000002e-05	7.802888626367611e-05
scaffold_1	1040000	1050000	Siberia SC	0.00021821	0.00021821	9136.0	9136.0	0.0	9.589960681161208e-05	5386.0	0.0002182100138536013	0.0	1.3853601290225379e-11
scaffold_1	1040000	1050000	West Siberia	0.00283019	0.002927	8876.0	8892.0	16.0	0.0015525181287224	5461.0	0.0028302202263365056	9.681000000000013e-05	9.677977366349434e-05
scaffold_1	1040000	1050000	admixed	0.00397061	0.00403818	8978.0	8979.0	1.0	0.0012616840042213	5401.0	0.003970693466159839	6.756999999999944e-05	6.748653384016073e-05
scaffold_1	1050000	1060000	Central Europe	0.0127114	0.0153303	6944.0	7052.0	108.0	0.003558814523009	4103.0	0.012714138538761277	0.0026189000000000004	0.002616161461238723
scaffold_1	1050000	1060000	East Siberia	0.00560078	0.00587721	8356.0	8368.0	12.0	0.001702386578764	4153.0	0.005601014252523495	0.00027643000000000025	0.0002761957474765051
scaffold_1	1050000	1060000	Karelia	0.0016534	0.0016534	8572.0	8572.0	0.0	0.0011448885855748	4144.0	0.0016534060266023484	0.0	6.026602348456825e-09
scaffold_1	1050000	1060000	MIX Amur Basin	0.00330539	0.00330539	7602.0	7602.0	0.0	0.0017564191841868	3673.0	0.0033054381511720965	0.0	4.8151172096430606e-08
scaffold_1	1050000	1060000	MIX Central Siberia	0.00682978	0.0070932	8044.0	8053.0	9.0	0.0012809815624986	4080.0	0.006830204774932957	0.0002634200000000003	0.00026299522506704337
scaffold_1	1050000	1060000	MIX Sibiryakov Island	0.00442489	0.00442489	8384.0	8384.0	0.0	0.0019438659727014	4043.0	0.004425005517072239	0.0	1.1551707223937668e-07
scaffold_1	1050000	1060000	North America	0.00539463	0.00569471	8111.0	8131.0	20.0	0.0021603305650136	4096.0	0.0053948393262658705	0.0003000800000000003	0.00029987067373412994
scaffold_1	1050000	1060000	Northern Ural	0.0080951	0.00866618	7733.0	7753.0	20.0	0.0009833833945179	4044.0	0.008095807302821766	0.0005710800000000016	0.0005703726971782348
scaffold_1	1050000	1060000	Scandinavia	0.0090026	0.00938096	8108.0	8116.0	8.0	0.0033863839158906	4097.0	0.009003572842643384	0.0003783600000000012	0.0003773871573566172
scaffold_1	1050000	1060000	Siberia SC	0.00311703	0.00316149	8588.0	8589.0	1.0	0.000575125147232	4064.0	0.0031170703795693777	4.446000000000007e-05	4.441962043062221e-05
scaffold_1	1050000	1060000	West Siberia	0.00391658	0.00415332	8420.0	8433.0	13.0	0.0016215587297297	4143.0	0.003916660105021661	0.00023674000000000004	0.000236659894978339
scaffold_1	1050000	1060000	admixed	0.00737876	0.00787607	8296.0	8308.0	12.0	0.0021897340523517	4071.0	0.007379295659597963	0.0004973100000000008	0.0004967743404020375
scaffold_1	1060000	1070000	Central Europe	0.0117396	0.0139106	7046.0	7175.0	129.0	0.0038728438006721	4376.0	0.011741757240848687	0.002171000000000001	0.0021688427591513137
scaffold_1	1060000	1070000	East Siberia	0.00503236	0.00514319	8632.0	8644.0	12.0	0.0021581506849099	4410.0	0.00503252992365524	0.00011083000000000013	0.00011066007634475978
scaffold_1	1060000	1070000	Karelia	0.00326981	0.00329543	9009.0	9010.0	1.0	0.0011410113317232	4408.0	0.003269856612917868	2.5619999999999636e-05	2.5573387082131627e-05
scaffold_1	1060000	1070000	MIX Amur Basin	0.00547844	0.0056045	8156.0	8158.0	2.0	0.0026494273869466	3915.0	0.0054786592347863105	0.0001260599999999999	0.00012584076521368961
scaffold_1	1060000	1070000	MIX Central Siberia	0.00585705	0.0060091	8425.0	8431.0	6.0	0.0015060067775942	4349.0	0.005857317901738005	0.00015204999999999993	0.0001517820982619945
scaffold_1	1060000	1070000	MIX Sibiryakov Island	0.00566787	0.00571707	8695.0	8696.0	1.0	0.0028283961721214	4299.0	0.005668112771878256	4.920000000000011e-05	4.895722812174423e-05
scaffold_1	1060000	1070000	North America	0.00458099	0.00483142	8306.0	8319.0	13.0	0.0021352641764005	4364.0	0.004581118178967168	0.00025043000000000027	0.0002503018210328325
scaffold_1	1060000	1070000	Northern Ural	0.00632352	0.00672847	8283.0	8302.0	19.0	0.0014583384537841	4309.0	0.0063238571439929465	0.0004049500000000003	0.0004046128560070538
scaffold_1	1060000	1070000	Scandinavia	0.00546299	0.00560743	8468.0	8477.0	9.0	0.0024223966541169	4364.0	0.005463207385190023	0.00014444000000000002	0.00014422261480997664
scaffold_1	1060000	1070000	Siberia SC	0.00202792	0.00202792	8897.0	8897.0	0.0	0.0006020197763496	4332.0	0.002027931119651897	0.0	1.1119651897179006e-08
scaffold_1	1060000	1070000	West Siberia	0.0054969	0.00575985	8661.0	8669.0	8.0	0.0024799550293999	4403.0	0.005497121458444713	0.0002629500000000005	0.000262728541555287
scaffold_1	1060000	1070000	admixed	0.00735922	0.00767104	8647.0	8654.0	7.0	0.003160897293217	4346.0	0.0073597514153500914	0.00031182	0.0003112885846499082
scaffold_1	1070000	1080000	Central Europe	0.0159288	0.0184331	6204.0	6366.0	162.0	0.0049205453295374	3076.0	0.015934188748496236	0.002504300000000001	0.0024989112515037652
scaffold_1	1070000	1080000	East Siberia	0.00953902	0.0107286	7753.0	7791.0	38.0	0.0045586251788751	3127.0	0.009540177310823177	0.0011895799999999991	0.001188422689176823
scaffold_1	1070000	1080000	Karelia	0.00850374	0.00861816	8329.0	8332.0	3.0	0.0049421650600901	3114.0	0.008504559914668981	0.0001144200000000005	0.00011360008533101845
scaffold_1	1070000	1080000	MIX Amur Basin	0.00684695	0.00721062	7443.0	7451.0	8.0	0.0029234018377038	2700.0	0.0068473779866336845	0.00036366999999999997	0.0003632420133663156
scaffold_1	1070000	1080000	MIX Central Siberia	0.0103748	0.0112864	7600.0	7624.0	24.0	0.0022225113572836	3045.0	0.010376288942534994	0.0009116000000000003	0.0009101110574650066
scaffold_1	1070000	1080000	MIX Sibiryakov Island	0.00638548	0.00647609	8086.0	8087.0	1.0	0.0037851753670473	2961.0	0.00638582715176971	9.061000000000052e-05	9.02628482302905e-05
scaffold_1	1070000	1080000	North America	0.00556304	0.00608882	7447.0	7478.0	31.0	0.0031838237060459	3080.0	0.00556326954893628	0.00052578	0.0005255504510637199
scaffold_1	1070000	1080000	Northern Ural	0.00940362	0.0104395	7264.0	7310.0	46.0	0.0018570248994885	3004.0	0.009404728725278921	0.0010358800000000012	0.0010347712747210795
scaffold_1	1070000	1080000	Scandinavia	0.00767001	0.00855912	7787.0	7825.0	38.0	0.0042849262374692	3068.0	0.007670611625903825	0.0008891100000000002	0.0008885083740961747
scaffold_1	1070000	1080000	Siberia SC	0.00155112	0.00155112	8363.0	8363.0	0.0	0.0004331307931243	3054.0	0.0015511249759376459	0.0	4.975937645864542e-09
scaffold_1	1070000	1080000	West Siberia	0.0090932	0.00948271	7794.0	7817.0	23.0	0.0052141858908249	3107.0	0.00909420251058405	0.0003895100000000009	0.0003885074894159502
scaffold_1	1070000	1080000	admixed	0.0121365	0.0127812	7941.0	7958.0	17.0	0.0046836673713128	3048.0	0.01213888352173907	0.0006446999999999998	0.0006423164782609295
scaffold_1	1080000	1090000	Central Europe	0.0151141	0.0183986	7193.0	7311.0	118.0	0.0078854986869977	4412.0	0.015118703473109195	0.003284500000000001	0.003279896526890806
scaffold_1	1080000	1090000	East Siberia	0.00953277	0.0100014	8414.0	8436.0	22.0	0.005695417353469	4427.0	0.009533925037490757	0.00046863000000000113	0.00046747496250924316
scaffold_1	1080000	1090000	Karelia	0.00848542	0.00851902	8386.0	8388.0	2.0	0.0054590757431877	4186.0	0.008486234626936798	3.359999999999995e-05	3.278537306320231e-05
scaffold_1	1080000	1090000	MIX Amur Basin	0.00689449	0.00689449	7826.0	7826.0	0.0	0.0034177744489424	3952.0	0.006894926963513315	0.0	4.3696351331549976e-07
scaffold_1	1080000	1090000	MIX Central Siberia	0.0113753	0.0119938	8155.0	8176.0	21.0	0.0046527827247515	4387.0	0.011377262579752011	0.000618500000000001	0.0006165374202479895
scaffold_1	1080000	1090000	MIX Sibiryakov Island	0.00967087	0.00984457	8439.0	8441.0	2.0	0.0063122573159556	4239.0	0.009672075966857582	0.0001737000000000006	0.0001724940331424181
scaffold_1	1080000	1090000	North America	0.00488401	0.00537681	8274.0	8299.0	25.0	0.0029211813782551	4400.0	0.004884165334659613	0.0004927999999999998	0.0004926446653403874
scaffold_1	1080000	1090000	Northern Ural	0.0116444	0.0127005	7781.0	7819.0	38.0	0.002412560310433	4348.0	0.011646505184110475	0.0010561000000000008	0.0010539948158895251
scaffold_1	1080000	1090000	Scandinavia	0.0112915	0.0119293	8025.0	8041.0	16.0	0.0069841571515051	4277.0	0.011293419524471547	0.0006378000000000009	0.0006358804755284535
scaffold_1	1080000	1090000	Siberia SC	0.000470292	0.000470292	8411.0	8411.0	0.0	0.0001491780290598	4062.0	0.00047029213868883817	0.0	1.3868883819156963e-10
scaffold_1	1080000	1090000	West Siberia	0.0057877	0.00600614	8412.0	8426.0	14.0	0.0038838044984611	4394.0	0.00578795849775278	0.0002184400000000003	0.00021818150224721996
scaffold_1	1080000	1090000	admixed	0.0122139	0.0126189	8360.0	8367.0	7.0	0.0067071895676724	4243.0	0.012216329415602896	0.00040500000000000085	0.000402570584397105
scaffold_1	1090000	1100000	Central Europe	0.00937657	0.0106848	7835.0	7925.0	90.0	0.0029642620135388	4954.0	0.009377669184858065	0.0013082299999999988	0.001307130815141935
scaffold_1	1090000	1100000	East Siberia	0.00302588	0.00310348	8740.0	8747.0	7.0	0.0018366161028644	4983.0	0.0030259169397404044	7.760000000000015e-05	7.75630602595956e-05
scaffold_1	1090000	1100000	Karelia	0.00202273	0.00206695	9002.0	9004.0	2.0	0.0009258839014205	4982.0	0.0020227410344955477	4.42200000000002e-05	4.420896550445244e-05
scaffold_1	1090000	1100000	MIX Amur Basin	0.00365659	0.00365659	8124.0	8124.0	0.0	0.001899989214035	4489.0	0.0036566551879821984	0.0	6.51879821984315e-08
scaffold_1	1090000	1100000	MIX Central Siberia	0.00385942	0.00395149	8537.0	8547.0	10.0	0.0015941997962807	4930.0	0.0038594966487127884	9.207000000000009e-05	9.199335128721184e-05
scaffold_1	1090000	1100000	MIX Sibiryakov Island	0.00285378	0.00285378	8820.0	8820.0	0.0	0.0016912707480006	4893.0	0.00285381098847516	0.0	3.098847515961914e-08
scaffold_1	1090000	1100000	North America	0.00179944	0.00184597	8442.0	8451.0	9.0	0.0012375258934008	4951.0	0.0017994477687446578	4.652999999999992e-05	4.6522231255342146e-05
scaffold_1	1090000	1100000	Northern Ural	0.00366145	0.00377035	8475.0	8486.0	11.0	0.0011181913724029	4913.0	0.003661515448253265	0.00010889999999999988	0.00010883455174673503
scaffold_1	1090000	1100000	Scandinavia	0.00550607	0.00556983	8686.0	8690.0	4.0	0.0024981256255014	4951.0	0.005506292568614219	6.375999999999951e-05	6.353743138578019e-05
scaffold_1	1090000	1100000	Siberia SC	0.000459827	0.000459827	9023.0	9023.0	0.0	0.0001086602194936	4910.0	0.0004598271296349612	0.0	1.2963496118581497e-10
scaffold_1	1090000	1100000	West Siberia	0.00196754	0.00206337	8835.0	8841.0	6.0	0.0012849621131228	4979.0	0.0019675501556902773	9.583000000000031e-05	9.581984430972286e-05
scaffold_1	1090000	1100000	admixed	0.00473403	0.00482147	8774.0	8777.0	3.0	0.0021576831526874	4928.0	0.00473417145938118	8.743999999999939e-05	8.729854061881922e-05
scaffold_1	1100000	1110000	Central Europe	0.00986058	0.0118163	6817.0	6942.0	125.0	0.003879992629137	4114.0	0.009861858339237407	0.0019557199999999993	0.0019544416607625934
scaffold_1	1100000	1110000	East Siberia	0.0046164	0.0047494	8411.0	8419.0	8.0	0.0020910274445558	4125.0	0.0046165311743840785	0.0001330000000000003	0.0001328688256159215
scaffold_1	1100000	1110000	Karelia	0.00344452	0.00350557	8521.0	8523.0	2.0	0.0019197051441003	4136.0	0.0034445744910114	6.104999999999999e-05	6.099550898859985e-05
scaffold_1	1100000	1110000	MIX Amur Basin	0.00550676	0.00560917	7795.0	7797.0	2.0	0.0030403171359311	3698.0	0.005506982652299093	0.00010240999999999983	0.00010218734770090724
scaffold_1	1100000	1110000	MIX Central Siberia	0.00591805	0.00600932	8170.0	8184.0	14.0	0.0023421941429532	4088.0	0.005918326359645447	9.127000000000007e-05	9.099364035455339e-05
scaffold_1	1100000	1110000	MIX Sibiryakov Island	0.00418378	0.0042094	8199.0	8200.0	1.0	0.0016784335459978	3931.0	0.004183877643930995	2.5620000000000503e-05	2.5522356069005055e-05
scaffold_1	1100000	1110000	North America	0.00268165	0.00283808	8149.0	8165.0	16.0	0.0013771315178526	4071.0	0.002681675712542364	0.00015643000000000037	0.000156404287457636
scaffold_1	1100000	1110000	Northern Ural	0.00523452	0.0053639	7870.0	7883.0	13.0	0.0021125762533758	4030.0	0.005234711235857292	0.00012937999999999925	0.00012918876414270714
scaffold_1	1100000	1110000	Scandinavia	0.00870744	0.00891573	7983.0	7991.0	8.0	0.003741416817758	4113.0	0.008708320258461254	0.00020828999999999986	0.00020740974153874575
scaffold_1	1100000	1110000	Siberia SC	0.00034623	0.00034623	8725.0	8725.0	0.0	0.0001312383469398	4066.0	0.0003462300553391933	0.0	5.5339193297254674e-11
scaffold_1	1100000	1110000	West Siberia	0.00336334	0.00352903	8220.0	8230.0	10.0	0.0017927303941127	4096.0	0.003363390728387037	0.00016569000000000002	0.000165639271612963
scaffold_1	1100000	1110000	admixed	0.00663011	0.00670909	8389.0	8395.0	6.0	0.0029047476874473	4083.0	0.0066304985983373565	7.89800000000002e-05	7.85914016626435e-05
scaffold_1	1110000	1120000	Central Europe	0.0111167	0.0135318	6880.0	7003.0	123.0	0.0043807580353167	4145.0	0.011118531750816927	0.0024151	0.002413268249183073
scaffold_1	1110000	1120000	East Siberia	0.00630911	0.00664454	8385.0	8399.0	14.0	0.0028584257212595	4187.0	0.006309444844396009	0.0003354300000000003	0.00033509515560399116
scaffold_1	1110000	1120000	Karelia	0.00585915	0.00589894	8505.0	8506.0	1.0	0.0025681351804779	4142.0	0.005859418190003627	3.9790000000000485e-05	3.952180999637275e-05
scaffold_1	1110000	1120000	MIX Amur Basin	0.00926857	0.00949733	7642.0	7645.0	3.0	0.004544034084657	3675.0	0.009269631639183634	0.00022875999999999973	0.0002276983608163665
scaffold_1	1110000	1120000	MIX Central Siberia	0.00812441	0.00874912	7921.0	7941.0	20.0	0.0030949005941889	4089.0	0.008125125013485272	0.0006247100000000005	0.0006239949865147285
scaffold_1	1110000	1120000	MIX Sibiryakov Island	0.00890689	0.00899367	8384.0	8385.0	1.0	0.0036658666740229	4032.0	0.00890783214338471	8.677999999999984e-05	8.583785661529092e-05
scaffold_1	1110000	1120000	North America	0.00346275	0.00368558	8107.0	8122.0	15.0	0.0020280728722294	4118.0	0.003462805360773626	0.00022282999999999982	0.0002227746392263739
scaffold_1	1110000	1120000	Northern Ural	0.00855351	0.00929146	7702.0	7721.0	19.0	0.0028890778503202	4055.0	0.008554344395280505	0.0007379499999999994	0.000737115604719495
scaffold_1	1110000	1120000	Scandinavia	0.00987937	0.0103174	8287.0	8300.0	13.0	0.00467237671399	4137.0	0.00988065566105673	0.000438029999999999	0.0004367443389432686
scaffold_1	1110000	1120000	Siberia SC	0.000506811	0.000550764	8583.0	8584.0	1.0	0.0003414165809306	4072.0	0.0005068111735708674	4.3953000000000004e-05	4.395282642913258e-05
scaffold_1	1110000	1120000	West Siberia	0.00686892	0.00723117	8463.0	8475.0	12.0	0.0035092924601721	4179.0	0.006869352119745442	0.0003622500000000006	0.000361817880254558
scaffold_1	1110000	1120000	admixed	0.00970903	0.0101625	8387.0	8394.0	7.0	0.0045115978623212	4087.0	0.009710250299028902	0.0004534699999999992	0.0004522497009710972
scaffold_1	1120000	1130000	Central Europe	0.016843	0.0205009	6509.0	6635.0	126.0	0.0083931695434193	3216.0	0.01684937084563881	0.0036578999999999987	0.0036515291543611876
scaffold_1	1120000	1130000	East Siberia	0.0165353	0.0180595	7709.0	7761.0	52.0	0.0109654954460547	3130.0	0.016541328024000587	0.0015241999999999999	0.001518171975999412
scaffold_1	1120000	1130000	Karelia	0.0151019	0.0152667	6885.0	6886.0	1.0	0.0088345708143684	2780.0	0.015106492334427386	0.00016479999999999967	0.0001602076655726134
scaffold_1	1120000	1130000	MIX Amur Basin	0.0160002	0.016466	7471.0	7479.0	8.0	0.0105479201972387	2788.0	0.01600566153813589	0.0004658000000000023	0.00046033846186411057
scaffold_1	1120000	1130000	MIX Central Siberia	0.0153468	0.0169082	7577.0	7617.0	40.0	0.0064019313697494	3015.0	0.015351619391827359	0.001561400000000001	0.0015565806081726426
scaffold_1	1120000	1130000	MIX Sibiryakov Island	0.0165837	0.0170975	7160.0	7163.0	3.0	0.0108503538848071	2653.0	0.016589781112457375	0.0005138000000000018	0.000507718887542627
scaffold_1	1120000	1130000	North America	0.00703223	0.00836157	6902.0	6964.0	62.0	0.0051268029510952	3233.0	0.0070326936795436145	0.00132934	0.001328876320456386
scaffold_1	1120000	1130000	Northern Ural	0.0138508	0.0157664	7349.0	7392.0	43.0	0.0049422423520994	2893.0	0.013854342936034124	0.0019156	0.001912057063965876
scaffold_1	1120000	1130000	Scandinavia	0.0190568	0.020676	7342.0	7392.0	50.0	0.0108958853214868	3254.0	0.019066027597971907	0.0016192000000000012	0.0016099724020280926
scaffold_1	1120000	1130000	Siberia SC	0.00280002	0.00280002	8715.0	8715.0	0.0	0.00172675391213	3290.0	0.0028000492699605376	0.0	2.9269960537779693e-08
scaffold_1	1120000	1130000	West Siberia	0.0137569	0.0146317	7719.0	7743.0	24.0	0.0094202718937163	3170.0	0.013760371366577323	0.0008747999999999985	0.0008713286334226765
scaffold_1	1120000	1130000	admixed	0.018925	0.0200505	8253.0	8269.0	16.0	0.0101243802731147	3241.0	0.018934037460270833	0.001125499999999998	0.0011164625397291662
scaffold_1	1130000	1140000	Central Europe	0.0185665	0.0215266	6327.0	6390.0	63.0	0.0079402567176971	3509.0	0.018575033532805273	0.0029601000000000002	0.0029515664671947266
scaffold_1	1130000	1140000	East Siberia	0.0162494	0.0173876	6923.0	6947.0	24.0	0.0082863380590561	3130.0	0.016255120720440067	0.001138199999999999	0.001132479279559933
scaffold_1	1130000	1140000	Karelia	0.0118648	0.0120113	6808.0	6809.0	1.0	0.0070597103904718	2802.0	0.011867026998898819	0.0001465000000000008	0.00014427300110118196
scaffold_1	1130000	1140000	MIX Amur Basin	0.0141164	0.0143321	6680.0	6682.0	2.0	0.0064814708218689	2629.0	0.014120150685111224	0.00021570000000000096	0.00021194931488877598
scaffold_1	1130000	1140000	MIX Central Siberia	0.0204982	0.0214475	7441.0	7458.0	17.0	0.0075254983803882	3343.0	0.020509683807799006	0.0009493000000000001	0.0009378161922009957
scaffold_1	1130000	1140000	MIX Sibiryakov Island	0.0139727	0.0141872	6709.0	6711.0	2.0	0.0073573087099735	2725.0	0.013976337305175777	0.00021450000000000115	0.00021086269482422336
scaffold_1	1130000	1140000	North America	0.0138171	0.0145725	6865.0	6893.0	28.0	0.0079751781180411	3501.0	0.0138206171382437	0.0007553999999999998	0.0007518828617563006
scaffold_1	1130000	1140000	Northern Ural	0.0198262	0.0213978	6855.0	6880.0	25.0	0.0079267085340404	3113.0	0.019836590996182027	0.0015716000000000029	0.0015612090038179746
scaffold_1	1130000	1140000	Scandinavia	0.0182618	0.0189776	6990.0	7005.0	15.0	0.0082517511515393	3215.0	0.018269920251550047	0.0007157999999999991	0.000707679748449954
scaffold_1	1130000	1140000	Siberia SC	0.00170456	0.00170456	8651.0	8651.0	0.0	0.0005362612279694	3486.0	0.0017045666035217894	0.0	6.60352178949615e-09
scaffold_1	1130000	1140000	West Siberia	0.0168464	0.0179104	6618.0	6635.0	17.0	0.0077899759158128	2659.0	0.01685277470455611	0.001063999999999999	0.0010576252954438911
scaffold_1	1130000	1140000	admixed	0.0189276	0.0195393	7604.0	7616.0	12.0	0.008287815405931	3406.0	0.018936641185601087	0.0006116999999999997	0.0006026588143989119
scaffold_1	1140000	1150000	Central Europe	0.0154766	0.0187715	6103.0	6203.0	100.0	0.005893463428109	3026.0	0.015481542713198303	0.0032949	0.0032899572868016966
scaffold_1	1140000	1150000	East Siberia	0.0138106	0.0145498	7571.0	7590.0	19.0	0.0066327208124337	3053.0	0.01381411217685986	0.0007392000000000006	0.0007356878231401399
scaffold_1	1140000	1150000	Karelia	0.0105917	0.0111543	7463.0	7470.0	7.0	0.0053683798362312	2809.0	0.010593284293901507	0.0005625999999999999	0.0005610157060984937
scaffold_1	1140000	1150000	MIX Amur Basin	0.0174927	0.0182412	7203.0	7213.0	10.0	0.0082853474132297	2654.0	0.017499836894563116	0.0007484999999999992	0.0007413631054368833
scaffold_1	1140000	1150000	MIX Central Siberia	0.0128255	0.0135583	7395.0	7413.0	18.0	0.0026941393873333	3000.0	0.012828312947661576	0.0007328000000000005	0.0007299870523384249
scaffold_1	1140000	1150000	MIX Sibiryakov Island	0.0112052	0.0113991	7983.0	7985.0	2.0	0.004614011182634	2960.0	0.011207075847696913	0.00019390000000000032	0.00019202415230308752
scaffold_1	1140000	1150000	North America	0.0125174	0.013362	7342.0	7361.0	19.0	0.0061063146789454	3018.0	0.01252001505681169	0.0008446000000000009	0.0008419849431883109
scaffold_1	1140000	1150000	Northern Ural	0.0128438	0.0137796	7203.0	7232.0	29.0	0.0026815225826777	2965.0	0.012846625005770832	0.0009357999999999988	0.0009329749942291674
scaffold_1	1140000	1150000	Scandinavia	0.01303	0.0139576	7646.0	7664.0	18.0	0.0051062641546531	3018.0	0.013032949660169333	0.0009276000000000006	0.0009246503398306679
scaffold_1	1140000	1150000	Siberia SC	0.000669634	0.000669634	8341.0	8341.0	0.0	0.0003604366975145	2980.0	0.0006696344003605027	0.0	4.0036050267134443e-10
scaffold_1	1140000	1150000	West Siberia	0.0170408	0.0175841	7624.0	7635.0	11.0	0.0076513754912281	3048.0	0.01704739794475274	0.0005433	0.0005367020552472582
scaffold_1	1140000	1150000	admixed	0.0186529	0.0190811	7658.0	7664.0	6.0	0.0074464850911763	2988.0	0.018661553221535086	0.0004282000000000001	0.00041954677846491387
scaffold_1	1150000	1160000	Central Europe	0.0180875	0.0210246	7151.0	7230.0	79.0	0.0108721960733697	5271.0	0.01809538995214323	0.0029371000000000015	0.002929210047856772
scaffold_1	1150000	1160000	East Siberia	0.0110705	0.0114632	7874.0	7882.0	8.0	0.0063045078078283	5032.0	0.01107230900782487	0.0003926999999999993	0.0003908909921751299
scaffold_1	1150000	1160000	Karelia	0.0100466	0.0101564	7901.0	7903.0	2.0	0.0065069970637882	4676.0	0.01004795206033066	0.00010980000000000018	0.00010844793966933997
scaffold_1	1150000	1160000	MIX Amur Basin	0.0108652	0.0108652	6990.0	6990.0	0.0	0.0041120654206332	4081.0	0.010866910219726486	0.0	1.7102197264855235e-06
scaffold_1	1150000	1160000	MIX Central Siberia	0.0112884	0.0117518	7916.0	7931.0	15.0	0.0052492701950816	5052.0	0.011290317943930699	0.00046339999999999923	0.00046148205606930115
scaffold_1	1150000	1160000	MIX Sibiryakov Island	0.0110737	0.0112104	6633.0	6634.0	1.0	0.0038110976601781	3697.0	0.011075510576994782	0.00013670000000000002	0.00013488942300521854
scaffold_1	1150000	1160000	North America	0.013959	0.014789	7720.0	7747.0	27.0	0.0075090174413684	5165.0	0.013962626616710772	0.0008300000000000009	0.0008263733832892285
scaffold_1	1150000	1160000	Northern Ural	0.0110743	0.0113625	7705.0	7715.0	10.0	0.0056826638893572	4954.0	0.011076110871315124	0.0002881999999999989	0.000286389128684875
scaffold_1	1150000	1160000	Scandinavia	0.0208445	0.0219993	7868.0	7884.0	16.0	0.0113578289761967	5236.0	0.020856575724127628	0.001154800000000001	0.0011427242758723713
scaffold_1	1150000	1160000	Siberia SC	0.000538301	0.000538301	8890.0	8890.0	0.0	0.0002872035302747	5278.0	0.000538301207976515	0.0	2.079765149161361e-10
scaffold_1	1150000	1160000	West Siberia	0.0110908	0.0112336	6923.0	6928.0	5.0	0.0063613248158441	4475.0	0.011092618977628978	0.00014280000000000022	0.0001409810223710218
scaffold_1	1150000	1160000	admixed	0.0156109	0.0163085	8302.0	8311.0	9.0	0.0072872151069512	5240.0	0.015615972505911471	0.0006975999999999996	0.0006925274940885288
scaffold_1	1160000	1170000	Central Europe	0.0114191	0.0122126	8454.0	8478.0	24.0	0.0071503323621968	6386.0	0.011421085337588626	0.0007935000000000008	0.0007915146624113741
scaffold_1	1160000	1170000	East Siberia	0.0123392	0.0134503	9010.0	9024.0	14.0	0.008423884000409	6358.0	0.012341704953955002	0.0011111000000000003	0.001108595046044998
scaffold_1	1160000	1170000	Karelia	0.00157487	0.00157487	5569.0	5569.0	0.0	0.0011833444271873	3292.0	0.0015748752080226814	0.0	5.208022681515989e-09
scaffold_1	1160000	1170000	MIX Amur Basin	0.0121175	0.0122667	7966.0	7967.0	1.0	0.0071922377198302	5443.0	0.012119872344862979	0.00014920000000000037	0.00014682765513702144
scaffold_1	1160000	1170000	MIX Central Siberia	0.0102873	0.0108401	8909.0	8917.0	8.0	0.005850948399983	6225.0	0.010288751586603749	0.0005528000000000009	0.0005513484133962514
scaffold_1	1160000	1170000	MIX Sibiryakov Island	0.0105142	0.0108278	8178.0	8180.0	2.0	0.0076849695425791	5491.0	0.010515749770672697	0.0003136000000000007	0.00031205022932730316
scaffold_1	1160000	1170000	North America	0.00553172	0.00589973	8829.0	8851.0	22.0	0.0041590250078598	6419.0	0.005531945693631373	0.00036800999999999934	0.000367784306368627
scaffold_1	1160000	1170000	Northern Ural	0.0128577	0.013713	8395.0	8404.0	9.0	0.0074432900462402	5868.0	0.012860534187654447	0.0008552999999999998	0.0008524658123455521
scaffold_1	1160000	1170000	Scandinavia	0.0102332	0.010373	8322.0	8327.0	5.0	0.0061077839783195	6116.0	0.010234628805532183	0.0001398000000000007	0.00013837119446781683
scaffold_1	1160000	1170000	Siberia SC	0.000855891	0.000855891	9486.0	9486.0	0.0	0.0005587316095789	6487.0	0.0008558918359765892	0.0	8.359765891682858e-10
scaffold_1	1160000	1170000	West Siberia	0.0103815	0.0112147	6587.0	6595.0	8.0	0.0074878737749011	4948.0	0.010382991829055825	0.0008331999999999992	0.0008317081709441742
scaffold_1	1160000	1170000	admixed	0.0143654	0.0152902	9207.0	9214.0	7.0	0.0091158327621658	6361.0	0.014369352682277188	0.0009247999999999999	0.0009208473177228123
scaffold_1	1170000	1180000	Central Europe	0.00907487	0.0110365	7189.0	7285.0	96.0	0.0027450744567132	4168.0	0.00907586646023819	0.001961629999999999	0.0019606335397618097
scaffold_1	1170000	1180000	East Siberia	0.0042675	0.00447767	8732.0	8742.0	10.0	0.0015936127712647	4186.0	0.004267603623755062	0.00021016999999999997	0.0002100663762449372
scaffold_1	1170000	1180000	Karelia	0.00290609	0.00290609	8897.0	8897.0	0.0	0.0010078333212587	4195.0	0.0029061227239647897	0.0	3.272396478966322e-08
scaffold_1	1170000	1180000	MIX Amur Basin	0.00568991	0.00584919	7992.0	7994.0	2.0	0.0026463431332452	3794.0	0.0056901556150234555	0.0001592799999999995	0.0001590343849765443
scaffold_1	1170000	1180000	MIX Central Siberia	0.00502456	0.00527687	8457.0	8469.0	12.0	0.0013182350098183	4121.0	0.005024729134750291	0.0002523100000000004	0.0002521408652497092
scaffold_1	1170000	1180000	MIX Sibiryakov Island	0.00390929	0.00397636	8654.0	8655.0	1.0	0.0010978209530617	4097.0	0.003909369658551013	6.70699999999998e-05	6.699034144898655e-05
scaffold_1	1170000	1180000	North America	0.00316877	0.00321433	8178.0	8184.0	6.0	0.0016922560085162	4162.0	0.0031688124239292598	4.5560000000000045e-05	4.551757607074028e-05
scaffold_1	1170000	1180000	Northern Ural	0.00478059	0.00504598	8266.0	8279.0	13.0	0.0008928581781422	4096.0	0.004780735674398214	0.0002653899999999999	0.0002652443256017864
scaffold_1	1170000	1180000	Scandinavia	0.00799423	0.0084049	8259.0	8269.0	10.0	0.0028978947314869	4162.0	0.007994911190611784	0.00041067000000000013	0.0004099888093882162
scaffold_1	1170000	1180000	Siberia SC	0.000390097	0.000390097	8815.0	8815.0	0.0	0.0001903269640193	4109.0	0.0003900970791510295	0.0	7.915102948063968e-11
scaffold_1	1170000	1180000	West Siberia	0.00346249	0.00351251	7886.0	7888.0	2.0	0.0012873878883463	3960.0	0.003462545348304299	5.002000000000001e-05	4.9964651695700874e-05
scaffold_1	1170000	1180000	admixed	0.00537857	0.00547181	8625.0	8629.0	4.0	0.0015094410506246	4114.0	0.0053787774623113675	9.323999999999964e-05	9.303253768863217e-05
scaffold_1	1180000	1190000	Central Europe	0.00894551	0.0102593	7782.0	7880.0	98.0	0.0032565379529528	4903.0	0.008946464451914044	0.0013137900000000004	0.0013128355480859569
scaffold_1	1180000	1190000	East Siberia	0.00383592	0.00391934	8840.0	8850.0	10.0	0.0024428920386668	4944.0	0.0038359952570794064	8.342000000000028e-05	8.334474292059392e-05
scaffold_1	1180000	1190000	Karelia	0.00201075	0.00204529	9026.0	9028.0	2.0	0.0010705282631364	4930.0	0.002010760839592823	3.4540000000000005e-05	3.452916040717685e-05
scaffold_1	1180000	1190000	MIX Amur Basin	0.0049785	0.0049785	8077.0	8077.0	0.0	0.0029004851813093	4361.0	0.004978664525898416	0.0	1.6452589841550735e-07
scaffold_1	1180000	1190000	MIX Central Siberia	0.00502412	0.00509555	8545.0	8552.0	7.0	0.0022334090223702	4854.0	0.005024289090320865	7.142999999999993e-05	7.126090967913504e-05
scaffold_1	1180000	1190000	MIX Sibiryakov Island	0.00334444	0.00334444	8511.0	8511.0	0.0	0.0021615325895632	4651.0	0.00334448987799228	0.0	4.987799227980372e-08
scaffold_1	1180000	1190000	North America	0.00281128	0.00305731	8722.0	8747.0	25.0	0.0018767489962594	4903.0	0.002811309624501117	0.00024602999999999995	0.000246000375498883
scaffold_1	1180000	1190000	Northern Ural	0.00678912	0.00699846	8363.0	8378.0	15.0	0.0017119028656676	4818.0	0.006789537233519933	0.0002093399999999997	0.00020892276648006632
scaffold_1	1180000	1190000	Scandinavia	0.00463917	0.00489807	8644.0	8653.0	9.0	0.0031945036064402	4902.0	0.00463930312499318	0.0002589000000000003	0.00025876687500682016
scaffold_1	1180000	1190000	Siberia SC	0.00036018	0.00036018	8940.0	8940.0	0.0	0.0002656605966087	4854.0	0.00036018006230135866	0.0	6.230135867922246e-11
scaffold_1	1180000	1190000	West Siberia	0.00232338	0.00233476	8834.0	8835.0	1.0	0.0017147480682296	4934.0	0.0023233967224334513	1.138000000000007e-05	1.136327756654865e-05
scaffold_1	1180000	1190000	admixed	0.00517192	0.00520219	8740.0	8742.0	2.0	0.0028475926676526	4854.0	0.005172104456571529	3.0269999999999776e-05	3.0085543428470633e-05
scaffold_1	1190000	1200000	Central Europe	0.0191338	0.0213968	6704.0	6790.0	86.0	0.0100475610085865	3520.0	0.01914313990431257	0.002263000000000001	0.0022536600956874313
scaffold_1	1190000	1200000	East Siberia	0.00458346	0.0048757	8172.0	8188.0	16.0	0.0018983772353824	3554.0	0.0045835883864154174	0.00029224000000000003	0.00029211161358458273
scaffold_1	1190000	1200000	Karelia	0.00097976	0.00097976	8693.0	8693.0	0.0	0.0005255977786898	3551.0	0.0009797612540009086	0.0	1.2540009085380138e-09
scaffold_1	1190000	1200000	MIX Amur Basin	0.0167108	0.0170956	7511.0	7517.0	6.0	0.0097555892148891	3067.0	0.0167170220065079	0.00038479999999999764	0.0003785779934920991
scaffold_1	1190000	1200000	MIX Central Siberia	0.0140898	0.0147491	7909.0	7926.0	17.0	0.0041722678692362	3474.0	0.01409352952241844	0.0006592999999999998	0.0006555704775815588
scaffold_1	1190000	1200000	MIX Sibiryakov Island	0.0141347	0.0142885	8167.0	8169.0	2.0	0.0072497983068932	3426.0	0.014138465290794384	0.0001538000000000008	0.0001500347092056164
scaffold_1	1190000	1200000	North America	0.00418359	0.00453844	7811.0	7841.0	30.0	0.0026483356705671	3512.0	0.004183687630628548	0.0003548500000000003	0.00035475236937145254
scaffold_1	1190000	1200000	Northern Ural	0.0101768	0.0109754	7488.0	7516.0	28.0	0.0020134333292957	3438.0	0.010178205311031542	0.0007986	0.000797194688968458
scaffold_1	1190000	1200000	Scandinavia	0.0112869	0.0118393	7592.0	7605.0	13.0	0.0067602803769681	3512.0	0.011288817179464441	0.0005523999999999998	0.0005504828205355593
scaffold_1	1190000	1200000	Siberia SC	0.000744196	0.000744196	8583.0	8583.0	0.0	7.666968781746042e-05	3445.0	0.0007441965495417986	0.0	5.495417985685452e-10
scaffold_1	1190000	1200000	West Siberia	0.013906	0.0142234	8190.0	8199.0	9.0	0.0070875581554889	3545.0	0.013909585464375221	0.00031740000000000067	0.0003138145356247797
scaffold_1	1190000	1200000	admixed	0.0176855	0.0181474	8082.0	8089.0	7.0	0.0075976587863534	3470.0	0.017692875488061637	0.0004619000000000012	0.0004545245119383645
scaffold_1	1200000	1210000	Central Europe	0.012462	0.0144385	7503.0	7586.0	83.0	0.0059786927952444	5441.0	0.012464580488793505	0.001976499999999999	0.001973919511206495
scaffold_1	1200000	1210000	East Siberia	0.00825091	0.00858606	7801.0	7809.0	8.0	0.005752731043966	4732.0	0.008251658935274828	0.00033514999999999934	0.0003344010647251712
scaffold_1	1200000	1210000	Karelia	0.00555917	0.00561542	7948.0	7949.0	1.0	0.0040273255112765	4711.0	0.005559399070203502	5.6249999999999876e-05	5.602092979649798e-05
scaffold_1	1200000	1210000	MIX Amur Basin	0.00916798	0.009534	7455.0	7459.0	4.0	0.0049892879540536	4593.0	0.009169007447662011	0.0003660200000000016	0.00036499255233798933
scaffold_1	1200000	1210000	MIX Central Siberia	0.010075	0.0109138	7318.0	7333.0	15.0	0.0054168576352093	4419.0	0.010076363558895834	0.0008387999999999989	0.0008374364411041658
scaffold_1	1200000	1210000	MIX Sibiryakov Island	0.00768207	0.00785747	6543.0	6545.0	2.0	0.005288673424416	3444.0	0.007682674468281916	0.00017540000000000004	0.00017479553171808378
scaffold_1	1200000	1210000	North America	0.00860639	0.00914559	7384.0	7403.0	19.0	0.0064891096675115	4690.0	0.008607239966489239	0.0005392000000000001	0.0005383500335107618
scaffold_1	1200000	1210000	Northern Ural	0.0087223	0.00951965	7051.0	7069.0	18.0	0.0034253312074507	4400.0	0.00872318477286848	0.0007973499999999988	0.0007964652271315199
scaffold_1	1200000	1210000	Scandinavia	0.00834687	0.00878015	7986.0	8003.0	17.0	0.006016890589766	5129.0	0.008347645371234808	0.00043328000000000116	0.0004325046287651929
scaffold_1	1200000	1210000	Siberia SC	0.00168526	0.00168526	9044.0	9044.0	0.0	0.0007606863001292	5506.0	0.0016852663817454165	0.0	6.381745416405432e-09
scaffold_1	1200000	1210000	West Siberia	0.00820135	0.00843493	7619.0	7625.0	6.0	0.0054888128984754	4653.0	0.008202085520489115	0.0002335800000000006	0.00023284447951088527
scaffold_1	1200000	1210000	admixed	0.0104449	0.0112013	8594.0	8604.0	10.0	0.006315840985577	5460.0	0.010446419328189375	0.0007564000000000008	0.0007548806718106257
scaffold_1	1210000	1220000	Central Europe	0.0141783	0.0167477	7229.0	7373.0	144.0	0.0046903920681297	4492.0	0.014182100241714261	0.002569400000000001	0.0025655997582857398
scaffold_1	1210000	1220000	East Siberia	0.00839888	0.00922476	8512.0	8537.0	25.0	0.0045218673095046	4512.0	0.008399669955933345	0.0008258800000000011	0.0008250900440666554
scaffold_1	1210000	1220000	Karelia	0.00833227	0.00861446	8882.0	8887.0	5.0	0.0046252959205283	4498.0	0.008333041309605589	0.0002821900000000016	0.00028141869039441207
scaffold_1	1210000	1220000	MIX Amur Basin	0.00567643	0.00593216	7996.0	8002.0	6.0	0.0026415260570547	4017.0	0.005676673873491764	0.00025573	0.0002554861265082354
scaffold_1	1210000	1220000	MIX Central Siberia	0.00851669	0.00898734	8433.0	8453.0	20.0	0.0031994807555717	4435.0	0.008517513666220439	0.00047064999999999954	0.00046982633377956086
scaffold_1	1210000	1220000	MIX Sibiryakov Island	0.0100614	0.0101506	8624.0	8626.0	2.0	0.0050026210916141	4406.0	0.010062758044440368	8.919999999999935e-05	8.784195555963138e-05
scaffold_1	1210000	1220000	North America	0.00701371	0.00778855	8276.0	8319.0	43.0	0.0047630859061146	4474.0	0.007014170025759764	0.0007748399999999997	0.0007743799742402357
scaffold_1	1210000	1220000	Northern Ural	0.00987607	0.0107213	8191.0	8224.0	33.0	0.0029798212830134	4425.0	0.009877354373141268	0.0008452299999999989	0.000843945626858732
scaffold_1	1210000	1220000	Scandinavia	0.00962827	0.0104364	8418.0	8447.0	29.0	0.0056703838528787	4470.0	0.009629460100171931	0.0008081300000000007	0.0008069398998280693
scaffold_1	1210000	1220000	Siberia SC	0.000652431	0.000652431	8908.0	8908.0	0.0	0.0003160000669669	4442.0	0.0006524313702904412	0.0	3.7029044121315163e-10
scaffold_1	1210000	1220000	West Siberia	0.00861667	0.00903344	8610.0	8629.0	19.0	0.0046332529729632	4510.0	0.008617523015885021	0.00041677000000000033	0.0004159169841149793
scaffold_1	1210000	1220000	admixed	0.0104857	0.0108589	8592.0	8602.0	10.0	0.0052566394868423	4454.0	0.010487237202284682	0.0003731999999999989	0.00037166279771531745
scaffold_1	1220000	1230000	Central Europe	0.0101312	0.0118218	6242.0	6351.0	109.0	0.0026339510788859	3412.0	0.010132586504882139	0.0016906000000000004	0.0016892134951178618
scaffold_1	1220000	1230000	East Siberia	0.00364382	0.00386752	8102.0	8119.0	17.0	0.0014045775745071	3405.0	0.003643884507391761	0.0002237000000000003	0.00022363549260823916
scaffold_1	1220000	1230000	Karelia	0.00170577	0.00171802	8062.0	8063.0	1.0	0.0007669034953936	3307.0	0.0017057766175945144	1.2250000000000108e-05	1.2243382405485639e-05
scaffold_1	1220000	1230000	MIX Amur Basin	0.0028423	0.00285482	7270.0	7271.0	1.0	0.0018544817016219	2896.0	0.002842330616002297	1.252000000000024e-05	1.248938399770307e-05
scaffold_1	1220000	1230000	MIX Central Siberia	0.00408182	0.00422787	7653.0	7666.0	13.0	0.0011153859880034	3291.0	0.004081910677655858	0.00014605	0.00014595932234414202
scaffold_1	1220000	1230000	MIX Sibiryakov Island	0.00444648	0.00472926	7759.0	7763.0	4.0	0.0022718591045256	3110.0	0.004446597216234624	0.00028277999999999984	0.0002826627837653759
scaffold_1	1220000	1230000	North America	0.00407812	0.00446674	7708.0	7735.0	27.0	0.002286611548945	3329.0	0.004078210431292745	0.0003886200000000001	0.0003885295687072552
scaffold_1	1220000	1230000	Northern Ural	0.00399748	0.00423928	7184.0	7200.0	16.0	0.0007445854441137	3179.0	0.003997565172154919	0.00024179999999999948	0.0002417148278450812
scaffold_1	1220000	1230000	Scandinavia	0.00620529	0.00673166	7955.0	7980.0	25.0	0.0028406467119692	3384.0	0.00620560858475127	0.0005263700000000008	0.0005260514152487308
scaffold_1	1220000	1230000	Siberia SC	0.00086711	0.00086711	8536.0	8536.0	0.0	0.000311336830313	3363.0	0.0008671108692832692	0.0	8.69283269173439e-10
scaffold_1	1220000	1230000	West Siberia	0.00336984	0.0036764	7790.0	7810.0	20.0	0.0016598075882925	3391.0	0.003369891023069262	0.00030656	0.00030650897693073774
scaffold_1	1220000	1230000	admixed	0.00611902	0.00638363	8148.0	8156.0	8.0	0.0021953285006713	3349.0	0.006119325481106262	0.0002646100000000002	0.00026430451889373867
scaffold_1	1230000	1240000	Central Europe	0.0117812	0.0139185	5183.0	5252.0	69.0	0.0047501920451091	2397.0	0.011783380255158842	0.0021373	0.002135119744841159
scaffold_1	1230000	1240000	East Siberia	0.00730926	0.00741299	6285.0	6294.0	9.0	0.0049842285145238	2080.0	0.007309780665699822	0.00010373000000000066	0.00010320933430017862
scaffold_1	1230000	1240000	Karelia	0.00727605	0.00727605	6753.0	6753.0	0.0	0.0025978623304252	1656.0	0.007276563600882209	0.0	5.136008822091698e-07
scaffold_1	1230000	1240000	MIX Amur Basin	0.00787226	0.00819741	6817.0	6823.0	6.0	0.0040065141885367	1944.0	0.007872910484607712	0.00032514999999999974	0.00032449951539228854
scaffold_1	1230000	1240000	MIX Central Siberia	0.00705847	0.00722904	6799.0	6807.0	8.0	0.0024365856821004	2071.0	0.007058938889444604	0.0001705700000000001	0.0001701011105553962
scaffold_1	1230000	1240000	MIX Sibiryakov Island	0.00857911	0.00857911	6883.0	6883.0	0.0	0.0037991493939852	1853.0	0.0085799519095688	0.0	8.419095688001754e-07
scaffold_1	1230000	1240000	North America	0.00746909	0.0089735	6268.0	6327.0	59.0	0.0044570810387389	2223.0	0.0074696455738734666	0.0015044100000000003	0.001503854426126534
scaffold_1	1230000	1240000	Northern Ural	0.00670154	0.00706681	6760.0	6766.0	6.0	0.0014179949390277	1992.0	0.006701941293919297	0.00036527	0.00036486870608070255
scaffold_1	1230000	1240000	Scandinavia	0.00992168	0.0106198	5959.0	5974.0	15.0	0.0058553079109878	2310.0	0.009922982250053674	0.00069812	0.0006968177499463261
scaffold_1	1230000	1240000	Siberia SC	0.00152283	0.00152283	8622.0	8622.0	0.0	0.0006621207174813	2464.0	0.001522834708613119	0.0	4.708613118983504e-09
scaffold_1	1230000	1240000	West Siberia	0.00878648	0.00890484	6811.0	6816.0	5.0	0.0057036700592363	1991.0	0.00878738444780906	0.00011836000000000138	0.00011745555219094123
scaffold_1	1230000	1240000	admixed	0.00893727	0.00916663	7642.0	7647.0	5.0	0.0052863283416528	2410.0	0.008938221816812777	0.00022935999999999963	0.00022840818318722346
scaffold_1	1240000	1250000	Central Europe	0.00816306	0.00985937	6456.0	6548.0	92.0	0.0022477303546425	3871.0	0.00816378526664141	0.0016963099999999995	0.0016955847333585891
scaffold_1	1240000	1250000	East Siberia	0.00458713	0.00503643	8300.0	8312.0	12.0	0.001921819398419	3915.0	0.00458725869506141	0.0004492999999999997	0.00044917130493858995
scaffold_1	1240000	1250000	Karelia	0.000994611	0.00106209	8486.0	8487.0	1.0	0.0006431338781453	3626.0	0.00099461231189329	6.747899999999985e-05	6.747768810670988e-05
scaffold_1	1240000	1250000	MIX Amur Basin	0.00352657	0.00365629	7878.0	7881.0	3.0	0.0015268523998688	3442.0	0.0035266284785051855	0.00012971999999999984	0.00012966152149481444
scaffold_1	1240000	1250000	MIX Central Siberia	0.00413325	0.00437598	8022.0	8029.0	7.0	0.0009048848262246	3815.0	0.004133344148576905	0.00024273000000000003	0.00024263585142309495
scaffold_1	1240000	1250000	MIX Sibiryakov Island	0.00437609	0.00447074	8252.0	8253.0	1.0	0.001817761055869	3660.0	0.004376201737119752	9.464999999999994e-05	9.453826288024787e-05
scaffold_1	1240000	1250000	North America	0.00411133	0.00426474	7864.0	7880.0	16.0	0.0023206527798663	3799.0	0.004111422658603056	0.00015341000000000053	0.0001533173413969446
scaffold_1	1240000	1250000	Northern Ural	0.00538007	0.00574897	7779.0	7796.0	17.0	0.0010733852565092	3789.0	0.005380277635933871	0.00036890000000000013	0.00036869236406612913
scaffold_1	1240000	1250000	Scandinavia	0.00668847	0.00700482	7927.0	7935.0	8.0	0.0030836029704899	3840.0	0.006688868950567306	0.00031634999999999996	0.00031595104943269413
scaffold_1	1240000	1250000	Siberia SC	0.000456962	0.000456962	8724.0	8724.0	0.0	0.0002379367280575	3835.0	0.0004569621272269149	0.0	1.2722691492992808e-10
scaffold_1	1240000	1250000	West Siberia	0.00394476	0.00420212	8394.0	8401.0	7.0	0.0019175391696966	3855.0	0.003944841846571906	0.0002573599999999999	0.00025727815342809456
scaffold_1	1240000	1250000	admixed	0.00537645	0.0057554	8427.0	8437.0	10.0	0.0018054265569503	3834.0	0.005376657217089999	0.0003789500000000003	0.0003787427829100012
scaffold_1	1250000	1260000	Central Europe	0.00978867	0.0123479	6554.0	6703.0	149.0	0.0030132698730782	3886.0	0.009789920575163988	0.002559230000000001	0.002557979424836012
scaffold_1	1250000	1260000	East Siberia	0.00608245	0.00634439	8235.0	8251.0	16.0	0.0027947920528769	3917.0	0.006082750036699387	0.00026194000000000044	0.00026163996330061303
scaffold_1	1250000	1260000	Karelia	0.00154463	0.00167674	8561.0	8563.0	2.0	0.0010584165243599	3879.0	0.001544634913739549	0.00013210999999999995	0.00013210508626045102
scaffold_1	1250000	1260000	MIX Amur Basin	0.0063734	0.0064582	7747.0	7748.0	1.0	0.002771134126183	3466.0	0.006373745185277775	8.479999999999946e-05	8.445481472222488e-05
scaffold_1	1250000	1260000	MIX Central Siberia	0.00625428	0.00654741	8071.0	8085.0	14.0	0.0020264490388649	3851.0	0.006254606190041398	0.00029312999999999995	0.00029280380995860226
scaffold_1	1250000	1260000	MIX Sibiryakov Island	0.00437133	0.00451176	8254.0	8256.0	2.0	0.002136409227683	3764.0	0.004371441372897098	0.00014043000000000042	0.0001403186271029021
scaffold_1	1250000	1260000	North America	0.00416196	0.0044312	8004.0	8025.0	21.0	0.0021699311649	3873.0	0.004162056124134505	0.0002692399999999996	0.00026914387586549505
scaffold_1	1250000	1260000	Northern Ural	0.00662261	0.00683556	7764.0	7781.0	17.0	0.0017346373925828	3786.0	0.006622997281077811	0.00021294999999999994	0.00021256271892218948
scaffold_1	1250000	1260000	Scandinavia	0.00603054	0.00637577	8172.0	8190.0	18.0	0.003051183383207	3875.0	0.006030832420182578	0.0003452300000000002	0.0003449375798174224
scaffold_1	1250000	1260000	Siberia SC	0.000636768	0.000636768	8628.0	8628.0	0.0	0.000211083586674	3837.0	0.0006367683442567208	0.0	3.442567207863345e-10
scaffold_1	1250000	1260000	West Siberia	0.00550973	0.00577622	8315.0	8328.0	13.0	0.0024630134268195	3899.0	0.005509953012747365	0.0002664900000000003	0.0002662669872526349
scaffold_1	1250000	1260000	admixed	0.00632002	0.00656917	8426.0	8433.0	7.0	0.0026238255390349	3844.0	0.006320356584486069	0.00024915000000000007	0.00024881341551393106
scaffold_1	1260000	1270000	Central Europe	0.0115591	0.0137575	7132.0	7178.0	46.0	0.0045797191467068	4964.0	0.011561159258177826	0.0021984000000000014	0.0021963407418221746
scaffold_1	1260000	1270000	East Siberia	0.00638747	0.00722866	7931.0	7948.0	17.0	0.003251637633315	4769.0	0.006387817476434733	0.0008411899999999995	0.0008408425235652663
scaffold_1	1260000	1270000	Karelia	0.00406502	0.00406502	6867.0	6867.0	0.0	0.0036820017891836	3510.0	0.004065109562621444	0.0	8.95626214442169e-08
scaffold_1	1260000	1270000	MIX Amur Basin	0.00651816	0.00651816	7206.0	7206.0	0.0	0.0033970824609468	4067.0	0.006518529244289078	0.0	3.692442890777456e-07
scaffold_1	1260000	1270000	MIX Central Siberia	0.00700128	0.00748827	7718.0	7725.0	7.0	0.0024599704100339	4582.0	0.007001737584259211	0.00048698999999999965	0.0004865324157407886
scaffold_1	1260000	1270000	MIX Sibiryakov Island	0.00563184	0.00580359	7051.0	7052.0	1.0	0.0025647341805167	3798.0	0.005632078171428103	0.00017175000000000003	0.00017151182857189692
scaffold_1	1260000	1270000	North America	0.00509852	0.00541373	7272.0	7292.0	20.0	0.0025958376277977	4204.0	0.005098696714065479	0.00031521000000000066	0.000315033285934521
scaffold_1	1260000	1270000	Northern Ural	0.00584021	0.00649837	7380.0	7391.0	11.0	0.0016534956341921	4592.0	0.005840475597588401	0.0006581599999999996	0.0006578944024115988
scaffold_1	1260000	1270000	Scandinavia	0.00990441	0.0108653	7379.0	7393.0	14.0	0.0047807037691934	4699.0	0.00990570546166666	0.000960889999999999	0.0009595945383333391
scaffold_1	1260000	1270000	Siberia SC	0.000667391	0.000667391	8876.0	8876.0	0.0	0.0002464839785413	5142.0	0.0006673913963508317	0.0	3.963508317123693e-10
scaffold_1	1260000	1270000	West Siberia	0.00667283	0.00734225	7462.0	7469.0	7.0	0.0024848536514746	4321.0	0.00667322615844539	0.0006694199999999996	0.0006690238415546102
scaffold_1	1260000	1270000	admixed	0.00938758	0.00979563	8282.0	8285.0	3.0	0.0043282725755253	5101.0	0.00938868306140602	0.0004080500000000001	0.00040694693859398036
scaffold_1	1270000	1280000	Central Europe	0.00892815	0.0107853	7306.0	7416.0	110.0	0.0024701758229912	4440.0	0.00892909890595265	0.0018571500000000001	0.0018562010940473498
scaffold_1	1270000	1280000	East Siberia	0.00303243	0.00314216	8565.0	8577.0	12.0	0.0016530937394694	4437.0	0.0030324671801459347	0.00010973000000000016	0.00010969281985406549
scaffold_1	1270000	1280000	Karelia	0.00406395	0.00406395	8339.0	8339.0	0.0	0.002818328102552	4141.0	0.00406403949191568	0.0	8.949191568005666e-08
scaffold_1	1270000	1280000	MIX Amur Basin	0.00412869	0.00412869	7982.0	7982.0	0.0	0.002224570759348	3983.0	0.0041287838373128575	0.0	9.38373128575587e-08
scaffold_1	1270000	1280000	MIX Central Siberia	0.0051379	0.0054014	8096.0	8107.0	11.0	0.0017428874246542	4409.0	0.005138080840491351	0.00026349999999999985	0.00026331915950864905
scaffold_1	1270000	1280000	MIX Sibiryakov Island	0.00430668	0.00430668	8566.0	8566.0	0.0	0.0024500773128509	4290.0	0.004306786504154036	0.0	1.0650415403594404e-07
scaffold_1	1270000	1280000	North America	0.00298326	0.00318665	7344.0	7354.0	10.0	0.0012859234332572	3828.0	0.002983295400716477	0.0002033899999999999	0.0002033545992835232
scaffold_1	1270000	1280000	Northern Ural	0.00542632	0.00568045	8279.0	8292.0	13.0	0.0015840429446373	4340.0	0.0054265330369523464	0.00025413	0.00025391696304765364
scaffold_1	1270000	1280000	Scandinavia	0.0046586	0.00497149	7845.0	7855.0	10.0	0.0018298886128977	4094.0	0.004658734804690504	0.00031289000000000056	0.0003127551953094965
scaffold_1	1270000	1280000	Siberia SC	0.000277078	0.000277078	8792.0	8792.0	0.0	0.0002251740227122	4378.0	0.00027707802836252353	0.0	2.8362523538539436e-11
scaffold_1	1270000	1280000	West Siberia	0.00424554	0.00438825	8595.0	8600.0	5.0	0.001880366711219	4426.0	0.004245642032269705	0.00014270999999999989	0.00014260796773029466
scaffold_1	1270000	1280000	admixed	0.00475165	0.00480069	8620.0	8622.0	2.0	0.0019797256008236	4362.0	0.0047517930447975665	4.9040000000000195e-05	4.8896955202433305e-05
scaffold_1	1280000	1290000	Central Europe	0.01311	0.0153019	6617.0	6722.0	105.0	0.0044184217101019	4034.0	0.013113004324308	0.0021919	0.0021888956756920003
scaffold_1	1280000	1290000	East Siberia	0.00360799	0.00387983	8513.0	8524.0	11.0	0.0022820034996104	4080.0	0.003608052623121578	0.00027183999999999976	0.0002717773768784221
scaffold_1	1280000	1290000	Karelia	0.00292387	0.00297551	8383.0	8384.0	1.0	0.0013965365007387	3729.0	0.0029239033282810124	5.163999999999993e-05	5.160667171898734e-05
scaffold_1	1280000	1290000	MIX Amur Basin	0.00502601	0.00512772	7424.0	7426.0	2.0	0.0026026652429865	3373.0	0.005026179281220531	0.00010170999999999965	0.0001015407187794689
scaffold_1	1280000	1290000	MIX Central Siberia	0.00452865	0.00485179	8145.0	8155.0	10.0	0.0013632738635622	3991.0	0.004528773835456161	0.00032313999999999954	0.00032301616454383925
scaffold_1	1280000	1290000	MIX Sibiryakov Island	0.004566	0.004566	7868.0	7868.0	0.0	0.0023925021207204	3408.0	0.004566126924791328	0.0	1.2692479132818402e-07
scaffold_1	1280000	1290000	North America	0.00406251	0.00422091	8191.0	8205.0	14.0	0.0021831607524186	4023.0	0.004062599396819012	0.0001583999999999995	0.00015831060318098784
scaffold_1	1280000	1290000	Northern Ural	0.00639656	0.0068563	7793.0	7813.0	20.0	0.0013141298415443	3877.0	0.006396908962026619	0.00045974000000000015	0.00045939103797338135
scaffold_1	1280000	1290000	Scandinavia	0.00730465	0.00741138	7964.0	7969.0	5.0	0.0038471427176629	3822.0	0.007305169681158845	0.00010673000000000019	0.00010621031884115555
scaffold_1	1280000	1290000	Siberia SC	0.000386575	0.000386575	8559.0	8559.0	0.0	0.0003138195481558	3918.0	0.0003865750770264762	0.0	7.702647618042582e-11
scaffold_1	1280000	1290000	West Siberia	0.00384781	0.00402735	8466.0	8474.0	8.0	0.0025311030287555	4048.0	0.0038478859590620794	0.00017953999999999973	0.00017946404093792043
scaffold_1	1280000	1290000	admixed	0.00548479	0.00554392	8154.0	8156.0	2.0	0.0024361827889844	3666.0	0.0054850099980082116	5.913000000000012e-05	5.891000199178837e-05
scaffold_1	1290000	1300000	Central Europe	0.014966	0.0181069	7397.0	7557.0	160.0	0.0057443815473333	3889.0	0.014970469469307595	0.0031408999999999986	0.003136430530692404
scaffold_1	1290000	1300000	East Siberia	0.00318935	0.00395136	8346.0	8381.0	35.0	0.0023534815348702	3928.0	0.003189393255892864	0.00076201	0.0007619667441071359
scaffold_1	1290000	1300000	Karelia	0.00291419	0.00308952	8466.0	8470.0	4.0	0.0018939261995778	3856.0	0.002914222998357807	0.00017533000000000002	0.00017529700164219293
scaffold_1	1290000	1300000	MIX Amur Basin	0.00820526	0.00833738	7787.0	7790.0	3.0	0.003677795887857	3446.0	0.008205996572970626	0.00013211999999999946	0.0001313834270293742
scaffold_1	1290000	1300000	MIX Central Siberia	0.00400742	0.00435919	8330.0	8352.0	22.0	0.0012546995306911	3852.0	0.0040075058090947805	0.0003517699999999995	0.00035168419090521926
scaffold_1	1290000	1300000	MIX Sibiryakov Island	0.0105539	0.0107111	7865.0	7867.0	2.0	0.0029591427796511	3383.0	0.010555467392127607	0.0001571999999999997	0.00015563260787239235
scaffold_1	1290000	1300000	North America	0.00479796	0.00545055	7502.0	7534.0	32.0	0.0027038997662447	3344.0	0.004798107268073492	0.0006525899999999998	0.0006524427319265086
scaffold_1	1290000	1300000	Northern Ural	0.00707271	0.00772866	7951.0	7995.0	44.0	0.0009958024105965	3783.0	0.0070731817330347	0.0006559499999999998	0.0006554782669652998
scaffold_1	1290000	1300000	Scandinavia	0.00845282	0.00906842	8224.0	8259.0	35.0	0.0044584543844332	3836.0	0.008453625273855687	0.0006156000000000009	0.0006147947261443132
scaffold_1	1290000	1300000	Siberia SC	0.000742702	0.000742702	8762.0	8762.0	0.0	0.0005277184094567	3832.0	0.0007427025462387642	0.0	5.462387641817432e-10
scaffold_1	1290000	1300000	West Siberia	0.00794326	0.00823924	8402.0	8415.0	13.0	0.0030105524507043	3910.0	0.00794392824400479	0.0002959799999999995	0.00029531175599521037
scaffold_1	1290000	1300000	admixed	0.00966459	0.00996725	8497.0	8505.0	8.0	0.0036837691455669	3828.0	0.009665793619016616	0.00030265999999999973	0.000301456380983384
scaffold_1	1300000	1310000	Central Europe	0.0169251	0.0195248	6566.0	6674.0	108.0	0.0093425401905807	3467.0	0.016931564463187092	0.0025997	0.002593235536812906
scaffold_1	1300000	1310000	East Siberia	0.00321866	0.00335637	8445.0	8462.0	17.0	0.0011683886005301	3500.0	0.0032187044594458336	0.0001377100000000001	0.00013766554055416646
scaffold_1	1300000	1310000	Karelia	0.00280555	0.00280555	8593.0	8593.0	0.0	0.0012720390099398	3483.0	0.0028055794437265493	0.0	2.9443726549342047e-08
scaffold_1	1300000	1310000	MIX Amur Basin	0.00499651	0.00535359	7856.0	7864.0	8.0	0.0026875726553823	3089.0	0.004996676317910212	0.00035708000000000007	0.0003569136820897878
scaffold_1	1300000	1310000	MIX Central Siberia	0.0044635	0.00460575	8318.0	8333.0	15.0	0.0011086730663391	3429.0	0.004463618567415663	0.00014225000000000002	0.0001421314325843366
scaffold_1	1300000	1310000	MIX Sibiryakov Island	0.00499866	0.00499866	8318.0	8318.0	0.0	0.0015890635041187	3291.0	0.004998826532702576	0.0	1.6653270257585562e-07
scaffold_1	1300000	1310000	North America	0.00576031	0.00629195	7500.0	7535.0	35.0	0.0036051799996458	3365.0	0.005760564845110438	0.0005316399999999999	0.0005313851548895618
scaffold_1	1300000	1310000	Northern Ural	0.00822034	0.00870973	7800.0	7831.0	31.0	0.0013306944413979	3389.0	0.008221080641560824	0.000489390000000001	0.0004886493584391766
scaffold_1	1300000	1310000	Scandinavia	0.0170172	0.0176071	8019.0	8045.0	26.0	0.0088122545454669	3454.0	0.017023770569990573	0.0005899000000000008	0.0005833294300094279
scaffold_1	1300000	1310000	Siberia SC	0.00066918	0.00066918	8666.0	8666.0	0.0	0.0002418845001511	3412.0	0.0006691803995467426	0.0	3.995467425877211e-10
scaffold_1	1300000	1310000	West Siberia	0.00384511	0.00395657	8607.0	8612.0	5.0	0.0013055928109571	3491.0	0.003845185799273324	0.00011146000000000029	0.00011138420072667656
scaffold_1	1300000	1310000	admixed	0.00603637	0.0062352	8531.0	8537.0	6.0	0.002014066316308	3425.0	0.006036663269090792	0.00019882999999999967	0.00019853673090920818
scaffold_1	1310000	1320000	Central Europe	0.0112698	0.0124652	7279.0	7377.0	98.0	0.0033989232897062	3885.0	0.01127170847890215	0.0011953999999999992	0.0011934915210978485
scaffold_1	1310000	1320000	East Siberia	0.00370153	0.0040936	8366.0	8385.0	19.0	0.0021842303732719	3935.0	0.0037015976211507836	0.00039207	0.00039200237884921656
scaffold_1	1310000	1320000	Karelia	0.000797794	0.000797794	8734.0	8734.0	0.0	0.0003547886295893	3935.0	0.0007977946770348649	0.0	6.77034864911448e-10
scaffold_1	1310000	1320000	MIX Amur Basin	0.00307205	0.00316588	7641.0	7644.0	3.0	0.0013413359203662	3444.0	0.0030720886565931316	9.382999999999961e-05	9.379134340686823e-05
scaffold_1	1310000	1320000	MIX Central Siberia	0.00452953	0.0048602	8140.0	8153.0	13.0	0.0022539330258678	3850.0	0.004529653907660711	0.0003306699999999999	0.00033054609233928913
scaffold_1	1310000	1320000	MIX Sibiryakov Island	0.00402715	0.00409169	8350.0	8351.0	1.0	0.0021467290971648	3797.0	0.004027237082753978	6.454000000000008e-05	6.445291724602262e-05
scaffold_1	1310000	1320000	North America	0.00375775	0.00388352	7986.0	7995.0	9.0	0.0019986939334335	3882.0	0.003757820749339058	0.0001257700000000003	0.00012569925066094204
scaffold_1	1310000	1320000	Northern Ural	0.00557165	0.006039	7953.0	7972.0	19.0	0.0019611886895162	3805.0	0.00557188061641567	0.00046735000000000006	0.0004671193835843303
scaffold_1	1310000	1320000	Scandinavia	0.00742153	0.00759037	8278.0	8281.0	3.0	0.0040912818265628	3882.0	0.007422075028331984	0.00016883999999999996	0.00016829497166801627
scaffold_1	1310000	1320000	Siberia SC	0.000364303	0.000364303	8604.0	8604.0	0.0	0.0001055225081963	3808.0	0.0003643030644654442	0.0	6.446544421325959e-11
scaffold_1	1310000	1320000	West Siberia	0.00539815	0.00574183	8233.0	8242.0	9.0	0.0030553232760574	3921.0	0.005398359736289917	0.00034367999999999985	0.00034347026371008265
scaffold_1	1310000	1320000	admixed	0.00620436	0.00646361	8289.0	8294.0	5.0	0.0032117655757064	3843.0	0.006204678441531815	0.00025924999999999993	0.00025893155846818446
scaffold_1	1320000	1330000	Central Europe	0.0107512	0.0123537	7450.0	7562.0	112.0	0.0031146823157004	4131.0	0.010752856950595257	0.0016024999999999998	0.0016008430494047435
scaffold_1	1320000	1330000	East Siberia	0.00478159	0.00490624	8717.0	8725.0	8.0	0.0031558162838812	4186.0	0.0047817357658334995	0.00012465000000000045	0.00012450423416650053
scaffold_1	1320000	1330000	Karelia	0.000407901	0.000407901	8883.0	8883.0	0.0	0.000245040845011	4184.0	0.0004079010904905123	0.0	9.04905122730594e-11
scaffold_1	1320000	1330000	MIX Amur Basin	0.00642281	0.00653236	7919.0	7921.0	2.0	0.003712838332601	3705.0	0.006423163275859138	0.00010954999999999993	0.0001091967241408625
scaffold_1	1320000	1330000	MIX Central Siberia	0.00568349	0.00587898	8263.0	8270.0	7.0	0.0026011105125767	4093.0	0.005683734784569226	0.00019548999999999955	0.00019524521543077406
scaffold_1	1320000	1330000	MIX Sibiryakov Island	0.00517505	0.00517505	8522.0	8522.0	0.0	0.0028935583878746	4045.0	0.005175234791668677	0.0	1.8479166867708952e-07
scaffold_1	1320000	1330000	North America	0.00509348	0.00516906	8356.0	8361.0	5.0	0.003142673019269	4124.0	0.005093656190526043	7.557999999999957e-05	7.540380947395654e-05
scaffold_1	1320000	1330000	Northern Ural	0.00648356	0.0065386	8226.0	8230.0	4.0	0.0022314252357886	4056.0	0.006483923395327856	5.5040000000000124e-05	5.467660467214398e-05
scaffold_1	1320000	1330000	Scandinavia	0.00444284	0.00468573	8537.0	8543.0	6.0	0.0030917741173929	4124.0	0.0044429569286017715	0.00024288999999999995	0.00024277307139822842
scaffold_1	1320000	1330000	Siberia SC	0.000312886	0.000312886	8738.0	8738.0	0.0	0.0002404124207035	4074.0	0.00031288604084107175	0.0	4.0841071735457646e-11
scaffold_1	1320000	1330000	West Siberia	0.0075382	0.00775874	8540.0	8546.0	6.0	0.0044710098497222	4174.0	0.007538771138851524	0.00022053999999999997	0.00021996886114847639
scaffold_1	1320000	1330000	admixed	0.00801871	0.00806853	8533.0	8534.0	1.0	0.0039733666906093	4086.0	0.00801939746763745	4.9820000000000766e-05	4.913253236255022e-05
scaffold_1	1330000	1340000	Central Europe	0.0112948	0.0121014	7710.0	7784.0	74.0	0.0035675118963855	4601.0	0.011296721207936688	0.0008065999999999993	0.0008046787920633122
scaffold_1	1330000	1340000	East Siberia	0.00591596	0.00612369	8874.0	8881.0	7.0	0.0034672426791914	4640.0	0.0059162360669539164	0.0002077300000000006	0.00020745393304608378
scaffold_1	1330000	1340000	Karelia	0.000563746	0.00058339	9053.0	9054.0	1.0	0.0004363889503783	4640.0	0.000563746238885152	1.9644000000000085e-05	1.9643761114848082e-05
scaffold_1	1330000	1340000	MIX Amur Basin	0.00340179	0.00340179	8202.0	8202.0	0.0	0.0017607028595502	4159.0	0.0034018424881465167	0.0	5.248814651664935e-08
scaffold_1	1330000	1340000	MIX Central Siberia	0.00480865	0.00493819	8511.0	8520.0	9.0	0.001818069307706	4559.0	0.004808798254621455	0.00012954000000000004	0.00012939174537854488
scaffold_1	1330000	1340000	MIX Sibiryakov Island	0.00435941	0.00435941	8760.0	8760.0	0.0	0.0026347536037277	4527.0	0.004359520464284748	0.0	1.1046428474801445e-07
scaffold_1	1330000	1340000	North America	0.0050319	0.00526334	8628.0	8640.0	12.0	0.0029834097931443	4595.0	0.005032069877062149	0.0002314400000000003	0.0002312701229378513
scaffold_1	1330000	1340000	Northern Ural	0.00715029	0.00725847	8452.0	8459.0	7.0	0.0022494602740492	4538.0	0.007150777427137839	0.00010818000000000026	0.00010769257286216173
scaffold_1	1330000	1340000	Scandinavia	0.0074032	0.0075461	8708.0	8710.0	2.0	0.0037617837447835	4595.0	0.0074037409998978145	0.00014289999999999962	0.0001423590001021855
scaffold_1	1330000	1340000	Siberia SC	0.000270934	0.000270934	8865.0	8865.0	0.0	3.0271596766186223e-05	4537.0	0.00027093402651729765	0.0	2.651729763504182e-11
scaffold_1	1330000	1340000	West Siberia	0.00542598	0.00552291	8910.0	8916.0	6.0	0.0030686687992812	4630.0	0.005426192996909726	9.692999999999941e-05	9.67170030902742e-05
scaffold_1	1330000	1340000	admixed	0.00779968	0.00779968	8800.0	8800.0	0.0	0.0042432594720671	4556.0	0.007800312658127995	0.0	6.326581279952198e-07
scaffold_1	1340000	1350000	Central Europe	0.00748946	0.00834386	8077.0	8166.0	89.0	0.0023763986772239	5278.0	0.007490020131831187	0.0008544	0.0008538398681688132
scaffold_1	1340000	1350000	East Siberia	0.00143109	0.00145354	9221.0	9226.0	5.0	0.0008171759802983	5309.0	0.0014310939078652283	2.2449999999999814e-05	2.2446092134771568e-05
scaffold_1	1340000	1350000	Karelia	0.000694395	0.000694395	9281.0	9281.0	0.0	0.0004047501556543	5308.0	0.0006943954464352634	0.0	4.464352634315008e-10
scaffold_1	1340000	1350000	MIX Amur Basin	0.00331007	0.0033666	8443.0	8444.0	1.0	0.0018370478165934	4792.0	0.003310118355989106	5.652999999999995e-05	5.648164401089381e-05
scaffold_1	1340000	1350000	MIX Central Siberia	0.00224675	0.00229108	8932.0	8940.0	8.0	0.0008616597282878	5240.0	0.0022467651217825168	4.432999999999998e-05	4.431487821748327e-05
scaffold_1	1340000	1350000	MIX Sibiryakov Island	0.00335968	0.00335968	9069.0	9069.0	0.0	0.0015702035945868	5200.0	0.003359730562958688	0.0	5.056295868804961e-08
scaffold_1	1340000	1350000	North America	0.00236476	0.00243409	8870.0	8878.0	8.0	0.0013625775968129	5274.0	0.002364777631933882	6.932999999999983e-05	6.931236806611771e-05
scaffold_1	1340000	1350000	Northern Ural	0.0035856	0.00364518	8810.0	8813.0	3.0	0.0006723602319599	5215.0	0.0035856614644860026	5.958000000000005e-05	5.951853551399745e-05
scaffold_1	1340000	1350000	Scandinavia	0.00478979	0.00496519	9072.0	9077.0	5.0	0.0022414489840087	5274.0	0.004789936517046468	0.00017540000000000004	0.00017525348295353241
scaffold_1	1340000	1350000	Siberia SC	0.000200754	0.000200754	9183.0	9183.0	0.0	9.83722899312448e-05	5224.0	0.00020075401078776205	0.0	1.0787762041086432e-11
scaffold_1	1340000	1350000	West Siberia	0.00305661	0.00311048	9089.0	9095.0	6.0	0.0016942438516468	5298.0	0.0030566480766581953	5.387000000000013e-05	5.383192334180477e-05
scaffold_1	1340000	1350000	admixed	0.00453317	0.00464367	9112.0	9116.0	4.0	0.0021152110422432	5238.0	0.004533294206623141	0.00011049999999999949	0.00011037579337685923
scaffold_1	1350000	1360000	Central Europe	0.00726491	0.0086386	7879.0	7969.0	90.0	0.0018359593963243	5268.0	0.007265421245445522	0.0013736899999999995	0.001373178754554478
scaffold_1	1350000	1360000	East Siberia	0.00136668	0.00138266	8827.0	8829.0	2.0	0.0006845433712271	5291.0	0.0013666834036057888	1.5979999999999857e-05	1.5976596394211154e-05
scaffold_1	1350000	1360000	Karelia	0.000952984	0.000952984	9143.0	9143.0	0.0	0.0004537301837525	5290.0	0.0009529851539727783	0.0	1.1539727782280268e-09
scaffold_1	1350000	1360000	MIX Amur Basin	0.00366156	0.00366156	8248.0	8248.0	0.0	0.0021655022756837	4773.0	0.0036616254541521768	0.0	6.54541521768505e-08
scaffold_1	1350000	1360000	MIX Central Siberia	0.00287092	0.0028946	8661.0	8666.0	5.0	0.0009721743357279	5238.0	0.002870951550192176	2.3680000000000315e-05	2.3648449807824046e-05
scaffold_1	1350000	1360000	MIX Sibiryakov Island	0.00360103	0.00360103	8961.0	8961.0	0.0	0.0016455704991563	5216.0	0.003601092261410478	0.0	6.226141047822528e-08
scaffold_1	1350000	1360000	North America	0.00372018	0.00404316	8567.0	8581.0	14.0	0.0017653179920657	5262.0	0.00372024864842813	0.0003229799999999996	0.00032291135157186965
scaffold_1	1350000	1360000	Northern Ural	0.00463772	0.00479707	8663.0	8671.0	8.0	0.0011398100849044	5218.0	0.00463785300020518	0.00015934999999999994	0.0001592169997948192
scaffold_1	1350000	1360000	Scandinavia	0.00500012	0.00514796	8771.0	8776.0	5.0	0.0022950317807823	5262.0	0.005000286678666955	0.00014783999999999978	0.00014767332133304532
scaffold_1	1350000	1360000	Siberia SC	0.000163038	0.000163038	9035.0	9035.0	0.0	0.0001334925876484	5219.0	0.00016303800577836876	0.0	5.778368750283466e-12
scaffold_1	1350000	1360000	West Siberia	0.00319103	0.00331348	8991.0	8996.0	5.0	0.0013912056829368	5286.0	0.003191073324284404	0.00012245000000000008	0.00012240667571559614
scaffold_1	1350000	1360000	admixed	0.00487026	0.00493533	8972.0	8973.0	1.0	0.0018339426991544	5230.0	0.004870414026404227	6.506999999999954e-05	6.491597359577304e-05
scaffold_1	1360000	1370000	Central Europe	0.00712133	0.00832379	8459.0	8549.0	90.0	0.0018794049941915	5724.0	0.0071218115285819235	0.001202459999999999	0.0012019784714180758
scaffold_1	1360000	1370000	East Siberia	0.00133523	0.00135139	8661.0	8664.0	3.0	0.000826835063158	5536.0	0.0013352331740004294	1.616000000000009e-05	1.6156825999570634e-05
scaffold_1	1360000	1370000	Karelia	0.00116874	0.00116874	8745.0	8745.0	0.0	0.0009208286244229	5343.0	0.0011687421285921712	0.0	2.128592171231e-09
scaffold_1	1360000	1370000	MIX Amur Basin	0.00382882	0.00390829	8306.0	8307.0	1.0	0.0019000958003639	5121.0	0.003828894839966788	7.946999999999989e-05	7.939516003321184e-05
scaffold_1	1360000	1370000	MIX Central Siberia	0.00272966	0.00282967	8875.0	8878.0	3.0	0.0010211741512331	5614.0	0.0027296871184213185	0.00010000999999999977	9.998288157868135e-05
scaffold_1	1360000	1370000	MIX Sibiryakov Island	0.0025633	0.0025633	8492.0	8492.0	0.0	0.001310489466609	5232.0	0.002563322456240415	0.0	2.2456240414935047e-08
scaffold_1	1360000	1370000	North America	0.00237856	0.00256067	8893.0	8901.0	8.0	0.0016144939570958	5500.0	0.0023785779424221262	0.00018211000000000008	0.0001820920575778739
scaffold_1	1360000	1370000	Northern Ural	0.00491324	0.0049658	8648.0	8653.0	5.0	0.0016873707805649	5583.0	0.004913398140341861	5.256000000000011e-05	5.2401859658139475e-05
scaffold_1	1360000	1370000	Scandinavia	0.00410509	0.00416441	8916.0	8918.0	2.0	0.0017411987395313	5615.0	0.004105182237343335	5.9320000000000726e-05	5.922776265666549e-05
scaffold_1	1360000	1370000	Siberia SC	0.000361716	0.000361716	9226.0	9226.0	0.0	0.0002677703654239	5650.0	0.00036171606310182145	0.0	6.310182145688112e-11
scaffold_1	1360000	1370000	West Siberia	0.00418313	0.00425439	8928.0	8930.0	2.0	0.0021228288683271	5716.0	0.004183227598427626	7.126000000000007e-05	7.116240157237393e-05
scaffold_1	1360000	1370000	admixed	0.00477314	0.00479259	8921.0	8922.0	1.0	0.0023566339569122	5606.0	0.004773284994408587	1.944999999999985e-05	1.930500559141346e-05
scaffold_1	1370000	1380000	Central Europe	0.00885491	0.00997805	7722.0	7800.0	78.0	0.0021292224513951	4504.0	0.008855835744607484	0.00112314	0.001122214255392516
scaffold_1	1370000	1380000	East Siberia	0.00193699	0.00201973	8582.0	8589.0	7.0	0.0008488695385812	4350.0	0.0019369996899351928	8.273999999999998e-05	8.27303100648072e-05
scaffold_1	1370000	1380000	Karelia	0.00466478	0.00467779	8789.0	8790.0	1.0	0.002137823719572	4446.0	0.0046649153418896454	1.3009999999999931e-05	1.2874658110354799e-05
scaffold_1	1370000	1380000	MIX Amur Basin	0.00487018	0.00487018	7817.0	7817.0	0.0	0.0025569332740036	3886.0	0.004870334018814132	0.0	1.540188141321494e-07
scaffold_1	1370000	1380000	MIX Central Siberia	0.00281336	0.00285435	8590.0	8595.0	5.0	0.0009406935175377	4376.0	0.002813389690305196	4.098999999999986e-05	4.09603096948037e-05
scaffold_1	1370000	1380000	MIX Sibiryakov Island	0.00214472	0.00214472	8332.0	8332.0	0.0	0.0010887592320817	4091.0	0.002144733153779025	0.0	1.3153779024766693e-08
scaffold_1	1370000	1380000	North America	0.00176722	0.00189216	8277.0	8286.0	9.0	0.0011641834014102	4225.0	0.0017672273588608403	0.00012494000000000003	0.00012493264113915968
scaffold_1	1370000	1380000	Northern Ural	0.00466362	0.0047896	8368.0	8374.0	6.0	0.0010489158594915	4394.0	0.0046637552409475504	0.0001259799999999995	0.00012584475905244932
scaffold_1	1370000	1380000	Scandinavia	0.00455016	0.00463552	8638.0	8640.0	2.0	0.0018231961864383	4493.0	0.004550285608416733	8.53599999999996e-05	8.523439158326668e-05
scaffold_1	1370000	1380000	Siberia SC	0.000608447	0.000608447	8817.0	8817.0	0.0	0.0004489832400376	4432.0	0.000608447300335728	0.0	3.0033572796708125e-10
scaffold_1	1370000	1380000	West Siberia	0.00467909	0.00471444	8507.0	8509.0	2.0	0.0023527582342489	4397.0	0.0046792265912667655	3.5349999999999965e-05	3.521340873323484e-05
scaffold_1	1370000	1380000	admixed	0.00490508	0.00494796	8709.0	8710.0	1.0	0.0020307358317386	4441.0	0.004905237353722514	4.288000000000035e-05	4.2722646277486634e-05
scaffold_1	1380000	1390000	Central Europe	0.0105027	0.0121942	6812.0	6914.0	102.0	0.0033028444845758	4040.0	0.010504244691006207	0.0016915000000000003	0.001689955308993794
scaffold_1	1380000	1390000	East Siberia	0.00323879	0.0036619	8320.0	8346.0	26.0	0.0024452808827134	4079.0	0.0032388352988425885	0.00042311	0.00042306470115741155
scaffold_1	1380000	1390000	Karelia	0.0045561	0.0045561	8559.0	8559.0	0.0	0.0021785726997521	4070.0	0.004556226100985192	0.0	1.261009851911618e-07
scaffold_1	1380000	1390000	MIX Amur Basin	0.00737704	0.0076315	7589.0	7594.0	5.0	0.0043167964404894	3582.0	0.007377575285096112	0.0002544600000000006	0.0002539247149038887
scaffold_1	1380000	1390000	MIX Central Siberia	0.00550757	0.006027	8056.0	8082.0	26.0	0.0019905936299666	4002.0	0.005507792750564619	0.0005194300000000004	0.000519207249435381
scaffold_1	1380000	1390000	MIX Sibiryakov Island	0.00622699	0.00630121	8297.0	8298.0	1.0	0.00463428920942	3949.0	0.006227311938741092	7.421999999999984e-05	7.389806125890786e-05
scaffold_1	1380000	1390000	North America	0.00228321	0.00243034	8130.0	8143.0	13.0	0.0013540759977555	4025.0	0.0022832258699774736	0.0001471300000000001	0.00014711413002252644
scaffold_1	1380000	1390000	Northern Ural	0.00743267	0.00788444	7912.0	7944.0	32.0	0.0017343798203638	3950.0	0.0074332174863428946	0.0004517699999999998	0.00045122251365710495
scaffold_1	1380000	1390000	Scandinavia	0.00385847	0.0039715	8254.0	8259.0	5.0	0.0023180576578359	4033.0	0.0038585465921252534	0.00011303000000000007	0.00011295340787474684
scaffold_1	1380000	1390000	Siberia SC	0.000423592	0.000423592	8531.0	8531.0	0.0	0.0001527420782946	3981.0	0.0004235921013402531	0.0	1.0134025313791178e-10
scaffold_1	1380000	1390000	West Siberia	0.00418425	0.00428195	8284.0	8291.0	7.0	0.0025246014276025	4046.0	0.00418434767684224	9.770000000000004e-05	9.760232315775969e-05
scaffold_1	1380000	1390000	admixed	0.00780491	0.00805715	8253.0	8261.0	8.0	0.0034877557152937	3981.0	0.007805543931649931	0.0002522400000000008	0.0002516060683500701
scaffold_1	1390000	1400000	Central Europe	0.00986828	0.0116745	7291.0	7423.0	132.0	0.0035536715306541	4745.0	0.009869561336292519	0.0018062200000000007	0.001804938663707482
scaffold_1	1390000	1400000	East Siberia	0.0041108	0.00438923	8601.0	8617.0	16.0	0.0035504823115826	4778.0	0.004110892622773242	0.00027842999999999965	0.00027833737722675767
scaffold_1	1390000	1400000	Karelia	0.00523586	0.00523586	8871.0	8871.0	0.0	0.0027636696033216	4723.0	0.005236051382759962	0.0	1.9138275996182647e-07
scaffold_1	1390000	1400000	MIX Amur Basin	0.00613917	0.00634322	7995.0	8000.0	5.0	0.0043434548584921	4251.0	0.006139478508912914	0.0002040499999999999	0.00020374149108708627
scaffold_1	1390000	1400000	MIX Central Siberia	0.00637705	0.00678075	8374.0	8399.0	25.0	0.003045744089429	4711.0	0.006377395778672801	0.0004036999999999999	0.0004033542213271995
scaffold_1	1390000	1400000	MIX Sibiryakov Island	0.00496668	0.00501108	8496.0	8497.0	1.0	0.0035350422948035	4526.0	0.004966843356821791	4.4399999999999995e-05	4.423664317820906e-05
scaffold_1	1390000	1400000	North America	0.00337626	0.00356268	8279.0	8290.0	11.0	0.0022948164417375	4703.0	0.003376311315242685	0.00018642000000000008	0.00018636868475731478
scaffold_1	1390000	1400000	Northern Ural	0.00839569	0.00903953	8157.0	8192.0	35.0	0.0025825993008258	4635.0	0.00839647905616965	0.0006438399999999997	0.0006430509438303499
scaffold_1	1390000	1400000	Scandinavia	0.00673311	0.00695044	8463.0	8481.0	18.0	0.005205550830538	4730.0	0.006733516991993422	0.00021732999999999995	0.00021692300800657798
scaffold_1	1390000	1400000	Siberia SC	0.000771397	0.000771397	8763.0	8763.0	0.0	0.0006402926156834	4691.0	0.0007713976120298064	0.0	6.120298065006788e-10
scaffold_1	1390000	1400000	West Siberia	0.00447151	0.004552	8666.0	8672.0	6.0	0.0032641968374059	4700.0	0.004471629206889409	8.04899999999999e-05	8.037079311059084e-05
scaffold_1	1390000	1400000	admixed	0.00763622	0.00793175	8646.0	8654.0	8.0	0.0039221825248207	4679.0	0.007636813709546896	0.0002955299999999996	0.0002949362904531034
scaffold_1	1400000	1410000	Central Europe	0.007479	0.00820448	8166.0	8229.0	63.0	0.0015554629300156	5140.0	0.007479557788217652	0.0007254799999999997	0.000724922211782348
scaffold_1	1400000	1410000	East Siberia	0.00112171	0.00116654	8912.0	8918.0	6.0	0.0006621105182951	5170.0	0.001121711881830536	4.4830000000000043e-05	4.4828118169464026e-05
scaffold_1	1400000	1410000	Karelia	0.00218102	0.00218102	9061.0	9061.0	0.0	0.0015760053272664	5169.0	0.0021810338330415326	0.0	1.3833041532552992e-08
scaffold_1	1400000	1410000	MIX Amur Basin	0.00301356	0.00301356	8140.0	8140.0	0.0	0.0022177345327703	4609.0	0.003013596490369808	0.0	3.6490369807826856e-08
scaffold_1	1400000	1410000	MIX Central Siberia	0.00376375	0.00383803	8783.0	8788.0	5.0	0.002127009637384	5092.0	0.003763821088776904	7.427999999999992e-05	7.42089112230962e-05
scaffold_1	1400000	1410000	MIX Sibiryakov Island	0.00375482	0.00375482	8830.0	8830.0	0.0	0.0021695454251566	5064.0	0.003754890583973635	0.0	7.058397363509175e-08
scaffold_1	1400000	1410000	North America	0.00194188	0.00197838	8813.0	8820.0	7.0	0.0013750755486462	5138.0	0.0019418897635083744	3.6500000000000074e-05	3.649023649162568e-05
scaffold_1	1400000	1410000	Northern Ural	0.00416582	0.00422088	8538.0	8545.0	7.0	0.00064588870213	5067.0	0.004165916391832934	5.5060000000000005e-05	5.496360816706607e-05
scaffold_1	1400000	1410000	Scandinavia	0.00291267	0.00291267	8829.0	8829.0	0.0	0.0010856336793859	5138.0	0.0029127029467503136	0.0	3.2946750313633116e-08
scaffold_1	1400000	1410000	Siberia SC	0.000140477	0.000140477	8944.0	8944.0	0.0	7.855430842979072e-05	5069.0	0.00014047700369619102	0.0	3.696191031195284e-12
scaffold_1	1400000	1410000	West Siberia	0.0046779	0.00483006	8878.0	8887.0	9.0	0.0025151092990588	5158.0	0.004678036487078383	0.00015216000000000014	0.0001520235129216169
scaffold_1	1400000	1410000	admixed	0.00548355	0.00548355	8868.0	8868.0	0.0	0.0029639917432017	5086.0	0.005483769848830654	0.0	2.198488306534227e-07
scaffold_1	1410000	1420000	Central Europe	0.00848536	0.0100405	6456.0	6565.0	109.0	0.0021042662147597	3574.0	0.008486174609656357	0.00155514	0.0015543253903436433
scaffold_1	1410000	1420000	East Siberia	0.00320201	0.00353525	8253.0	8267.0	14.0	0.0016488052533462	3616.0	0.003202053773047991	0.00033324000000000027	0.0003331962269520093
scaffold_1	1410000	1420000	Karelia	0.00410344	0.00426824	8679.0	8682.0	3.0	0.0017522633609458	3611.0	0.004103532126166392	0.00016480000000000054	0.00016470787383360882
scaffold_1	1410000	1420000	MIX Amur Basin	0.00548415	0.00563712	7696.0	7699.0	3.0	0.0029020133331499	3226.0	0.005484369921004919	0.00015296999999999967	0.00015275007899508055
scaffold_1	1410000	1420000	MIX Central Siberia	0.00481503	0.00510839	7975.0	7991.0	16.0	0.001207737448285	3541.0	0.004815178845506624	0.0002933600000000003	0.00029321115449337624
scaffold_1	1410000	1420000	MIX Sibiryakov Island	0.00782848	0.00789276	8353.0	8354.0	1.0	0.0022255869529525	3513.0	0.007829119692230246	6.427999999999989e-05	6.364030776975435e-05
scaffold_1	1410000	1420000	North America	0.00387451	0.00429625	8079.0	8102.0	23.0	0.0022672787074987	3565.0	0.003874587551302263	0.0004217399999999999	0.0004216624486977367
scaffold_1	1410000	1420000	Northern Ural	0.00498393	0.00529646	7901.0	7915.0	14.0	0.0007399088894781	3513.0	0.004984095064826032	0.0003125300000000001	0.0003123649351739685
scaffold_1	1410000	1420000	Scandinavia	0.00544579	0.0055562	8226.0	8231.0	5.0	0.0028112888181351	3565.0	0.005446005338362853	0.00011041000000000002	0.00011019466163714707
scaffold_1	1410000	1420000	Siberia SC	0.000591881	0.000591881	8535.0	8535.0	0.0	0.0002376357592201	3532.0	0.0005918812764661301	0.0	2.7646613004559534e-10
scaffold_1	1410000	1420000	West Siberia	0.00710114	0.00745405	8166.0	8175.0	9.0	0.0027670241571052	3606.0	0.007101617444573177	0.00035291000000000055	0.0003524325554268232
scaffold_1	1410000	1420000	admixed	0.00866633	0.00891081	8210.0	8215.0	5.0	0.0027348100665892	3536.0	0.008667197849471583	0.00024448000000000004	0.0002436121505284168
scaffold_1	1420000	1430000	Central Europe	0.00910162	0.0105202	6159.0	6254.0	95.0	0.0027493700487457	3125.0	0.009102625298037667	0.0014185800000000009	0.0014175747019623333
scaffold_1	1420000	1430000	East Siberia	0.00272796	0.00282911	7949.0	7962.0	13.0	0.0017358546014444	3186.0	0.0027279870677857695	0.00010114999999999994	0.00010112293221423065
scaffold_1	1420000	1430000	Karelia	0.00599044	0.00602801	8406.0	8408.0	2.0	0.0025743980749996	3178.0	0.005990726625552281	3.757000000000066e-05	3.728337444771929e-05
scaffold_1	1420000	1430000	MIX Amur Basin	0.00548013	0.00553907	7541.0	7542.0	1.0	0.0031598103010918	2800.0	0.005480349437738845	5.894000000000038e-05	5.872056226115512e-05
scaffold_1	1420000	1430000	MIX Central Siberia	0.00375811	0.00394394	7632.0	7644.0	12.0	0.0016470123816713	3093.0	0.0037581807696747925	0.0001858300000000001	0.00018575923032520744
scaffold_1	1420000	1430000	MIX Sibiryakov Island	0.00466813	0.00481481	8173.0	8175.0	2.0	0.0022749444419707	3050.0	0.004668265633685408	0.00014667999999999973	0.0001465443663145917
scaffold_1	1420000	1430000	North America	0.0032616	0.00356723	7540.0	7561.0	21.0	0.0021918004806082	3117.0	0.0032616462626846943	0.0003056299999999999	0.0003055837373153055
scaffold_1	1420000	1430000	Northern Ural	0.00409644	0.00428268	7619.0	7633.0	14.0	0.0013071234625482	3058.0	0.004096531655500053	0.00018623999999999984	0.0001861483444999465
scaffold_1	1420000	1430000	Scandinavia	0.00526001	0.00549865	7711.0	7718.0	7.0	0.0021163705993755	3117.0	0.00526020404320804	0.00023864000000000003	0.00023844595679196022
scaffold_1	1420000	1430000	Siberia SC	0.0010453	0.0010453	8356.0	8356.0	0.0	8.418647303777868e-05	3078.0	0.0010453015228656397	0.0	1.522865639581178e-09
scaffold_1	1420000	1430000	West Siberia	0.00317269	0.0033795	8143.0	8151.0	8.0	0.001591820970493	3172.0	0.0031727325815686107	0.00020680999999999998	0.00020676741843138943
scaffold_1	1420000	1430000	admixed	0.00511751	0.00525633	8085.0	8089.0	4.0	0.0021413187403968	3087.0	0.0051176886960022	0.00013882000000000044	0.00013864130399780013
scaffold_1	1430000	1440000	Central Europe	0.0105531	0.0123934	6141.0	6243.0	102.0	0.0033356604141481	3354.0	0.010554667035723247	0.0018403000000000013	0.001838732964276753
scaffold_1	1430000	1440000	East Siberia	0.00459919	0.00498883	8082.0	8104.0	22.0	0.0016011486900951	3401.0	0.004599319712787005	0.00038963999999999926	0.00038951028721299474
scaffold_1	1430000	1440000	Karelia	0.00680061	0.0068742	8419.0	8420.0	1.0	0.002048681626693	3399.0	0.006801029355502388	7.358999999999925e-05	7.317064449761154e-05
scaffold_1	1430000	1440000	MIX Amur Basin	0.00481829	0.00495907	7663.0	7665.0	2.0	0.0020898166867319	3005.0	0.004818439148037421	0.00014078000000000007	0.00014063085196257957
scaffold_1	1430000	1440000	MIX Central Siberia	0.00649823	0.0068957	7614.0	7637.0	23.0	0.0015713245203355	3324.0	0.006498595867618115	0.00039747000000000046	0.0003971041323818855
scaffold_1	1430000	1440000	MIX Sibiryakov Island	0.00701956	0.00710824	8135.0	8136.0	1.0	0.0018174911173846	3264.0	0.0070200211778159325	8.867999999999984e-05	8.82188221840675e-05
scaffold_1	1430000	1440000	North America	0.00430439	0.00470808	7940.0	7959.0	19.0	0.0017770341356234	3347.0	0.0043044963343493265	0.00040368999999999995	0.00040358366565067336
scaffold_1	1430000	1440000	Northern Ural	0.00706223	0.0074981	7445.0	7467.0	22.0	0.0013776095062225	3289.0	0.007062699639166695	0.00043586999999999966	0.0004354003608333049
scaffold_1	1430000	1440000	Scandinavia	0.00679194	0.00685614	7711.0	7716.0	5.0	0.0021939621396682	3347.0	0.006792357753655378	6.420000000000037e-05	6.378224634462186e-05
scaffold_1	1430000	1440000	Siberia SC	0.000756352	0.000756352	8456.0	8456.0	0.0	7.837626766615069e-05	3310.0	0.0007563525769133854	0.0	5.769133854449313e-10
scaffold_1	1430000	1440000	West Siberia	0.00612557	0.00641408	8027.0	8042.0	15.0	0.0027902720828116	3389.0	0.0061258764631477525	0.00028850999999999963	0.00028820353685224745
scaffold_1	1430000	1440000	admixed	0.00895216	0.00928048	8067.0	8075.0	8.0	0.0030327889228627	3320.0	0.008953116582085975	0.00032832	0.0003273634179140252
scaffold_1	1440000	1450000	Central Europe	0.00888537	0.0105582	7087.0	7186.0	99.0	0.0024656192319462	3945.0	0.008886305330913006	0.0016728300000000002	0.0016718946690869943
scaffold_1	1440000	1450000	East Siberia	0.00446783	0.0046679	8347.0	8361.0	14.0	0.0020445825583706	3981.0	0.00446794891281397	0.0002000700000000001	0.0001999510871860304
scaffold_1	1440000	1450000	Karelia	0.00460746	0.00469197	8837.0	8838.0	1.0	0.0020443732799961	3978.0	0.004607590413772276	8.451000000000031e-05	8.437958622772423e-05
scaffold_1	1440000	1450000	MIX Amur Basin	0.0045456	0.00465497	7777.0	7779.0	2.0	0.001991681904557	3546.0	0.004545725231154906	0.00010936999999999926	0.00010924476884509402
scaffold_1	1440000	1450000	MIX Central Siberia	0.00445198	0.00477682	8044.0	8058.0	14.0	0.0016931005245838	3901.0	0.004452097651738927	0.00032483999999999985	0.00032472234826107314
scaffold_1	1440000	1450000	MIX Sibiryakov Island	0.0044094	0.00446169	8630.0	8631.0	1.0	0.0018774534903567	3850.0	0.00440951430815891	5.2289999999999975e-05	5.2175691841090284e-05
scaffold_1	1440000	1450000	North America	0.00387026	0.00431497	8147.0	8177.0	30.0	0.0017671766286027	3935.0	0.0038703372963810223	0.00044470999999999964	0.00044463270361897725
scaffold_1	1440000	1450000	Northern Ural	0.00553005	0.00601846	7871.0	7886.0	15.0	0.0017331381868063	3866.0	0.005530275489285569	0.0004884099999999999	0.00048818451071443083
scaffold_1	1440000	1450000	Scandinavia	0.00331203	0.00347883	8143.0	8149.0	6.0	0.001537903026877	3931.0	0.0033120784419394373	0.00016679999999999993	0.00016675155806056274
scaffold_1	1440000	1450000	Siberia SC	0.000718887	0.000718887	8754.0	8754.0	0.0	0.0004518303861848	3883.0	0.000718887495359649	0.0	4.953596490246334e-10
scaffold_1	1440000	1450000	West Siberia	0.00472378	0.00491795	8433.0	8442.0	9.0	0.0021207003365254	3962.0	0.004723920542516579	0.00019416999999999959	0.00019402945748342101
scaffold_1	1440000	1450000	admixed	0.00623241	0.00657652	8370.0	8377.0	7.0	0.0023914713384175	3895.0	0.006232732780123779	0.0003441099999999999	0.00034378721987622044
scaffold_1	1450000	1460000	Central Europe	0.00923861	0.011233	6848.0	6960.0	112.0	0.002814821358985	3902.0	0.00923966137740395	0.0019943900000000004	0.00199333862259605
scaffold_1	1450000	1460000	East Siberia	0.00418707	0.00477334	8052.0	8075.0	23.0	0.0013013696653652	3972.0	0.004187167874465024	0.0005862699999999998	0.0005861721255349759
scaffold_1	1450000	1460000	Karelia	0.00471122	0.00471122	8236.0	8236.0	0.0	0.0023057880870468	3593.0	0.004711359424434452	0.0	1.39424434451689e-07
scaffold_1	1450000	1460000	MIX Amur Basin	0.00568905	0.00624798	7440.0	7450.0	10.0	0.0026366767111493	3283.0	0.005689295503670026	0.00055893	0.0005586844963299739
scaffold_1	1450000	1460000	MIX Central Siberia	0.00487594	0.00544735	7942.0	7953.0	11.0	0.0014750430177838	3879.0	0.004876094565938481	0.0005714100000000005	0.000571255434061519
scaffold_1	1450000	1460000	MIX Sibiryakov Island	0.00648741	0.00655383	7928.0	7929.0	1.0	0.0026077580802888	3463.0	0.006487774043075216	6.64200000000002e-05	6.605595692478396e-05
scaffold_1	1450000	1460000	North America	0.00499288	0.00547551	7560.0	7582.0	22.0	0.0032152487460352	3800.0	0.004993045955680073	0.0004826300000000004	0.0004824640443199272
scaffold_1	1450000	1460000	Northern Ural	0.00469583	0.00563404	7531.0	7561.0	30.0	0.0006583145171193	3567.0	0.0046959680625322815	0.0009382100000000001	0.0009380719374677184
scaffold_1	1450000	1460000	Scandinavia	0.00462423	0.00509179	8098.0	8110.0	12.0	0.0019001224771731	3830.0	0.004624361842982009	0.0004675599999999997	0.0004674281570179904
scaffold_1	1450000	1460000	Siberia SC	0.000552327	0.000552327	8568.0	8568.0	0.0	0.0002706282849288	3879.0	0.000552327224660933	0.0	2.246609329776758e-10
scaffold_1	1450000	1460000	West Siberia	0.00458689	0.00530232	8149.0	8166.0	17.0	0.001743531066204	3699.0	0.004587018674862375	0.0007154300000000004	0.0007153013251376249
scaffold_1	1450000	1460000	admixed	0.00757248	0.00786257	8341.0	8346.0	5.0	0.002820939183304	3888.0	0.007573058966108196	0.0002900899999999989	0.00028951103389180353
scaffold_1	1460000	1470000	Central Europe	0.00826169	0.00978121	8055.0	8154.0	99.0	0.0027320027036892	5738.0	0.008262441874614281	0.00151952	0.0015187681253857194
scaffold_1	1460000	1470000	East Siberia	0.00502318	0.0054778	9055.0	9081.0	26.0	0.0029903438431795	5773.0	0.005023348995429521	0.00045461999999999933	0.00045445100457047836
scaffold_1	1460000	1470000	Karelia	0.00503813	0.00521186	8768.0	8771.0	3.0	0.0033800675503311	5243.0	0.005038300508818521	0.00017372999999999954	0.00017355949118147852
scaffold_1	1460000	1470000	MIX Amur Basin	0.00662506	0.00662506	7661.0	7661.0	0.0	0.0035122902459157	4579.0	0.006625447711054679	0.0	3.87711054678809e-07
scaffold_1	1460000	1470000	MIX Central Siberia	0.00544976	0.00571446	9025.0	9036.0	11.0	0.0021483833474052	5736.0	0.005449975809653522	0.0002647000000000005	0.0002644841903464779
scaffold_1	1460000	1470000	MIX Sibiryakov Island	0.00509903	0.00509903	7478.0	7478.0	0.0	0.0034028649413264	4220.0	0.005099206767100393	0.0	1.7676710039292443e-07
scaffold_1	1460000	1470000	North America	0.00322978	0.00350937	4768.0	4776.0	8.0	0.0015781447506496	2287.0	0.00322982492184234	0.00027959000000000013	0.00027954507815766
scaffold_1	1460000	1470000	Northern Ural	0.00567874	0.00607805	7902.0	7915.0	13.0	0.0020338152655664	4818.0	0.005678984171342905	0.00039930999999999994	0.00039906582865709486
scaffold_1	1460000	1470000	Scandinavia	0.00580519	0.00614354	8692.0	8708.0	16.0	0.003646244963729	5587.0	0.005805450848324838	0.0003383500000000003	0.00033808915167516263
scaffold_1	1460000	1470000	Siberia SC	0.000751867	0.000751867	9249.0	9249.0	0.0	0.0006823180576888	5731.0	0.0007518675667112157	0.0	5.667112157152487e-10
scaffold_1	1460000	1470000	West Siberia	0.00493365	0.00511614	8509.0	8517.0	8.0	0.0023603962442347	5233.0	0.004933810119323658	0.00018248999999999956	0.00018232988067634192
scaffold_1	1460000	1470000	admixed	0.00653619	0.00669244	8979.0	8982.0	3.0	0.0037377812305973	5655.0	0.006536562316892484	0.00015625000000000014	0.0001558776831075163
scaffold_1	1470000	1480000	Central Europe	0.0132523	0.014903	6362.0	6438.0	76.0	0.0069855044967533	3451.0	0.013255403219622052	0.0016506999999999997	0.0016475967803779475
scaffold_1	1470000	1480000	East Siberia	0.0112427	0.0114981	7507.0	7519.0	12.0	0.005736588178149	3469.0	0.011244594744272531	0.0002554000000000011	0.0002535052557274698
scaffold_1	1470000	1480000	Karelia	0.00135846	0.00137541	8114.0	8115.0	1.0	0.0007887168888622	3387.0	0.0013584633425606939	1.6950000000000168e-05	1.6946657439306225e-05
scaffold_1	1470000	1480000	MIX Amur Basin	0.00909225	0.00909225	7458.0	7458.0	0.0	0.0035271565495207	3077.0	0.009093252196408988	0.0	1.0021964089879792e-06
scaffold_1	1470000	1480000	MIX Central Siberia	0.0114358	0.0119308	7195.0	7206.0	11.0	0.0056764812521258	3419.0	0.01143779406077596	0.0004950000000000006	0.00049300593922404
scaffold_1	1470000	1480000	MIX Sibiryakov Island	0.00951477	0.00970429	7651.0	7653.0	2.0	0.0048247749941381	3218.0	0.009515918506930773	0.0001895200000000003	0.00018837149306922749
scaffold_1	1470000	1480000	North America	0.0139798	0.0150705	7236.0	7288.0	52.0	0.0074024129404441	3436.0	0.013983442852705917	0.0010907	0.0010870571472940838
scaffold_1	1470000	1480000	Northern Ural	0.00897513	0.00949949	7481.0	7491.0	10.0	0.0025665659071765	3315.0	0.008976093964366098	0.0005243599999999998	0.000523396035633901
scaffold_1	1470000	1480000	Scandinavia	0.00734699	0.0075449	7750.0	7756.0	6.0	0.0040656631136516	3399.0	0.007347518770335431	0.00019790999999999993	0.00019738122966456943
scaffold_1	1470000	1480000	Siberia SC	0.000736237	0.000736237	8535.0	8535.0	0.0	0.0003026977940898	3411.0	0.0007362375320980345	0.0	5.320980344704351e-10
scaffold_1	1470000	1480000	West Siberia	0.00334668	0.00347377	8037.0	8046.0	9.0	0.0018076522411334	3422.0	0.003346729978279518	0.00012709000000000028	0.00012704002172048232
scaffold_1	1470000	1480000	admixed	0.0145886	0.0151531	7979.0	7987.0	8.0	0.0066198103206736	3377.0	0.014592739802158356	0.000564499999999999	0.0005603601978416434
scaffold_1	1480000	1490000	Central Europe	0.0148162	0.0178608	6878.0	6987.0	109.0	0.0070718969420818	4442.0	0.01482053659866745	0.0030445999999999997	0.00304026340133255
scaffold_1	1480000	1490000	East Siberia	0.00611509	0.00628195	8440.0	8444.0	4.0	0.0026685719842817	4636.0	0.006115394892889593	0.00016685999999999958	0.000166555107110407
scaffold_1	1480000	1490000	Karelia	0.0010111	0.0010111	7710.0	7710.0	0.0	0.0008212447001469	3949.0	0.0010111013782279968	0.0	1.3782279967896466e-09
scaffold_1	1480000	1490000	MIX Amur Basin	0.00973687	0.00983742	7490.0	7492.0	2.0	0.0062047381967388	3863.0	0.009738100826537961	0.0001005499999999996	9.931917346203863e-05
scaffold_1	1480000	1490000	MIX Central Siberia	0.00964468	0.010086	8553.0	8565.0	12.0	0.0052156744757321	4739.0	0.009645876195612137	0.00044132000000000025	0.00044012380438786247
scaffold_1	1480000	1490000	MIX Sibiryakov Island	0.00700293	0.00700293	7249.0	7249.0	0.0	0.0033318995467028	3866.0	0.007003387907853744	0.0	4.579078537441522e-07
scaffold_1	1480000	1490000	North America	0.012348	0.0127379	7941.0	7959.0	18.0	0.0073326317474276	4543.0	0.012350510317184255	0.0003899000000000003	0.00038738968281574505
scaffold_1	1480000	1490000	Northern Ural	0.0065907	0.00690011	7240.0	7255.0	15.0	0.0020581846608433	3982.0	0.006591081709850263	0.0003094100000000004	0.00030902829014973696
scaffold_1	1480000	1490000	Scandinavia	0.010985	0.0114819	7941.0	7957.0	16.0	0.0066267348812964	4554.0	0.010986767416562166	0.0004968999999999998	0.0004951325834378333
scaffold_1	1480000	1490000	Siberia SC	0.000863071	0.000863071	8941.0	8941.0	0.0	0.0005207872920213	4739.0	0.0008630718571923944	0.0	8.571923944310569e-10
scaffold_1	1480000	1490000	West Siberia	0.00281547	0.00281962	7716.0	7719.0	3.0	0.001603897181823	4100.0	0.0028154997571578637	4.150000000000074e-06	4.120242842136409e-06
scaffold_1	1480000	1490000	admixed	0.00975431	0.01014	8689.0	8699.0	10.0	0.0044392083846526	4735.0	0.009755547452102074	0.0003856899999999993	0.00038445254789792535
scaffold_1	1490000	1500000	Central Europe	0.0077974	0.00905368	7301.0	7402.0	101.0	0.0016471995676017	4556.0	0.007798032103474889	0.0012562799999999994	0.0012556478965251106
scaffold_1	1490000	1500000	East Siberia	0.00343155	0.00348566	8386.0	8394.0	8.0	0.0018225422856865	4635.0	0.0034316038777846805	5.411000000000001e-05	5.405612221531927e-05
scaffold_1	1490000	1500000	Karelia	0.00132286	0.00132286	8300.0	8300.0	0.0	0.0009658462791644	4371.0	0.0013228630866002754	0.0	3.086600275500548e-09
scaffold_1	1490000	1500000	MIX Amur Basin	0.00587319	0.00587319	7615.0	7615.0	0.0	0.0023518930055734	4005.0	0.005873460122579689	0.0	2.701225796887183e-07
scaffold_1	1490000	1500000	MIX Central Siberia	0.00392518	0.00410516	8328.0	8337.0	9.0	0.0016658197624008	4500.0	0.003925260633863392	0.00017997999999999972	0.00017989936613660787
scaffold_1	1490000	1500000	MIX Sibiryakov Island	0.00324649	0.00324649	7861.0	7861.0	0.0	0.002037621837685	4228.0	0.003246535622695937	0.0	4.5622695937080904e-08
scaffold_1	1490000	1500000	North America	0.00343942	0.00373919	8335.0	8347.0	12.0	0.0017047447301918	4523.0	0.0034394742493293433	0.00029977	0.0002997157506706566
scaffold_1	1490000	1500000	Northern Ural	0.00406754	0.0042625	8041.0	8047.0	6.0	0.0009559749868999	4341.0	0.00406762972929055	0.0001949600000000001	0.00019487027070944941
scaffold_1	1490000	1500000	Scandinavia	0.0050485	0.00509346	8475.0	8482.0	7.0	0.0027438594314969	4547.0	0.005048671563863779	4.496000000000014e-05	4.4788436136221355e-05
scaffold_1	1490000	1500000	Siberia SC	0.0015786	0.0015786	8847.0	8847.0	0.0	0.001163152468547	4554.0	0.0015786052451152103	0.0	5.2451152102173104e-09
scaffold_1	1490000	1500000	West Siberia	0.00286355	0.00308354	8488.0	8497.0	9.0	0.0016417276924509	4499.0	0.0028635813078358853	0.0002199900000000002	0.00021995869216411479
scaffold_1	1490000	1500000	admixed	0.00535948	0.00540561	8624.0	8626.0	2.0	0.0024409711245918	4556.0	0.005359685261122895	4.613000000000013e-05	4.5924738877104604e-05
scaffold_1	1500000	1510000	Central Europe	0.00963124	0.0108092	6363.0	6426.0	63.0	0.0036105663486237	3768.0	0.009632431201830254	0.0011779600000000005	0.0011767687981697455
scaffold_1	1500000	1510000	East Siberia	0.00385197	0.00397514	7520.0	7530.0	10.0	0.0017898186309954	3890.0	0.0038520462056944095	0.00012317000000000014	0.00012309379430559082
scaffold_1	1500000	1510000	Karelia	0.00179821	0.00179821	7013.0	7013.0	0.0	0.0011461137126888	3042.0	0.0017982177528246617	0.0	7.752824661769186e-09
scaffold_1	1500000	1510000	MIX Amur Basin	0.00419364	0.00419364	5722.0	5722.0	0.0	0.0023158061469326	2366.0	0.00419373833591761	0.0	9.833591761015947e-08
scaffold_1	1500000	1510000	MIX Central Siberia	0.00315453	0.0033112	7592.0	7600.0	8.0	0.0015186887112356	3802.0	0.0031545718545543874	0.0001566699999999998	0.0001566281454456124
scaffold_1	1500000	1510000	MIX Sibiryakov Island	0.00380906	0.00393732	8046.0	8047.0	1.0	0.0008878396756562	3823.0	0.0038091336872209287	0.00012826000000000027	0.0001281863127790715
scaffold_1	1500000	1510000	North America	0.00593771	0.00613941	7440.0	7451.0	11.0	0.002411748190386	3859.0	0.005937989123038808	0.00020169999999999997	0.00020142087696119193
scaffold_1	1500000	1510000	Northern Ural	0.00521122	0.00532972	7002.0	7007.0	5.0	0.0010807057722069	3509.0	0.005211408693508895	0.00011849999999999968	0.00011831130649110448
scaffold_1	1500000	1510000	Scandinavia	0.00765807	0.00794993	7385.0	7400.0	15.0	0.0029837678299479	3793.0	0.007658668820599823	0.0002918599999999988	0.00029126117940017626
scaffold_1	1500000	1510000	Siberia SC	0.000729299	0.00079006	8390.0	8391.0	1.0	0.0002956354866315	3908.0	0.0007292995171965162	6.0760999999999996e-05	6.0760482803483805e-05
scaffold_1	1500000	1510000	West Siberia	0.00298944	0.00307522	6611.0	6622.0	11.0	0.0012661016133978	2904.0	0.002989475621176593	8.578000000000014e-05	8.574437882340712e-05
scaffold_1	1500000	1510000	admixed	0.00471952	0.00494879	7811.0	7815.0	4.0	0.0021759310090131	3891.0	0.0047196601626271545	0.00022927000000000017	0.00022912983737284533
scaffold_1	1510000	1520000	Central Europe	0.00953874	0.0106798	6926.0	7018.0	92.0	0.0026388035054674	3989.0	0.009539897208914117	0.0011410599999999993	0.0011399027910858825
scaffold_1	1510000	1520000	East Siberia	0.00384257	0.00408562	8309.0	8318.0	9.0	0.0013740103063163	4039.0	0.003842645649158242	0.00024304999999999986	0.00024297435084175796
scaffold_1	1510000	1520000	Karelia	0.00193661	0.00194247	8835.0	8836.0	1.0	0.0006657965865681	4036.0	0.0019366196842333775	5.859999999999893e-06	5.8503157666224374e-06
scaffold_1	1510000	1520000	MIX Amur Basin	0.00329232	0.00329232	7852.0	7852.0	0.0	0.0017450376303479	3597.0	0.003292367582237164	0.0	4.758223716384499e-08
scaffold_1	1510000	1520000	MIX Central Siberia	0.00384049	0.00410679	8349.0	8357.0	8.0	0.0009633592348876	3952.0	0.0038405655263770637	0.00026630000000000013	0.00026622447362293624
scaffold_1	1510000	1520000	MIX Sibiryakov Island	0.00292898	0.00292898	8546.0	8546.0	0.0	0.0012077181907883	3912.0	0.0029290135033284664	0.0	3.3503328466556737e-08
scaffold_1	1510000	1520000	North America	0.00242605	0.00251074	8315.0	8322.0	7.0	0.0012068869593088	3982.0	0.002426069038730154	8.469000000000011e-05	8.467096126984607e-05
scaffold_1	1510000	1520000	Northern Ural	0.00371118	0.00386773	7979.0	7988.0	9.0	0.0005531874929433	3921.0	0.0037112481514018844	0.0001565500000000001	0.0001564818485981158
scaffold_1	1510000	1520000	Scandinavia	0.0033737	0.00338656	8369.0	8371.0	2.0	0.0013500815278257	3982.0	0.003373751198604062	1.2859999999999955e-05	1.2808801395937895e-05
scaffold_1	1510000	1520000	Siberia SC	0.000250872	0.000250872	8609.0	8609.0	0.0	0.0001008537386246	3931.0	0.0002508720210520946	0.0	2.105209458364357e-11
scaffold_1	1510000	1520000	West Siberia	0.00397996	0.00399334	8468.0	8471.0	3.0	0.0012352705473152	4025.0	0.003980044057188228	1.3379999999999469e-05	1.3295942811771336e-05
scaffold_1	1510000	1520000	admixed	0.00508658	0.00519407	8428.0	8432.0	4.0	0.0013683277731442	3947.0	0.0050867554754539445	0.00010749000000000002	0.00010731452454605574
scaffold_1	1520000	1530000	Central Europe	0.00714766	0.00890453	7040.0	7182.0	142.0	0.0016604710787859	4412.0	0.007148146889483319	0.0017568700000000007	0.001756383110516682
scaffold_1	1520000	1530000	East Siberia	0.00565274	0.00626781	8184.0	8207.0	23.0	0.0027721892134292	4434.0	0.005652980832873632	0.0006150700000000005	0.0006148291671263682
scaffold_1	1520000	1530000	Karelia	0.00273453	0.00284712	8690.0	8693.0	3.0	0.0009253951169772	4372.0	0.0027345572638267602	0.00011258999999999965	0.00011256273617323963
scaffold_1	1520000	1530000	MIX Amur Basin	0.00660361	0.00673262	7862.0	7865.0	3.0	0.0035056320346132	4023.0	0.00660399395735051	0.00012900999999999972	0.00012862604264948958
scaffold_1	1520000	1530000	MIX Central Siberia	0.00647655	0.00687813	8356.0	8375.0	19.0	0.0019984911805874	4390.0	0.006476912217896938	0.00040157999999999947	0.0004012177821030617
scaffold_1	1520000	1530000	MIX Sibiryakov Island	0.00474339	0.00486289	8552.0	8554.0	2.0	0.0020523345305284	4295.0	0.004743532300110599	0.00011949999999999981	0.00011935769988940127
scaffold_1	1520000	1530000	North America	0.00259759	0.00288743	8200.0	8230.0	30.0	0.0015162979241842	4397.0	0.002597613369560652	0.00028984	0.0002898166304393479
scaffold_1	1520000	1530000	Northern Ural	0.00596345	0.00657872	8044.0	8075.0	31.0	0.0010649153325471	4332.0	0.005963732768796557	0.0006152699999999994	0.0006149872312034427
scaffold_1	1520000	1530000	Scandinavia	0.00580569	0.00596895	8286.0	8295.0	9.0	0.0020363441162825	4399.0	0.0058059509157311045	0.00016326000000000014	0.0001629990842688953
scaffold_1	1520000	1530000	Siberia SC	0.000813987	0.000813987	8883.0	8883.0	0.0	0.0003558831271387	4373.0	0.0008139877191030709	0.0	7.191030709265134e-10
scaffold_1	1520000	1530000	West Siberia	0.00550021	0.00603225	8479.0	8494.0	15.0	0.0032555898531686	4427.0	0.005500431858744304	0.0005320400000000001	0.0005318181412556963
scaffold_1	1520000	1530000	admixed	0.00745125	0.00788253	8513.0	8523.0	10.0	0.0031495571097998	4382.0	0.007451801602392399	0.00043128000000000003	0.00043072839760760137
scaffold_1	1530000	1540000	Central Europe	0.00862827	0.0100583	5924.0	6021.0	97.0	0.0034519512840033	3279.0	0.008629126465585828	0.0014300299999999988	0.0014291735344141715
scaffold_1	1530000	1540000	East Siberia	0.00494955	0.0050916	7857.0	7877.0	20.0	0.003682255554302	3310.0	0.004949711672399509	0.00014205000000000034	0.00014188832760049074
scaffold_1	1530000	1540000	Karelia	0.00420228	0.00426413	8224.0	8227.0	3.0	0.0021135656406938	3214.0	0.004202378944964149	6.184999999999958e-05	6.175105503585052e-05
scaffold_1	1530000	1540000	MIX Amur Basin	0.00506146	0.00520324	7453.0	7455.0	2.0	0.0027874659807253	2752.0	0.005061632888522839	0.00014177999999999934	0.00014160711147716103
scaffold_1	1530000	1540000	MIX Central Siberia	0.00539483	0.00548866	7715.0	7723.0	8.0	0.0024290865129303	3256.0	0.00539503934954836	9.383000000000048e-05	9.362065045164045e-05
scaffold_1	1530000	1540000	MIX Sibiryakov Island	0.00382139	0.00382139	8071.0	8071.0	0.0	0.0023509259502023	2980.0	0.0038214644051206034	0.0	7.440512060337759e-08
scaffold_1	1530000	1540000	North America	0.00536695	0.00572142	7444.0	7473.0	29.0	0.0029789385605511	3296.0	0.0053671561205936	0.00035446999999999996	0.00035426387940639976
scaffold_1	1530000	1540000	Northern Ural	0.00553545	0.00593679	7616.0	7642.0	26.0	0.0015908835325116	3164.0	0.005535676150490189	0.00040134000000000003	0.00040111384950981127
scaffold_1	1530000	1540000	Scandinavia	0.00707922	0.00752215	7676.0	7687.0	11.0	0.0040549973768136	3277.0	0.007079693036838861	0.00044293000000000023	0.0004424569631611393
scaffold_1	1530000	1540000	Siberia SC	0.000406609	0.000406609	8381.0	8381.0	0.0	0.0005088895738704	3245.0	0.0004066090896333644	0.0	8.963336442426723e-11
scaffold_1	1530000	1540000	West Siberia	0.00562227	0.00565829	7660.0	7662.0	2.0	0.0042612251879809	3267.0	0.005622506959339539	3.6019999999999455e-05	3.578304066046128e-05
scaffold_1	1530000	1540000	admixed	0.00614472	0.00636983	8196.0	8203.0	7.0	0.0031547942090227	3254.0	0.006145029346374412	0.00022510999999999972	0.0002248006536255875
scaffold_1	1540000	1550000	Central Europe	0.00697554	0.00791533	7388.0	7491.0	103.0	0.0022179102894845	4282.0	0.006975992555905986	0.0009397900000000002	0.0009393374440940143
scaffold_1	1540000	1550000	East Siberia	0.00308603	0.00323542	8731.0	8739.0	8.0	0.002356319845632	4333.0	0.003086069186742893	0.0001493900000000001	0.00014935081325710697
scaffold_1	1540000	1550000	Karelia	0.00373223	0.00373223	8935.0	8935.0	0.0	0.0026540313280423	4329.0	0.003732299317666612	0.0	6.93176666118761e-08
scaffold_1	1540000	1550000	MIX Amur Basin	0.00347797	0.00347797	7961.0	7961.0	0.0	0.0018459300441921	3800.0	0.003478026093976904	0.0	5.609397690396409e-08
scaffold_1	1540000	1550000	MIX Central Siberia	0.00343187	0.00353895	8578.0	8585.0	7.0	0.0011273061926105	4228.0	0.0034319238928587716	0.00010707999999999985	0.00010702610714122826
scaffold_1	1540000	1550000	MIX Sibiryakov Island	0.00275914	0.00275914	8685.0	8685.0	0.0	0.0013740912326561	4193.0	0.0027591680065716206	0.0	2.8006571620425164e-08
scaffold_1	1540000	1550000	North America	0.00503737	0.00529981	8455.0	8466.0	11.0	0.002682403704575	4274.0	0.005037540431666589	0.00026244000000000007	0.00026226956833341145
scaffold_1	1540000	1550000	Northern Ural	0.00558607	0.00589445	7957.0	7973.0	16.0	0.0008804047339509	4203.0	0.005586302411630469	0.0003083799999999996	0.000308147588369531
scaffold_1	1540000	1550000	Scandinavia	0.0057273	0.0057273	8666.0	8666.0	0.0	0.0027544023026089	4274.0	0.005727550488927741	0.0	2.504889277405581e-07
scaffold_1	1540000	1550000	Siberia SC	0.000341191	0.000341191	8775.0	8775.0	0.0	0.000219420242958	4209.0	0.0003411910529579831	0.0	5.2957983105120926e-11
scaffold_1	1540000	1550000	West Siberia	0.00292897	0.00294687	8802.0	8803.0	1.0	0.0019043287270749	4316.0	0.002929003502985311	1.7899999999999947e-05	1.7866497014689016e-05
scaffold_1	1540000	1550000	admixed	0.00456243	0.0046507	8607.0	8609.0	2.0	0.0022800357193396	4225.0	0.0045625566273095166	8.826999999999967e-05	8.814337269048324e-05
scaffold_1	1550000	1560000	Central Europe	0.0119159	0.0135157	7065.0	7176.0	111.0	0.0049883876157333	4331.0	0.011918155897101783	0.0015998000000000002	0.001597544102898217
scaffold_1	1550000	1560000	East Siberia	0.00653963	0.00691752	8486.0	8498.0	12.0	0.0042388014317671	4340.0	0.006540002905053613	0.00037788999999999965	0.00037751709494638665
scaffold_1	1550000	1560000	Karelia	0.00538651	0.00538651	8761.0	8761.0	0.0	0.0033590857786424	4345.0	0.005386718382453897	0.0	2.0838245389735027e-07
scaffold_1	1550000	1560000	MIX Amur Basin	0.00537166	0.00537166	6724.0	6724.0	0.0	0.00319033620092	3213.0	0.005371866663740212	0.0	2.0666374021208883e-07
scaffold_1	1550000	1560000	MIX Central Siberia	0.00765133	0.00811514	8329.0	8345.0	16.0	0.0032359095789521	4303.0	0.007651927240893831	0.00046381000000000026	0.0004632127591061687
scaffold_1	1550000	1560000	MIX Sibiryakov Island	0.00846863	0.00854449	8365.0	8366.0	1.0	0.0054496074385066	4109.0	0.008469439800820787	7.586000000000051e-05	7.505019917921317e-05
scaffold_1	1550000	1560000	North America	0.00416245	0.00439932	8260.0	8274.0	14.0	0.0024715980362767	4340.0	0.004162546158089447	0.00023687000000000014	0.00023677384191055258
scaffold_1	1550000	1560000	Northern Ural	0.0103062	0.0107582	8166.0	8187.0	21.0	0.0033641845512321	4277.0	0.01030765960194938	0.000452000000000001	0.00045054039805062125
scaffold_1	1550000	1560000	Scandinavia	0.00951761	0.00963579	8233.0	8238.0	5.0	0.0063935490003611	4193.0	0.009518759535668208	0.00011818000000000072	0.00011703046433179237
scaffold_1	1550000	1560000	Siberia SC	0.000592538	0.000592538	8815.0	8815.0	0.0	0.0002425753845564	4295.0	0.0005925382773878014	0.0	2.7738780142196745e-10
scaffold_1	1550000	1560000	West Siberia	0.00882916	0.00892527	8507.0	8513.0	6.0	0.0056277796956379	4324.0	0.00883007769189875	9.610999999999995e-05	9.519230810125026e-05
scaffold_1	1550000	1560000	admixed	0.00994734	0.0101251	8552.0	8555.0	3.0	0.0053026228931599	4299.0	0.009948652380061651	0.00017775999999999903	0.00017644761993834863
scaffold_1	1560000	1570000	Central Europe	0.0226754	0.0293201	7420.0	7598.0	178.0	0.0104738128108979	5032.0	0.022690945461059344	0.006644700000000003	0.006629154538940658
scaffold_1	1560000	1570000	East Siberia	0.0198722	0.022309	8236.0	8325.0	89.0	0.0107853359173922	4952.0	0.019882663490510752	0.0024367999999999994	0.002426336509489247
scaffold_1	1560000	1570000	Karelia	0.0179187	0.0183658	5673.0	5682.0	9.0	0.0061384740913088	2893.0	0.01792637111038119	0.00044710000000000236	0.0004394288896188113
scaffold_1	1560000	1570000	MIX Amur Basin	0.0137311	0.0145355	5237.0	5251.0	14.0	0.0084785209286952	2585.0	0.01373455187234588	0.0008044000000000003	0.0008009481276541192
scaffold_1	1560000	1570000	MIX Central Siberia	0.0142436	0.0155282	8440.0	8492.0	52.0	0.0040158155487804	4942.0	0.014247452991434371	0.0012846000000000003	0.0012807470085656296
scaffold_1	1560000	1570000	MIX Sibiryakov Island	0.0261904	0.0267397	6279.0	6284.0	5.0	0.0134355761961334	3078.0	0.02621435328769452	0.0005493000000000026	0.0005253467123054814
scaffold_1	1560000	1570000	North America	0.0140308	0.0168132	8072.0	8161.0	89.0	0.0067421567832611	5029.0	0.014034482867029463	0.002782400000000001	0.0027787171329705374
scaffold_1	1560000	1570000	Northern Ural	0.0146872	0.0168559	7185.0	7270.0	85.0	0.0036913971324363	4073.0	0.014691424309822995	0.002168700000000001	0.002164475690177005
scaffold_1	1560000	1570000	Scandinavia	0.0284332	0.0316327	6863.0	6927.0	64.0	0.0126863861794997	3799.0	0.028463848975097922	0.003199500000000001	0.0031688510249020772
scaffold_1	1560000	1570000	Siberia SC	0.00352501	0.00352501	8975.0	8975.0	0.0	0.0014806170453302	4973.0	0.003525068400934526	0.0	5.8400934526293274e-08
scaffold_1	1560000	1570000	West Siberia	0.0198665	0.0214007	6521.0	6570.0	49.0	0.0098283189418253	3438.0	0.019876954489274304	0.001534200000000003	0.0015237455107256978
scaffold_1	1560000	1570000	admixed	0.0153561	0.0160889	8628.0	8643.0	15.0	0.0060663976782048	4916.0	0.015360928158640662	0.0007328000000000005	0.0007279718413593372
scaffold_1	1570000	1580000	Central Europe	0.00460121	0.00522561	8616.0	8631.0	15.0	0.0019062537152211	6457.0	0.004601339883774674	0.0006244000000000006	0.0006242701162253259
scaffold_1	1570000	1580000	East Siberia	0.0108088	0.0110273	8586.0	8596.0	10.0	0.0063315295620332	6461.0	0.010810483725074317	0.00021849999999999994	0.0002168162749256828
scaffold_1	1570000	1580000	Karelia	0.00771836	0.008115	6485.0	6489.0	4.0	0.0035744226494104	4666.0	0.007718973075314878	0.00039664000000000105	0.0003960269246851226
scaffold_1	1570000	1580000	MIX Amur Basin	0.00797044	0.00826762	3199.0	3200.0	1.0	0.0070696803225327	2207.0	0.007971115127233624	0.0002971799999999993	0.00029650487276637605
scaffold_1	1570000	1580000	MIX Central Siberia	0.00744543	0.00813165	8823.0	8834.0	11.0	0.0034481987209996	6565.0	0.007445980310869876	0.0006862200000000004	0.0006856696891301244
scaffold_1	1570000	1580000	MIX Sibiryakov Island	0.0111132	0.0111132	2304.0	2304.0	0.0	0.0054988216810683	1571.0	0.011115030021227323	0.0	1.8300212273232586e-06
scaffold_1	1570000	1580000	North America	0.00955353	0.010067	9117.0	9120.0	3.0	0.005701609466778	6592.0	0.009554692600088698	0.0005134700000000002	0.000512307399911302
scaffold_1	1570000	1580000	Northern Ural	0.00788688	0.00887101	8326.0	8343.0	17.0	0.0038110283372325	6270.0	0.00788753411549297	0.0009841299999999997	0.0009834758845070311
scaffold_1	1570000	1580000	Scandinavia	0.0025137	0.00256946	5191.0	5195.0	4.0	0.0010233584439432	3796.0	0.0025137211777136615	5.5760000000000184e-05	5.573882228633847e-05
scaffold_1	1570000	1580000	Siberia SC	0.00063574	0.00063574	9369.0	9369.0	0.0	0.0005877237858494	6574.0	0.0006357403425921041	0.0	3.425921040996552e-10
scaffold_1	1570000	1580000	West Siberia	0.00451266	0.00452193	7212.0	7214.0	2.0	0.0018180742203554	5256.0	0.004512782528347666	9.270000000000458e-06	9.147471652334524e-06
scaffold_1	1570000	1580000	admixed	0.0118388	0.0122255	8960.0	8964.0	4.0	0.0068396912544798	6492.0	0.011841012390515982	0.00038670000000000024	0.00038448760948401814
scaffold_1	1580000	1590000	Central Europe	0.014052	0.0168056	7513.0	7686.0	173.0	0.0062066002525189	4611.0	0.014055699586278144	0.0027536	0.0027499004137218567
scaffold_1	1580000	1590000	East Siberia	0.0108227	0.0126946	8514.0	8586.0	72.0	0.0074860238545956	4615.0	0.010824390229188123	0.001871900000000001	0.0018702097708118773
scaffold_1	1580000	1590000	Karelia	0.00354926	0.00366043	7885.0	7887.0	2.0	0.002282955770826	4097.0	0.0035493196145377085	0.00011117000000000028	0.00011111038546229163
scaffold_1	1580000	1590000	MIX Amur Basin	0.00499066	0.00499066	7644.0	7644.0	0.0	0.0033241620554572	3965.0	0.004990825734410292	0.0	1.6573441029201635e-07
scaffold_1	1580000	1590000	MIX Central Siberia	0.0136273	0.0152294	8298.0	8350.0	52.0	0.0058393368809832	4562.0	0.013630674179536239	0.0016021000000000004	0.0015987258204637617
scaffold_1	1580000	1590000	MIX Sibiryakov Island	0.0118934	0.0121861	8199.0	8203.0	4.0	0.0065597021540643	4168.0	0.01189564314223574	0.0002926999999999999	0.00029045685776426036
scaffold_1	1580000	1590000	North America	0.0115683	0.012994	8225.0	8298.0	73.0	0.0075461925780733	4606.0	0.011570364179043089	0.0014257000000000002	0.0014236358209569113
scaffold_1	1580000	1590000	Northern Ural	0.0118002	0.013214	8124.0	8180.0	56.0	0.0041929137880083	4469.0	0.011802390820727222	0.0014137999999999998	0.0014116091792727783
scaffold_1	1580000	1590000	Scandinavia	0.0143088	0.0157059	8224.0	8260.0	36.0	0.0078568663897333	4555.0	0.014312706145145144	0.0013970999999999983	0.0013931938548548545
scaffold_1	1580000	1590000	Siberia SC	0.00775874	0.00775874	8833.0	8833.0	0.0	0.0040449576344989	4550.0	0.0077593627479872395	0.0	6.227479872394567e-07
scaffold_1	1580000	1590000	West Siberia	0.0152973	0.0169156	8395.0	8442.0	47.0	0.0094713447893174	4504.0	0.01530207290827412	0.0016182999999999996	0.0016135270917258786
scaffold_1	1580000	1590000	admixed	0.0146548	0.0158462	8502.0	8535.0	33.0	0.0079671154229873	4437.0	0.014658996414935626	0.0011914000000000004	0.001187203585064375
scaffold_1	1590000	1600000	Central Europe	0.00929712	0.00984316	3569.0	3588.0	19.0	0.0050246506514519	2691.0	0.009298191479943721	0.0005460399999999994	0.0005449685200562791
scaffold_1	1590000	1600000	East Siberia	0.00742718	0.00806634	3232.0	3241.0	9.0	0.0054914136770543	2178.0	0.00742772627406771	0.0006391599999999997	0.0006386137259322897
scaffold_1	1590000	1600000	Karelia	0.00302862	0.00302862	2555.0	2555.0	0.0	0.0025762865270235	1423.0	0.00302865704018051	0.0	3.704018051000138e-08
scaffold_1	1590000	1600000	MIX Amur Basin	0.00483549	0.00500246	3075.0	3077.0	2.0	0.0023602427503554	1873.0	0.0048356407510011705	0.00016697000000000066	0.0001668192489988297
scaffold_1	1590000	1600000	MIX Central Siberia	0.00943375	0.00958568	3705.0	3708.0	3.0	0.004408798540053	2528.0	0.009434869416813341	0.00015192999999999977	0.00015081058318665817
scaffold_1	1590000	1600000	MIX Sibiryakov Island	0.00481002	0.00481002	2303.0	2303.0	0.0	0.0036181615386708	1278.0	0.004810168381372229	0.0	1.4838137222909775e-07
scaffold_1	1590000	1600000	North America	0.00845632	0.00912468	4280.0	4291.0	11.0	0.0045428140580891	3091.0	0.008457126274572256	0.0006683599999999998	0.0006675537254277435
scaffold_1	1590000	1600000	Northern Ural	0.00746571	0.00781478	2920.0	2926.0	6.0	0.0035026915507217	1921.0	0.007466264819970365	0.00034906999999999994	0.00034851518002963506
scaffold_1	1590000	1600000	Scandinavia	0.00402497	0.00407285	3143.0	3145.0	2.0	0.0021412781466567	1952.0	0.004025056941410106	4.7880000000000145e-05	4.779305858989419e-05
scaffold_1	1590000	1600000	Siberia SC	0.00166658	0.00166658	3678.0	3678.0	0.0	0.001024076464376	2300.0	0.0016665861718765933	0.0	6.171876593347517e-09
scaffold_1	1590000	1600000	West Siberia	0.00857032	0.00888846	3115.0	3118.0	3.0	0.0069560333970831	2027.0	0.008571159324403648	0.0003181400000000015	0.0003173006755963527
scaffold_1	1590000	1600000	admixed	0.0110481	0.0114099	3265.0	3267.0	2.0	0.0079607463326235	1973.0	0.011049898049013886	0.00036180000000000066	0.0003600019509861149
scaffold_1	1600000	1610000	Central Europe	0.0109594	0.0124849	7483.0	7549.0	66.0	0.0043352999267017	3745.0	0.010961155088705274	0.0015255000000000008	0.001523744911294726
scaffold_1	1600000	1610000	East Siberia	0.00489912	0.00516014	8147.0	8160.0	13.0	0.0021768245040939	3781.0	0.0048992767808333105	0.00026101999999999983	0.0002608632191666892
scaffold_1	1600000	1610000	Karelia	0.00561509	0.00571512	8704.0	8706.0	2.0	0.002497548507445	3779.0	0.005615326052661509	0.00010003000000000008	9.979394733849057e-05
scaffold_1	1600000	1610000	MIX Amur Basin	0.0109133	0.0109892	7715.0	7716.0	1.0	0.0058094163673811	3302.0	0.010915033033740876	7.589999999999854e-05	7.416696625912357e-05
scaffold_1	1600000	1610000	MIX Central Siberia	0.00656635	0.00685833	8025.0	8031.0	6.0	0.0020628851472168	3720.0	0.0065667274946665105	0.00029197999999999984	0.00029160250533348964
scaffold_1	1600000	1610000	MIX Sibiryakov Island	0.00535904	0.00544646	8440.0	8441.0	1.0	0.0020466924642837	3624.0	0.00535924521057276	8.742000000000038e-05	8.721478942724011e-05
scaffold_1	1600000	1610000	North America	0.00813218	0.00874332	7868.0	7886.0	18.0	0.0033494988976741	3735.0	0.008132897066915529	0.0006111400000000013	0.0006104229330844719
scaffold_1	1600000	1610000	Northern Ural	0.00550486	0.00570069	7831.0	7841.0	10.0	0.0008966687667544	3673.0	0.005505082421913118	0.00019582999999999927	0.00019560757808688174
scaffold_1	1600000	1610000	Scandinavia	0.00868347	0.00905054	7973.0	7982.0	9.0	0.0042596420488166	3725.0	0.008684343008879962	0.00036706999999999886	0.00036619699112003766
scaffold_1	1600000	1610000	Siberia SC	0.000326368	0.000326368	8829.0	8829.0	0.0	7.061113941160747e-05	3708.0	0.0003263680463512496	0.0	4.635124960716483e-11
scaffold_1	1600000	1610000	West Siberia	0.00556861	0.00576266	8538.0	8548.0	10.0	0.0025602035263708	3777.0	0.0055688402391352665	0.0001940500000000003	0.00019381976086473365
scaffold_1	1600000	1610000	admixed	0.00597679	0.00621307	8429.0	8435.0	6.0	0.0028453117584476	3711.0	0.005977074670672228	0.00023628000000000017	0.00023599532932777265
scaffold_1	1610000	1620000	Central Europe	0.0148499	0.0180562	7475.0	7604.0	129.0	0.0080892653421636	4424.0	0.014854266257291594	0.003206300000000002	0.0032019337427084075
scaffold_1	1610000	1620000	East Siberia	0.00451757	0.00464656	8629.0	8635.0	6.0	0.002447033409851	4454.0	0.004517692928733921	0.00012898999999999983	0.00012886707126607937
scaffold_1	1610000	1620000	Karelia	0.00209675	0.00209675	8760.0	8760.0	0.0	0.0011576892351988	4454.0	0.002096762290758679	0.0	1.2290758679041336e-08
scaffold_1	1610000	1620000	MIX Amur Basin	0.0134245	0.0137415	7860.0	7864.0	4.0	0.0050682279280991	4002.0	0.013427725767739675	0.0003169999999999996	0.00031377423226032486
scaffold_1	1610000	1620000	MIX Central Siberia	0.00548771	0.00575519	8496.0	8503.0	7.0	0.0018020043547592	4386.0	0.005487930349563829	0.0002674800000000005	0.00026725965043617166
scaffold_1	1610000	1620000	MIX Sibiryakov Island	0.00414885	0.00431499	8565.0	8567.0	2.0	0.0022372597425498	4360.0	0.004148945218631785	0.00016614000000000038	0.00016604478136821553
scaffold_1	1610000	1620000	North America	0.00240878	0.00259928	8334.0	8348.0	14.0	0.001074732625685	4421.0	0.002408798635032151	0.0001904999999999997	0.00019048136496784863
scaffold_1	1610000	1620000	Northern Ural	0.00577078	0.00609364	8257.0	8268.0	11.0	0.0011820898908894	4362.0	0.005771036237265223	0.00032286000000000033	0.0003226037627347767
scaffold_1	1610000	1620000	Scandinavia	0.0160535	0.0162635	8387.0	8391.0	4.0	0.0065951176000008	4421.0	0.016059016300721506	0.00021000000000000185	0.00020448369927849458
scaffold_1	1610000	1620000	Siberia SC	0.000297928	0.000297928	8710.0	8710.0	0.0	0.0002038714558944	4366.0	0.00029792803525921995	0.0	3.5259219968632877e-11
scaffold_1	1610000	1620000	West Siberia	0.00644441	0.00684547	8549.0	8562.0	13.0	0.0034034274998334	4446.0	0.006444766852074069	0.00040105999999999996	0.00040070314792593157
scaffold_1	1610000	1620000	admixed	0.00552792	0.00578574	8634.0	8638.0	4.0	0.0018614574351161	4376.0	0.005528145228831933	0.00025781999999999975	0.0002575947711680668
scaffold_1	1620000	1630000	Central Europe	0.00500145	0.00562457	6820.0	6886.0	66.0	0.0024023150135983	3724.0	0.005001616811708721	0.0006231199999999996	0.0006229531882912791
scaffold_1	1620000	1630000	East Siberia	0.0090781	0.00958739	7933.0	7947.0	14.0	0.0043098190375587	3783.0	0.009079097524621133	0.000509289999999999	0.0005082924753788669
scaffold_1	1620000	1630000	Karelia	0.00146971	0.00148562	8368.0	8369.0	1.0	0.0007704365992152	3748.0	0.0014697142328578504	1.5910000000000056e-05	1.5905767142149587e-05
scaffold_1	1620000	1630000	MIX Amur Basin	0.0107914	0.0111917	7492.0	7500.0	8.0	0.0053443283685807	3339.0	0.010793075606778224	0.000400300000000001	0.0003986243932217765
scaffold_1	1620000	1630000	MIX Central Siberia	0.0126358	0.013249	7793.0	7813.0	20.0	0.0044928770789469	3703.0	0.012638489967087834	0.0006131999999999995	0.0006105100329121659
scaffold_1	1620000	1630000	MIX Sibiryakov Island	0.005133	0.005133	8390.0	8390.0	0.0	0.0038712467267716	3671.0	0.005133180323583516	0.0	1.8032358351568328e-07
scaffold_1	1620000	1630000	North America	0.00208227	0.00225746	8030.0	8041.0	11.0	0.0011994394258345	3735.0	0.0020822820378759333	0.00017518999999999998	0.00017517796212406693
scaffold_1	1620000	1630000	Northern Ural	0.0114861	0.0121548	7778.0	7795.0	17.0	0.0029790398035844	3669.0	0.011488120489117412	0.0006686999999999995	0.0006666795108825879
scaffold_1	1620000	1630000	Scandinavia	0.0109716	0.01147	7966.0	7978.0	12.0	0.0055724259734694	3735.0	0.010973360956524765	0.0004983999999999995	0.0004966390434752339
scaffold_1	1620000	1630000	Siberia SC	0.000448946	0.000448946	8492.0	8492.0	0.0	0.0003048288927405	3692.0	0.0004489461206482581	0.0	1.20648258094061e-10
scaffold_1	1620000	1630000	West Siberia	0.0063416	0.00673867	8337.0	8351.0	14.0	0.0048741838442326	3778.0	0.006341940044122101	0.00039707000000000024	0.0003967299558778996
scaffold_1	1620000	1630000	admixed	0.00951373	0.00984298	8176.0	8184.0	8.0	0.0033739361319809	3697.0	0.009514878130363608	0.0003292499999999997	0.00032810186963639146
scaffold_1	1630000	1640000	Central Europe	0.0109295	0.0127878	7550.0	7643.0	93.0	0.0034187971044179	4147.0	0.010931240762890463	0.0018583000000000002	0.0018565592371095375
scaffold_1	1630000	1640000	East Siberia	0.00843198	0.00898305	8256.0	8271.0	15.0	0.0031909764761929	4191.0	0.008432779332442214	0.000551069999999999	0.0005502706675577854
scaffold_1	1630000	1640000	Karelia	0.00210776	0.00210776	8751.0	8751.0	0.0	0.0006489744970447	4187.0	0.0021077724853928513	0.0	1.2485392851101923e-08
scaffold_1	1630000	1640000	MIX Amur Basin	0.00892556	0.00918522	7805.0	7809.0	4.0	0.0039235331970752	3694.0	0.008926508080377296	0.00025965999999999836	0.00025871191962270265
scaffold_1	1630000	1640000	MIX Central Siberia	0.0101956	0.010579	8147.0	8158.0	11.0	0.0025274266480166	4102.0	0.010197013113685776	0.000383399999999999	0.00038198688631422423
scaffold_1	1630000	1640000	MIX Sibiryakov Island	0.00793622	0.00822628	8540.0	8544.0	4.0	0.0025830391455222	4065.0	0.007936886468813163	0.00029005999999999997	0.0002893935311868382
scaffold_1	1630000	1640000	North America	0.00322888	0.00332554	8311.0	8320.0	9.0	0.0016429140757992	4142.0	0.0032289248842994798	9.666000000000015e-05	9.661511570052033e-05
scaffold_1	1630000	1640000	Northern Ural	0.00897081	0.00977947	8028.0	8050.0	22.0	0.0016885453942121	4068.0	0.008971772573080856	0.000808660000000001	0.0008076974269191437
scaffold_1	1630000	1640000	Scandinavia	0.00885201	0.00906776	8406.0	8412.0	6.0	0.003871923668356	4142.0	0.00885293483535593	0.00021574999999999893	0.0002148251646440693
scaffold_1	1630000	1640000	Siberia SC	0.000387485	0.000387485	8702.0	8702.0	0.0	6.819003198112499e-05	4073.0	0.0003874850775717202	0.0	7.757172015192618e-11
scaffold_1	1630000	1640000	West Siberia	0.00673606	0.00699348	8486.0	8496.0	10.0	0.0025163810576292	4181.0	0.006736467527178125	0.0002574199999999995	0.0002570124728218746
scaffold_1	1630000	1640000	admixed	0.0101498	0.0105447	8467.0	8476.0	9.0	0.0029738302934179	4090.0	0.010151194155416958	0.0003949000000000001	0.000393505844583043
scaffold_1	1640000	1650000	Central Europe	0.0126789	0.0152525	7043.0	7166.0	123.0	0.0038592119488386	4154.0	0.012681617587061477	0.0025736000000000005	0.0025708824129385237
scaffold_1	1640000	1650000	East Siberia	0.00635983	0.00683144	8141.0	8164.0	23.0	0.0034268155245878	4185.0	0.006360172985103008	0.0004716099999999999	0.00047126701489699253
scaffold_1	1640000	1650000	Karelia	0.00620983	0.00627274	8856.0	8857.0	1.0	0.0031028201530656	4181.0	0.00621014928452513	6.290999999999936e-05	6.259071547486984e-05
scaffold_1	1640000	1650000	MIX Amur Basin	0.0120196	0.0124347	7811.0	7819.0	8.0	0.0062479612789924	3700.0	0.012021915308049719	0.00041509999999999984	0.00041278469195028117
scaffold_1	1640000	1650000	MIX Central Siberia	0.00723279	0.00761287	8245.0	8263.0	18.0	0.0025407830570766	4129.0	0.00723329449434671	0.00038007999999999965	0.0003795755056532901
scaffold_1	1640000	1650000	MIX Sibiryakov Island	0.00609655	0.00631131	8536.0	8540.0	4.0	0.002705885999442	4079.0	0.0060968521281257	0.0002147599999999996	0.00021445787187429968
scaffold_1	1640000	1650000	North America	0.00276433	0.00295952	7946.0	7957.0	11.0	0.0015409868985773	4002.0	0.0027643581649119285	0.00019519000000000003	0.00019516183508807173
scaffold_1	1640000	1650000	Northern Ural	0.00807381	0.00866527	7816.0	7836.0	20.0	0.0023422828839067	4080.0	0.00807451173689613	0.0005914599999999985	0.0005907582631038688
scaffold_1	1640000	1650000	Scandinavia	0.00876885	0.00927626	8183.0	8201.0	18.0	0.0040700831831135	4149.0	0.008769749014424384	0.0005074099999999998	0.0005065109855756159
scaffold_1	1640000	1650000	Siberia SC	0.000321012	0.000321012	8863.0	8863.0	0.0	0.0001609681668446	4116.0	0.0003210120441064942	0.0	4.410649417311424e-11
scaffold_1	1640000	1650000	West Siberia	0.0072764	0.00758109	8361.0	8381.0	20.0	0.0036485356084429	4175.0	0.007276913675003039	0.0003046900000000007	0.0003041763249969614
scaffold_1	1640000	1650000	admixed	0.00865708	0.00903188	8293.0	8301.0	8.0	0.0042283943550172	4124.0	0.00865794507354138	0.0003748000000000015	0.000373934926458621
scaffold_1	1650000	1660000	Central Europe	0.01225	0.0152961	6911.0	7058.0	147.0	0.00457774693699	4281.0	0.012252451020833334	0.0030460999999999995	0.0030436489791666656
scaffold_1	1650000	1660000	East Siberia	0.00866885	0.00928942	8417.0	8443.0	26.0	0.0045087229038434	4342.0	0.008669718606752922	0.0006205699999999991	0.0006197013932470775
scaffold_1	1650000	1660000	Karelia	0.00889512	0.00909518	8599.0	8602.0	3.0	0.0058683641003837	4268.0	0.008896058413335104	0.00020006000000000017	0.0001991215866648955
scaffold_1	1650000	1660000	MIX Amur Basin	0.0144951	0.0149056	7866.0	7875.0	9.0	0.0071790354547456	4005.0	0.014499160713825756	0.0004104999999999994	0.0004064392861742438
scaffold_1	1650000	1660000	MIX Central Siberia	0.00956331	0.0102087	8334.0	8358.0	24.0	0.0035362476309347	4355.0	0.00956447617422494	0.0006453899999999992	0.0006442238257750588
scaffold_1	1650000	1660000	MIX Sibiryakov Island	0.00837969	0.00863758	7808.0	7812.0	4.0	0.004325047488715	3595.0	0.008380474553554298	0.0002578900000000002	0.0002571054464457021
scaffold_1	1650000	1660000	North America	0.00795051	0.00930016	7951.0	8050.0	99.0	0.0056407492252302	4346.0	0.00795118007544137	0.0013496500000000008	0.0013489799245586295
scaffold_1	1650000	1660000	Northern Ural	0.00871709	0.00959565	7947.0	7978.0	31.0	0.0028105840519674	4042.0	0.008717973188339025	0.0008785600000000005	0.0008776768116609754
scaffold_1	1650000	1660000	Scandinavia	0.0102491	0.011065	8283.0	8305.0	22.0	0.0063209861436868	4307.0	0.010250535475974876	0.0008158999999999996	0.0008144645240251245
scaffold_1	1650000	1660000	Siberia SC	0.00132244	0.00137415	8850.0	8851.0	1.0	0.0008224367388306	4354.0	0.0013224430836612784	5.170999999999995e-05	5.1706916338721586e-05
scaffold_1	1650000	1660000	West Siberia	0.00734271	0.00797215	8317.0	8335.0	18.0	0.0040070919893561	4238.0	0.00734323784676582	0.0006294400000000011	0.0006289121532341811
scaffold_1	1650000	1660000	admixed	0.00924812	0.00985044	8407.0	8417.0	10.0	0.0039702217964868	4191.0	0.009249174627534098	0.0006023199999999999	0.000601265372465902
scaffold_1	1660000	1670000	Central Europe	0.00799118	0.00962382	6824.0	6973.0	149.0	0.0037862087728555	4012.0	0.007991860411235108	0.0016326399999999994	0.0016319595887648915
scaffold_1	1660000	1670000	East Siberia	0.00421128	0.00443006	8319.0	8337.0	18.0	0.0020991953571748	4042.0	0.004211379582056319	0.00021878000000000002	0.00021868041794368114
scaffold_1	1660000	1670000	Karelia	0.00322895	0.0033129	8779.0	8781.0	2.0	0.0014191672526002	4046.0	0.0032289948872187293	8.395000000000017e-05	8.390511278127087e-05
scaffold_1	1660000	1670000	MIX Amur Basin	0.00904777	0.00924096	7579.0	7583.0	4.0	0.0050623197107245	3509.0	0.00904875755977637	0.00019318999999999933	0.00019220244022362908
scaffold_1	1660000	1670000	MIX Central Siberia	0.00493514	0.00503504	8033.0	8044.0	11.0	0.001483295929205	3958.0	0.004935300264439253	9.989999999999999e-05	9.973973556074746e-05
scaffold_1	1660000	1670000	MIX Sibiryakov Island	0.00474053	0.00474053	8391.0	8391.0	0.0	0.0023034849603669	3876.0	0.004740672042868638	0.0	1.4204286863817722e-07
scaffold_1	1660000	1670000	North America	0.00413375	0.00483403	8032.0	8083.0	51.0	0.0024357256503755	3998.0	0.00413384418274855	0.0007002799999999993	0.0007001858172514495
scaffold_1	1660000	1670000	Northern Ural	0.00537808	0.00559393	7896.0	7913.0	17.0	0.0012502473440865	3898.0	0.005378287405615663	0.00021585000000000007	0.00021564259438433715
scaffold_1	1660000	1670000	Scandinavia	0.0080347	0.00854723	8292.0	8326.0	34.0	0.0037270156149872	3998.0	0.008035391588453256	0.0005125299999999989	0.0005118384115467434
scaffold_1	1660000	1670000	Siberia SC	0.000948192	0.000948192	8582.0	8582.0	0.0	0.0004112506774938	3965.0	0.0009481931366522005	0.0	1.136652200421813e-09
scaffold_1	1660000	1670000	West Siberia	0.00376943	0.00411372	8384.0	8403.0	19.0	0.0023611981133621	4016.0	0.003769501411110154	0.00034429000000000057	0.0003442185888898465
scaffold_1	1660000	1670000	admixed	0.00697335	0.0072055	8367.0	8373.0	6.0	0.003384747911452	3933.0	0.006973802129794327	0.0002321500000000004	0.00023169787020567347
scaffold_1	1670000	1680000	Central Europe	0.00573748	0.00683257	7595.0	7675.0	80.0	0.001963766872505	4591.0	0.005737731826999309	0.00109509	0.001094838173000691
scaffold_1	1670000	1680000	East Siberia	0.00402913	0.0040703	8478.0	8482.0	4.0	0.0021964205509718	4638.0	0.004029217211263201	4.1170000000000095e-05	4.108278873679854e-05
scaffold_1	1670000	1680000	Karelia	0.000597632	0.000597632	8890.0	8890.0	0.0	0.000442714417821	4635.0	0.0005976322846035201	0.0	2.846035201129263e-10
scaffold_1	1670000	1680000	MIX Amur Basin	0.0068179	0.00685958	7896.0	7897.0	1.0	0.0030085794472207	4159.0	0.006818322562173466	4.167999999999967e-05	4.125743782653398e-05
scaffold_1	1670000	1680000	MIX Central Siberia	0.00441625	0.0046258	8354.0	8364.0	10.0	0.0014110391438083	4557.0	0.004416364841719888	0.0002095500000000002	0.0002094351582801121
scaffold_1	1670000	1680000	MIX Sibiryakov Island	0.00325141	0.00325141	8642.0	8642.0	0.0	0.001610571739657	4527.0	0.0032514558304316825	0.0	4.5830431682353234e-08
scaffold_1	1670000	1680000	North America	0.0017253	0.00184467	8344.0	8355.0	11.0	0.0005919631063373	4589.0	0.001725306847508871	0.00011937000000000015	0.00011936315249112903
scaffold_1	1670000	1680000	Northern Ural	0.00546881	0.00574538	8117.0	8134.0	17.0	0.001361397682834	4532.0	0.005469028080704832	0.0002765699999999994	0.00027635191929516797
scaffold_1	1670000	1680000	Scandinavia	0.00552989	0.00560538	8528.0	8530.0	2.0	0.0025708855241486	4589.0	0.005530115469714005	7.54900000000001e-05	7.526453028599504e-05
scaffold_1	1670000	1680000	Siberia SC	0.000285779	0.000285779	8745.0	8745.0	0.0	0.0001580499072976	4539.0	0.00028577903111928955	0.0	3.111928954541848e-11
scaffold_1	1670000	1680000	West Siberia	0.00344844	0.00344957	8584.0	8585.0	1.0	0.0016528532912776	4629.0	0.0034484946772619786	1.1299999999997944e-06	1.0753227380213247e-06
scaffold_1	1670000	1680000	admixed	0.00514734	0.00523996	8569.0	8571.0	2.0	0.0018998851827887	4553.0	0.005147521839112999	9.261999999999986e-05	9.243816088700101e-05
scaffold_1	1680000	1690000	Central Europe	0.00559482	0.00617863	8149.0	8215.0	66.0	0.0016408561212304	4764.0	0.005595053505488327	0.0005838099999999997	0.0005835764945116726
scaffold_1	1680000	1690000	East Siberia	0.00329181	0.00335364	8821.0	8829.0	8.0	0.001645568162653	4820.0	0.003291857560128272	6.183000000000013e-05	6.178243987172826e-05
scaffold_1	1680000	1690000	Karelia	0.000506718	0.000506718	9063.0	9063.0	0.0	0.0003575943141417	4818.0	0.0005067181734753339	0.0	1.734753339241446e-10
scaffold_1	1680000	1690000	MIX Amur Basin	0.00370067	0.00380423	8059.0	8061.0	2.0	0.0016682241573301	4265.0	0.0037007375740291774	0.00010355999999999994	0.00010349242597082258
scaffold_1	1680000	1690000	MIX Central Siberia	0.00401599	0.00412837	8621.0	8628.0	7.0	0.0009977312652962	4724.0	0.004016076360789666	0.00011238000000000047	0.00011229363921033426
scaffold_1	1680000	1690000	MIX Sibiryakov Island	0.00358954	0.00358954	8748.0	8748.0	0.0	0.0013959007049298	4697.0	0.003589601667327601	0.0	6.166732760114896e-08
scaffold_1	1680000	1690000	North America	0.00188875	0.00204519	8641.0	8648.0	7.0	0.0009720729044288	4760.0	0.00188875898384331	0.0001564400000000001	0.0001564310161566902
scaffold_1	1680000	1690000	Northern Ural	0.00427503	0.00439145	8285.0	8296.0	11.0	0.0007987840645337	4698.0	0.00427513417325559	0.00011641999999999989	0.00011631582674440956
scaffold_1	1680000	1690000	Scandinavia	0.00447306	0.00460794	8846.0	8848.0	2.0	0.002437802422277	4760.0	0.0044731793308976755	0.00013487999999999955	0.00013476066910232416
scaffold_1	1680000	1690000	Siberia SC	0.000230667	0.000230667	8883.0	8883.0	0.0	0.0003229458967163	4698.0	0.00023066701636421355	0.0	1.6364213559520377e-11
scaffold_1	1680000	1690000	West Siberia	0.00286657	0.00289775	8748.0	8756.0	8.0	0.0017160797315915	4804.0	0.002866601406995406	3.118000000000001e-05	3.1148593004594154e-05
scaffold_1	1680000	1690000	admixed	0.00402784	0.00416174	8807.0	8810.0	3.0	0.0016516300976948	4721.0	0.004027927127523154	0.0001338999999999993	0.00013381287247684562
scaffold_1	1690000	1700000	Central Europe	0.00805376	0.00912011	7043.0	7127.0	84.0	0.0027035614440256	4018.0	0.008054456521918236	0.0010663500000000006	0.0010656534780817649
scaffold_1	1690000	1700000	East Siberia	0.00640551	0.00658951	8434.0	8438.0	4.0	0.003490055320211	4069.0	0.006405860428869175	0.00018400000000000014	0.00018364957113082506
scaffold_1	1690000	1700000	Karelia	0.00427761	0.00438711	8632.0	8634.0	2.0	0.0025899932903297	4065.0	0.004277714361976536	0.00010949999999999935	0.0001093956380234639
scaffold_1	1690000	1700000	MIX Amur Basin	0.00800658	0.00808322	7688.0	7689.0	1.0	0.0041347482131857	3631.0	0.008007264352532531	7.664000000000108e-05	7.595564746746934e-05
scaffold_1	1690000	1700000	MIX Central Siberia	0.0060149	0.00611528	8277.0	8284.0	7.0	0.0023036452735	3990.0	0.006015190150932651	0.00010037999999999974	0.0001000898490673488
scaffold_1	1690000	1700000	MIX Sibiryakov Island	0.005958	0.00603316	8422.0	8423.0	1.0	0.0030237032309632	3943.0	0.005958281994237216	7.516000000000033e-05	7.487800576278392e-05
scaffold_1	1690000	1700000	North America	0.00314659	0.00330728	8135.0	8145.0	10.0	0.0013388847041725	4012.0	0.003146631539303561	0.00016069000000000023	0.0001606484606964391
scaffold_1	1690000	1700000	Northern Ural	0.0084976	0.00882489	7907.0	7919.0	12.0	0.0024461099750281	3962.0	0.008498418139929154	0.0003272900000000009	0.0003264718600708462
scaffold_1	1690000	1700000	Scandinavia	0.00834411	0.00862201	8303.0	8310.0	7.0	0.0038080799669246	4012.0	0.008344884602329678	0.00027789999999999933	0.0002771253976703216
scaffold_1	1690000	1700000	Siberia SC	0.000181509	0.000181509	8631.0	8631.0	0.0	0.0001991266213769	3973.0	0.00018150900797321047	0.0	7.973210470763742e-12
scaffold_1	1690000	1700000	West Siberia	0.00651604	0.00690212	8348.0	8363.0	15.0	0.0036884812340253	4053.0	0.006516408884121491	0.00038608000000000045	0.00038571111587850943
scaffold_1	1690000	1700000	admixed	0.00872858	0.00880171	8433.0	8436.0	3.0	0.004558387477605	3987.0	0.008729466685337136	7.313000000000111e-05	7.224331466286482e-05
scaffold_1	1700000	1710000	Central Europe	0.00587558	0.00641991	7809.0	7867.0	58.0	0.0017083194403411	4992.0	0.005875850452479989	0.00054433	0.0005440595475200106
scaffold_1	1700000	1710000	East Siberia	0.00319903	0.00332009	8750.0	8758.0	8.0	0.0020584321261927	5026.0	0.0031990736509475088	0.00012106000000000009	0.00012101634905249117
scaffold_1	1700000	1710000	Karelia	0.00240705	0.00240705	9068.0	9068.0	0.0	0.0015215436030277	5025.0	0.002407068594909611	0.0	1.8594909611223398e-08
scaffold_1	1700000	1710000	MIX Amur Basin	0.00580338	0.00585748	8248.0	8249.0	1.0	0.0036200381577158	4519.0	0.005803640604411232	5.4099999999999634e-05	5.383939558876831e-05
scaffold_1	1700000	1710000	MIX Central Siberia	0.00351366	0.00360792	8588.0	8595.0	7.0	0.0015520846572103	4956.0	0.0035137178386224037	9.426000000000009e-05	9.420216137759644e-05
scaffold_1	1700000	1710000	MIX Sibiryakov Island	0.0037453	0.0037453	8888.0	8888.0	0.0	0.0020908254578907	4928.0	0.0037453700484562117	0.0	7.004845621171735e-08
scaffold_1	1700000	1710000	North America	0.0050106	0.00516226	8616.0	8625.0	9.0	0.0030294672718969	4985.0	0.005010767728915454	0.0001516600000000005	0.0001514922710845459
scaffold_1	1700000	1710000	Northern Ural	0.00447875	0.00459375	8507.0	8518.0	11.0	0.001276163055381	4935.0	0.004478869786865331	0.00011499999999999965	0.00011488021313466913
scaffold_1	1700000	1710000	Scandinavia	0.0057187	0.00575909	8786.0	8787.0	1.0	0.0027194887115094	4985.0	0.005718949362233651	4.0389999999999524e-05	4.0140637766348554e-05
scaffold_1	1700000	1710000	Siberia SC	0.000386091	0.000386091	9119.0	9119.0	0.0	0.0001410206929311	4937.0	0.00038609107673752196	0.0	7.673752198998976e-11
scaffold_1	1700000	1710000	West Siberia	0.00335745	0.00354815	8931.0	8939.0	8.0	0.0022591502769148	5015.0	0.0033575004623414514	0.0001906999999999998	0.00019064953765854853
scaffold_1	1700000	1710000	admixed	0.00457688	0.00459503	8879.0	8880.0	1.0	0.0025540649602425	4953.0	0.004577007834275488	1.8149999999999764e-05	1.802216572451172e-05
scaffold_1	1710000	1720000	Central Europe	0.00405502	0.00470461	7700.0	7757.0	57.0	0.0008084067146285	4786.0	0.004055108903270615	0.0006495899999999994	0.0006495010967293843
scaffold_1	1710000	1720000	East Siberia	0.00376992	0.003851	8803.0	8813.0	10.0	0.0015269591819634	4814.0	0.0037699914389626352	8.107999999999987e-05	8.10085610373646e-05
scaffold_1	1710000	1720000	Karelia	0.00260254	0.00260254	8538.0	8538.0	0.0	0.0012190187512718	4638.0	0.0026025635034153853	0.0	2.350341538536957e-08
scaffold_1	1710000	1720000	MIX Amur Basin	0.00344553	0.00362277	7637.0	7640.0	3.0	0.001227130745203	4095.0	0.0034455845389589172	0.00017723999999999995	0.00017718546104108276
scaffold_1	1710000	1720000	MIX Central Siberia	0.00378323	0.00386457	8330.0	8334.0	4.0	0.0011956490316484	4515.0	0.0037833021982999183	8.134000000000006e-05	8.126780170008164e-05
scaffold_1	1710000	1720000	MIX Sibiryakov Island	0.00391301	0.00391301	8078.0	8078.0	0.0	0.001303315568395	4366.0	0.003913089886171794	0.0	7.988617179398305e-08
scaffold_1	1710000	1720000	North America	0.00137448	0.00143207	8311.0	8317.0	6.0	0.0007652978816041	4589.0	0.0013744834622148204	5.758999999999994e-05	5.758653778517955e-05
scaffold_1	1710000	1720000	Northern Ural	0.00492453	0.00508041	7922.0	7930.0	8.0	0.000989480740031	4421.0	0.004924689233007943	0.00015587999999999973	0.0001557207669920565
scaffold_1	1710000	1720000	Scandinavia	0.00163045	0.00163751	8487.0	8489.0	2.0	0.0007410317734782	4732.0	0.0016304557791130738	7.059999999999922e-06	7.054220886926199e-06
scaffold_1	1710000	1720000	Siberia SC	0.000751063	0.000751063	8926.0	8926.0	0.0	0.0006631640930945	4756.0	0.0007510635648951415	0.0	5.648951415145043e-10
scaffold_1	1710000	1720000	West Siberia	0.00253131	0.00256943	8486.0	8490.0	4.0	0.0014486529319832	4690.0	0.002531331625927419	3.8119999999999994e-05	3.8098374072580935e-05
scaffold_1	1710000	1720000	admixed	0.0046424	0.00467068	8863.0	8865.0	2.0	0.0017387929897854	4757.0	0.00464253340324975	2.828000000000032e-05	2.8146596750249636e-05
scaffold_1	1720000	1730000	Central Europe	0.00808276	0.00904802	7622.0	7696.0	74.0	0.0021430537205108	4547.0	0.008083464073157418	0.0009652600000000008	0.0009645559268425825
scaffold_1	1720000	1730000	East Siberia	0.00436073	0.00465998	8826.0	8840.0	14.0	0.0022227983924849	4596.0	0.00436084056465866	0.00029925000000000004	0.0002991394353413406
scaffold_1	1720000	1730000	Karelia	0.00375023	0.00385218	8855.0	8857.0	2.0	0.0013102115619845	4593.0	0.0037503003254382933	0.00010195000000000039	0.00010187967456170687
scaffold_1	1720000	1730000	MIX Amur Basin	0.00894961	0.00901521	7927.0	7928.0	1.0	0.0049303104353335	4090.0	0.008950565764878878	6.559999999999899e-05	6.464423512112134e-05
scaffold_1	1720000	1730000	MIX Central Siberia	0.00396468	0.00419155	8573.0	8582.0	9.0	0.0009088591451388	4510.0	0.003964763092754623	0.00022686999999999968	0.00022678690724537657
scaffold_1	1720000	1730000	MIX Sibiryakov Island	0.0058253	0.00590771	8665.0	8666.0	1.0	0.0024418014828885	4474.0	0.005825563568573014	8.240999999999978e-05	8.21464314269861e-05
scaffold_1	1720000	1730000	North America	0.00348808	0.00361755	8333.0	8339.0	6.0	0.0014333571661659	4540.0	0.003488136584573618	0.00012947000000000002	0.0001294134154263822
scaffold_1	1720000	1730000	Northern Ural	0.00682333	0.00720962	8285.0	8301.0	16.0	0.0017101647587116	4478.0	0.0068237535726050555	0.00038629000000000007	0.0003858664273949444
scaffold_1	1720000	1730000	Scandinavia	0.00510838	0.00528532	8508.0	8513.0	5.0	0.002507583762351	4540.0	0.005108557741288562	0.00017693999999999956	0.00017676225871143727
scaffold_1	1720000	1730000	Siberia SC	0.000420666	0.000420666	8844.0	8844.0	0.0	0.0002446229209621	4480.0	0.00042066609925467516	0.0	9.925467517107531e-11
scaffold_1	1720000	1730000	West Siberia	0.00434546	0.00453787	8707.0	8717.0	10.0	0.0022527061750428	4580.0	0.004345569407225917	0.0001924100000000005	0.00019230059277408357
scaffold_1	1720000	1730000	admixed	0.00520595	0.0053381	8750.0	8753.0	3.0	0.0023871587944367	4505.0	0.005206138121621986	0.00013215000000000015	0.0001319618783780143
scaffold_1	1730000	1740000	Central Europe	0.00879156	0.00976368	7381.0	7457.0	76.0	0.0029063033562999	4652.0	0.008792466017465556	0.0009721199999999999	0.0009712139825344447
scaffold_1	1730000	1740000	East Siberia	0.00459499	0.00486195	8542.0	8555.0	13.0	0.0019155137884361	4687.0	0.004595119357748608	0.0002669600000000001	0.0002668306422513927
scaffold_1	1730000	1740000	Karelia	0.00543711	0.00548957	8912.0	8913.0	1.0	0.0028826142989205	4682.0	0.005437324310325027	5.245999999999983e-05	5.2245689674972756e-05
scaffold_1	1730000	1740000	MIX Amur Basin	0.00429255	0.00435079	7946.0	7947.0	1.0	0.0022642285170042	4216.0	0.004292655459285425	5.82400000000002e-05	5.813454071457516e-05
scaffold_1	1730000	1740000	MIX Central Siberia	0.00696792	0.00717966	8406.0	8412.0	6.0	0.0018521928099378	4620.0	0.0069683710744248535	0.0002117400000000002	0.0002112889255751465
scaffold_1	1730000	1740000	MIX Sibiryakov Island	0.00634734	0.00638167	8671.0	8672.0	1.0	0.0026870016960696	4581.0	0.006347680968314962	3.432999999999995e-05	3.398903168503817e-05
scaffold_1	1730000	1740000	North America	0.00315307	0.00319013	8606.0	8610.0	4.0	0.0018912279396651	4645.0	0.0031531117964670925	3.7059999999999784e-05	3.7018203532907315e-05
scaffold_1	1730000	1740000	Northern Ural	0.00699129	0.00713792	8288.0	8295.0	7.0	0.0014227059781726	4597.0	0.006991745628296647	0.00014663000000000002	0.00014617437170335278
scaffold_1	1730000	1740000	Scandinavia	0.00764009	0.00780445	8480.0	8486.0	6.0	0.002970650987485	4645.0	0.0076406846126719705	0.00016435999999999968	0.00016376538732802964
scaffold_1	1730000	1740000	Siberia SC	0.000554049	0.000554049	8858.0	8858.0	0.0	0.0002604798396557	4607.0	0.0005540492267687796	0.0	2.267687795355633e-10
scaffold_1	1730000	1740000	West Siberia	0.00654482	0.00679647	8624.0	8636.0	12.0	0.0029248327350012	4675.0	0.0065451937935963565	0.00025164999999999996	0.00025127620640364324
scaffold_1	1730000	1740000	admixed	0.00720865	0.00742073	8668.0	8672.0	4.0	0.0025911880639111	4616.0	0.007209149459819751	0.00021208000000000077	0.00021158054018024976
scaffold_1	1740000	1750000	Central Europe	0.0129279	0.0151477	7445.0	7571.0	126.0	0.0048750955255612	4565.0	0.012930780863550914	0.002219799999999999	0.002216919136449086
scaffold_1	1740000	1750000	East Siberia	0.00738291	0.00785362	8743.0	8766.0	23.0	0.0038567881806305	4600.0	0.007383446563911628	0.00047071000000000005	0.0004701734360883728
scaffold_1	1740000	1750000	Karelia	0.00286251	0.00298311	9017.0	9019.0	2.0	0.0017555314322683	4599.0	0.0028625412737366116	0.00012060000000000022	0.00012056872626338856
scaffold_1	1740000	1750000	MIX Amur Basin	0.00668425	0.00710608	8069.0	8077.0	8.0	0.0030395538360863	4133.0	0.006684648195906199	0.0004218299999999998	0.000421431804093801
scaffold_1	1740000	1750000	MIX Central Siberia	0.00829449	0.00877705	8563.0	8576.0	13.0	0.0028166645139908	4535.0	0.0082952508653388	0.00048255999999999993	0.00048179913466120036
scaffold_1	1740000	1750000	MIX Sibiryakov Island	0.00715269	0.00718838	8639.0	8640.0	1.0	0.003448325283419	4471.0	0.007153177918118411	3.569000000000055e-05	3.5202081881588985e-05
scaffold_1	1740000	1750000	North America	0.0023925	0.00274232	8547.0	8571.0	24.0	0.0013137849262342	4555.0	0.0023925182597394376	0.0003498199999999998	0.00034980174026056233
scaffold_1	1740000	1750000	Northern Ural	0.00721294	0.00779355	8196.0	8219.0	23.0	0.0011110945163294	4492.0	0.0072134403520636645	0.0005806099999999996	0.0005801096479363353
scaffold_1	1740000	1750000	Scandinavia	0.00934373	0.0101711	8400.0	8423.0	23.0	0.0041295119775618	4556.0	0.009344817676080341	0.0008273700000000009	0.0008262823239196596
scaffold_1	1740000	1750000	Siberia SC	0.000597278	0.000597278	8892.0	8892.0	0.0	0.0002011125463129	4518.0	0.0005972782840980754	0.0	2.840980753600342e-10
scaffold_1	1740000	1750000	West Siberia	0.00705683	0.0075577	8564.0	8581.0	17.0	0.0039990030564971	4599.0	0.007057298562688224	0.0005008699999999996	0.0005004014373117755
scaffold_1	1740000	1750000	admixed	0.00896733	0.00935004	8632.0	8640.0	8.0	0.0044945878796455	4528.0	0.008968291453297349	0.00038270999999999965	0.00038174854670265136
scaffold_1	1750000	1760000	Central Europe	0.00970488	0.0111763	7683.0	7789.0	106.0	0.0032246166040902	4624.0	0.009706098734894288	0.0014714199999999993	0.0014702012651057125
scaffold_1	1750000	1760000	East Siberia	0.00482533	0.00499294	8858.0	8869.0	11.0	0.0025675005947831	4670.0	0.00482547980275336	0.00016761000000000033	0.00016746019724664038
scaffold_1	1750000	1760000	Karelia	0.00262671	0.00262671	9085.0	9085.0	0.0	0.0011884364868308	4664.0	0.0026267341643500847	0.0	2.4164350084700942e-08
scaffold_1	1750000	1760000	MIX Amur Basin	0.00616614	0.00616614	8150.0	8150.0	0.0	0.0032365807519508	4173.0	0.006166452592734495	0.0	3.1259273449574243e-07
scaffold_1	1750000	1760000	MIX Central Siberia	0.00572132	0.00593233	8699.0	8705.0	6.0	0.001807368644524	4602.0	0.005721569705123688	0.0002110100000000002	0.00021076029487631254
scaffold_1	1750000	1760000	MIX Sibiryakov Island	0.00572924	0.00579776	8820.0	8821.0	1.0	0.0026432814829921	4566.0	0.005729490743557222	6.851999999999987e-05	6.826925644277775e-05
scaffold_1	1750000	1760000	North America	0.00210008	0.00212847	8557.0	8561.0	4.0	0.0010910312642299	4619.0	0.0021000923494112534	2.83900000000001e-05	2.8377650588746507e-05
scaffold_1	1750000	1760000	Northern Ural	0.00753413	0.00794099	8396.0	8414.0	18.0	0.0015284112379881	4571.0	0.007534700214248716	0.0004068600000000002	0.00040628978575128413
scaffold_1	1750000	1760000	Scandinavia	0.00902658	0.0093132	8389.0	8395.0	6.0	0.0036547712293209	4619.0	0.009027560637378909	0.0002866200000000013	0.00028563936262109187
scaffold_1	1750000	1760000	Siberia SC	0.00095399	0.00095399	8941.0	8941.0	0.0	0.0005669207758371	4578.0	0.0009539911576311478	0.0	1.1576311477337967e-09
scaffold_1	1750000	1760000	West Siberia	0.00543245	0.00565918	8770.0	8783.0	13.0	0.0030560275833877	4656.0	0.005432663759758414	0.00022672999999999964	0.0002265162402415857
scaffold_1	1750000	1760000	admixed	0.00744417	0.00750443	8924.0	8925.0	1.0	0.0032920453671515	4598.0	0.007444720031527638	6.026000000000035e-05	5.9709968472362006e-05
scaffold_1	1760000	1770000	Central Europe	0.0115354	0.0134787	7488.0	7588.0	100.0	0.0045304447780626	4134.0	0.011537446617637842	0.0019433000000000002	0.001941253382362158
scaffold_1	1760000	1770000	East Siberia	0.00386244	0.00401116	8872.0	8885.0	13.0	0.0021479476599823	4178.0	0.003862516828786706	0.00014871999999999976	0.00014864317121329393
scaffold_1	1760000	1770000	Karelia	0.0039144	0.00392761	8904.0	8905.0	1.0	0.0016987091654033	4176.0	0.0039144799713347975	1.3209999999999611e-05	1.3130028665202242e-05
scaffold_1	1760000	1770000	MIX Amur Basin	0.00366637	0.00366637	7995.0	7995.0	0.0	0.0024512687117377	3715.0	0.0036664357124422784	0.0	6.571244227839695e-08
scaffold_1	1760000	1770000	MIX Central Siberia	0.00508005	0.00524577	8546.0	8553.0	7.0	0.0016691106077484	4089.0	0.005080224800510664	0.00016572000000000028	0.0001655451994893361
scaffold_1	1760000	1770000	MIX Sibiryakov Island	0.00363717	0.00363717	8699.0	8699.0	0.0	0.0014958707424931	4059.0	0.0036372341548564406	0.0	6.4154856440745e-08
scaffold_1	1760000	1770000	North America	0.00259702	0.00261657	8550.0	8554.0	4.0	0.0010900236033272	4130.0	0.0025970433541797873	1.9550000000000123e-05	1.952664582021259e-05
scaffold_1	1760000	1770000	Northern Ural	0.00622573	0.00665069	8282.0	8296.0	14.0	0.0017087840176766	4060.0	0.0062260517433525946	0.00042496000000000027	0.00042463825664740534
scaffold_1	1760000	1770000	Scandinavia	0.00985855	0.0100823	8436.0	8442.0	6.0	0.0047325470152139	4130.0	0.009859827549883906	0.00022375	0.00022247245011609504
scaffold_1	1760000	1770000	Siberia SC	0.000180828	0.000180828	8879.0	8879.0	0.0	0.0	4067.0	0.00018082800788380319	0.0	7.883803175177603e-12
scaffold_1	1760000	1770000	West Siberia	0.00367044	0.00398	8644.0	8652.0	8.0	0.0015079905905786	4162.0	0.0036705059315254394	0.00030955999999999996	0.00030949406847456066
scaffold_1	1760000	1770000	admixed	0.00661579	0.00682793	8696.0	8701.0	5.0	0.0027883602172327	4084.0	0.0066161760858370056	0.00021214000000000042	0.00021175391416299472
scaffold_1	1770000	1780000	Central Europe	0.0105239	0.0123364	6283.0	6387.0	104.0	0.0023663947221709	3454.0	0.010525454063909022	0.0018125000000000016	0.0018109459360909786
scaffold_1	1770000	1780000	East Siberia	0.0033816	0.00350229	8100.0	8108.0	8.0	0.001283705252731	3478.0	0.0033816515591134433	0.00012069000000000012	0.0001206384408865566
scaffold_1	1770000	1780000	Karelia	0.00189501	0.00189501	8593.0	8593.0	0.0	0.000822901182138	3475.0	0.0018950190734668083	0.0	9.073466808407968e-09
scaffold_1	1770000	1780000	MIX Amur Basin	0.0047534	0.00489838	7557.0	7559.0	2.0	0.0022688954871041	3053.0	0.004753543202903026	0.00014498000000000028	0.0001448367970969741
scaffold_1	1770000	1780000	MIX Central Siberia	0.00406221	0.00417108	8007.0	8015.0	8.0	0.0007021039290385	3429.0	0.00406229937701569	0.00010886999999999963	0.00010878062298431013
scaffold_1	1770000	1780000	MIX Sibiryakov Island	0.00375566	0.00375566	8376.0	8376.0	0.0	0.0015367456595109	3404.0	0.003755730631355776	0.0	7.063135577583743e-08
scaffold_1	1770000	1780000	North America	0.00423657	0.00449789	7823.0	7834.0	11.0	0.0018849191627785	3447.0	0.00423667138691214	0.0002613199999999998	0.0002612186130878597
scaffold_1	1770000	1780000	Northern Ural	0.00466089	0.00487077	7742.0	7757.0	15.0	0.0006684075281657	3408.0	0.004661025003583635	0.00020987999999999996	0.00020974499641636477
scaffold_1	1770000	1780000	Scandinavia	0.00415199	0.00435671	7908.0	7917.0	9.0	0.0020657938882858	3447.0	0.004152085434990182	0.00020471999999999938	0.00020462456500981805
scaffold_1	1770000	1780000	Siberia SC	0.000562134	0.000562134	8529.0	8529.0	0.0	0.0004106397599852	3413.0	0.0005621342368417701	0.0	2.368417700458411e-10
scaffold_1	1770000	1780000	West Siberia	0.00386403	0.00400536	8339.0	8346.0	7.0	0.002071250376218	3470.0	0.0038641069237070657	0.00014133000000000027	0.00014125307629293468
scaffold_1	1770000	1780000	admixed	0.00495411	0.00515063	8310.0	8313.0	3.0	0.0015052608258904	3425.0	0.004954272119655656	0.0001965199999999995	0.00019635788034434373
scaffold_1	1780000	1790000	Central Europe	0.01264	0.0148355	5543.0	5640.0	97.0	0.0049344402586364	2415.0	0.012642692650325334	0.0021954999999999995	0.0021928073496746657
scaffold_1	1780000	1790000	East Siberia	0.00673164	0.00725848	7732.0	7750.0	18.0	0.0037137342438465	2449.0	0.006732046725483167	0.0005268400000000006	0.0005264332745168335
scaffold_1	1780000	1790000	Karelia	0.00531336	0.00541423	8086.0	8088.0	2.0	0.0022256023483836	2444.0	0.005313560007583425	0.0001008700000000003	0.00010066999241657455
scaffold_1	1780000	1790000	MIX Amur Basin	0.0094047	0.00964164	7140.0	7144.0	4.0	0.0063236751264881	2137.0	0.009405809107332056	0.00023693999999999972	0.00023583089266794414
scaffold_1	1780000	1790000	MIX Central Siberia	0.00722874	0.00764902	7567.0	7585.0	18.0	0.0034033373149861	2384.0	0.007229243647346495	0.0004202800000000003	0.00041977635265350553
scaffold_1	1780000	1790000	MIX Sibiryakov Island	0.00522518	0.00538854	7970.0	7972.0	2.0	0.0030921993470224	2349.0	0.005225370214011294	0.00016335999999999955	0.00016316978598870588
scaffold_1	1780000	1790000	North America	0.00426604	0.00440136	7253.0	7266.0	13.0	0.0020586466205439	2408.0	0.004266143517435956	0.0001353200000000004	0.00013521648256404391
scaffold_1	1780000	1790000	Northern Ural	0.00693594	0.00723643	7116.0	7133.0	17.0	0.002116891998527	2349.0	0.0069363848921259645	0.0003004900000000005	0.00030004510787403574
scaffold_1	1780000	1790000	Scandinavia	0.00868514	0.00899254	7313.0	7322.0	9.0	0.003556958450015	2406.0	0.008686013512666546	0.0003074000000000011	0.0003065264873334545
scaffold_1	1780000	1790000	Siberia SC	0.00064815	0.00064815	8131.0	8131.0	0.0	0.0001772225679156	2370.0	0.0006481503630490568	0.0	3.6304905674626464e-10
scaffold_1	1780000	1790000	West Siberia	0.00564782	0.00579805	7796.0	7804.0	8.0	0.0027793395445023	2444.0	0.005648060204576523	0.00015023000000000033	0.00014998979542347676
scaffold_1	1780000	1790000	admixed	0.00774477	0.00805013	7637.0	7645.0	8.0	0.0038442324933586	2374.0	0.007745389390173582	0.00030536000000000105	0.0003047406098264189
scaffold_1	1790000	1800000	Central Europe	0.0131497	0.0150312	6019.0	6093.0	74.0	0.0043622726418326	2784.0	0.013152731700331068	0.0018814999999999995	0.0018784682996689315
scaffold_1	1790000	1800000	East Siberia	0.00434558	0.00451872	7669.0	7678.0	9.0	0.0020406379811007	2825.0	0.004345689416290018	0.00017314000000000045	0.0001730305837099825
scaffold_1	1790000	1800000	Karelia	0.00349996	0.00351488	8288.0	8289.0	1.0	0.0024459227980719	2757.0	0.003500017164706689	1.4920000000000298e-05	1.4862835293311116e-05
scaffold_1	1790000	1800000	MIX Amur Basin	0.00611737	0.00611737	7627.0	7627.0	0.0	0.0050275611904587	2504.0	0.0061176752340530135	0.0	3.052340530138725e-07
scaffold_1	1790000	1800000	MIX Central Siberia	0.00597263	0.00614422	7492.0	7504.0	12.0	0.0018288245914821	2739.0	0.005972914076671467	0.0001715900000000001	0.00017130592332853262
scaffold_1	1790000	1800000	MIX Sibiryakov Island	0.00445642	0.00445642	8047.0	8047.0	0.0	0.0027387557549285	2700.0	0.0044565380040955385	0.0	1.1800409553848479e-07
scaffold_1	1790000	1800000	North America	0.00647873	0.00673328	7569.0	7585.0	16.0	0.00305253659435	2774.0	0.006479092583786572	0.0002545500000000001	0.00025418741621342864
scaffold_1	1790000	1800000	Northern Ural	0.00582227	0.00610323	7047.0	7060.0	13.0	0.0014858635408377	2722.0	0.005822533157505367	0.00028096000000000024	0.0002806968424946335
scaffold_1	1790000	1800000	Scandinavia	0.00758774	0.00772312	7826.0	7831.0	5.0	0.0038758639784733	2774.0	0.007588322473349827	0.00013538000000000005	0.000134797526650173
scaffold_1	1790000	1800000	Siberia SC	0.000827024	0.000827024	8278.0	8278.0	0.0	0.0005373635600335	2732.0	0.0008270247542113698	0.0	7.542113697901059e-10
scaffold_1	1790000	1800000	West Siberia	0.00386226	0.00393597	7929.0	7931.0	2.0	0.0022886175756735	2806.0	0.0038623368180459275	7.37099999999994e-05	7.363318195407207e-05
scaffold_1	1790000	1800000	admixed	0.00627824	0.00636108	7861.0	7863.0	2.0	0.0031571036769605	2736.0	0.0062785699533008015	8.283999999999982e-05	8.251004669919838e-05
scaffold_1	1800000	1810000	Central Europe	0.00873437	0.00978797	6424.0	6501.0	77.0	0.0021862319098753	3431.0	0.008735258451024467	0.0010536	0.001052711548975533
scaffold_1	1800000	1810000	East Siberia	0.00572866	0.0060037	7691.0	7706.0	15.0	0.0023066188185272	3470.0	0.0057289106674128076	0.00027503999999999983	0.00027478933258719227
scaffold_1	1800000	1810000	Karelia	0.00363539	0.0037126	8409.0	8410.0	1.0	0.0010271827241032	3463.0	0.0036354540607120094	7.720999999999987e-05	7.714593928799052e-05
scaffold_1	1800000	1810000	MIX Amur Basin	0.00767859	0.00785967	7567.0	7571.0	4.0	0.0030646466982768	3099.0	0.007679193647176334	0.00018107999999999926	0.00018047635282366498
scaffold_1	1800000	1810000	MIX Central Siberia	0.00701902	0.00716925	7552.0	7563.0	11.0	0.0021639015855298	3404.0	0.007019481071391799	0.00015023000000000033	0.0001497689286082014
scaffold_1	1800000	1810000	MIX Sibiryakov Island	0.00603547	0.00625304	8172.0	8175.0	3.0	0.0019231483200297	3347.0	0.006035763137934402	0.0002175699999999994	0.00021727686206559748
scaffold_1	1800000	1810000	North America	0.00504271	0.00529837	7682.0	7701.0	19.0	0.0026624926625402	3413.0	0.0050428809742534275	0.00025566000000000044	0.00025548902574657265
scaffold_1	1800000	1810000	Northern Ural	0.00663003	0.00702904	7224.0	7241.0	17.0	0.0014902530031117	3370.0	0.006630418584270852	0.00039901	0.0003986214157291482
scaffold_1	1800000	1810000	Scandinavia	0.00536488	0.00584701	7510.0	7525.0	15.0	0.0020881195405241	3424.0	0.005365085882187194	0.0004821299999999999	0.0004819241178128054
scaffold_1	1800000	1810000	Siberia SC	0.000677044	0.000677044	8501.0	8501.0	0.0	0.0001219370100503	3394.0	0.0006770444137989819	0.0	4.1379898184194797e-10
scaffold_1	1800000	1810000	West Siberia	0.00547935	0.00574324	7876.0	7889.0	13.0	0.0025722487063716	3458.0	0.005479569344052888	0.00026389000000000013	0.0002636706559471123
scaffold_1	1800000	1810000	admixed	0.00738248	0.0077085	8011.0	8018.0	7.0	0.002893877193183	3397.0	0.007383016470164428	0.0003260199999999998	0.0003254835298355718
scaffold_1	1810000	1820000	Central Europe	0.0105594	0.0124589	6307.0	6398.0	91.0	0.0048681357092591	3315.0	0.010560969843870565	0.0018995000000000001	0.0018979301561294348
scaffold_1	1810000	1820000	East Siberia	0.0114837	0.011922	7716.0	7729.0	13.0	0.0072349374708295	3360.0	0.011485719222849298	0.00043830000000000084	0.0004362807771507021
scaffold_1	1810000	1820000	Karelia	0.00452994	0.00459449	8465.0	8466.0	1.0	0.0024267873843292	3361.0	0.004530063941311049	6.455000000000002e-05	6.442605868895064e-05
scaffold_1	1810000	1820000	MIX Amur Basin	0.00568501	0.00568501	7853.0	7853.0	0.0	0.0029361382105329	2995.0	0.005685254981018271	0.0	2.4498101827089697e-07
scaffold_1	1810000	1820000	MIX Central Siberia	0.00775614	0.00831931	7486.0	7505.0	19.0	0.0024164540192306	3284.0	0.007756762122137329	0.00056317	0.0005625478778626706
scaffold_1	1810000	1820000	MIX Sibiryakov Island	0.00934214	0.00950407	8219.0	8222.0	3.0	0.005807589986484	3238.0	0.009343227120913176	0.00016192999999999937	0.00016084287908682375
scaffold_1	1810000	1820000	North America	0.00373454	0.0038052	7899.0	7907.0	8.0	0.0020369045172057	3266.0	0.003734609446455247	7.065999999999973e-05	7.059055354475272e-05
scaffold_1	1810000	1820000	Northern Ural	0.00825065	0.00904873	7369.0	7404.0	35.0	0.0022660371107352	3261.0	0.008251398864476444	0.0007980799999999996	0.000797331135523556
scaffold_1	1810000	1820000	Scandinavia	0.0130221	0.0136489	7848.0	7862.0	14.0	0.0077337761086873	3304.0	0.013025044298345044	0.0006268000000000003	0.0006238557016549559
scaffold_1	1810000	1820000	Siberia SC	0.000740093	0.000740093	8630.0	8630.0	0.0	0.0002769726608399	3264.0	0.0007400935405023995	0.0	5.405023994565009e-10
scaffold_1	1810000	1820000	West Siberia	0.0102279	0.0106235	8133.0	8145.0	12.0	0.0069996228329268	3356.0	0.010229326586652085	0.0003955999999999994	0.0003941734133479143
scaffold_1	1810000	1820000	admixed	0.0112864	0.0116098	8171.0	8181.0	10.0	0.0055272118909235	3279.0	0.011288316924687505	0.00032339999999999973	0.00032148307531249497
scaffold_1	1820000	1830000	Central Europe	0.00871105	0.0100636	7484.0	7577.0	93.0	0.0046687203706327	4330.0	0.008711931353748965	0.001352550000000001	0.0013516686462510356
scaffold_1	1820000	1830000	East Siberia	0.00514731	0.00594147	8218.0	8256.0	38.0	0.0025938822782996	4361.0	0.005147491835933605	0.0007941599999999995	0.0007939781640663949
scaffold_1	1820000	1830000	Karelia	0.00458689	0.00474004	6684.0	6686.0	2.0	0.0009753560049418	2923.0	0.004587018674862375	0.00015315000000000033	0.00015302132513762487
scaffold_1	1820000	1830000	MIX Amur Basin	0.00549203	0.00563502	8180.0	8182.0	2.0	0.002808551424832	3884.0	0.005492250870360118	0.00014298999999999996	0.00014276912963988222
scaffold_1	1820000	1830000	MIX Central Siberia	0.00520937	0.00561882	8207.0	8229.0	22.0	0.001585411230147	4254.0	0.005209558492619806	0.00040945000000000044	0.00040926150738019446
scaffold_1	1820000	1830000	MIX Sibiryakov Island	0.00467016	0.00472215	8678.0	8679.0	1.0	0.0012616283350924	4152.0	0.004670295810708841	5.199000000000002e-05	5.185418929115875e-05
scaffold_1	1820000	1830000	North America	0.0057904	0.00646559	8010.0	8049.0	39.0	0.0031360698805047	4328.0	0.005790658859694266	0.00067519	0.0006749311403057342
scaffold_1	1820000	1830000	Northern Ural	0.00645795	0.00689852	7875.0	7916.0	41.0	0.0013722693512553	4261.0	0.006458309106090794	0.00044057000000000037	0.0004402108939092061
scaffold_1	1820000	1830000	Scandinavia	0.00539681	0.00593501	8354.0	8377.0	23.0	0.003011472943703	4325.0	0.005397019580138161	0.0005382	0.0005379904198618392
scaffold_1	1820000	1830000	Siberia SC	0.000880927	0.000880927	8866.0	8866.0	0.0	0.0002132191569874	4294.0	0.0008809279115038344	0.0	9.115038344335163e-10
scaffold_1	1820000	1830000	West Siberia	0.00474083	0.00510293	8547.0	8565.0	18.0	0.0032831899481806	4352.0	0.004740972069837494	0.0003621000000000006	0.00036195793016250647
scaffold_1	1820000	1830000	admixed	0.00568767	0.00603052	8593.0	8603.0	10.0	0.0032569401685509	4295.0	0.00568791532505696	0.00034285000000000045	0.0003426046749430405
scaffold_1	1830000	1840000	Central Europe	0.0136509	0.0163204	6867.0	6962.0	95.0	0.0071090726649878	4722.0	0.013654291740305228	0.0026694999999999983	0.0026661082596947713
scaffold_1	1830000	1840000	East Siberia	0.0132038	0.013751	7596.0	7619.0	23.0	0.005392660868535	4823.0	0.013206869273210506	0.0005471999999999994	0.0005441307267894935
scaffold_1	1830000	1840000	Karelia	0.00620307	0.00652313	6712.0	6719.0	7.0	0.0030346379267242	3597.0	0.006203388242943642	0.0003200600000000005	0.00031974175705635783
scaffold_1	1830000	1840000	MIX Amur Basin	0.00913138	0.0094632	6646.0	6651.0	5.0	0.0056501546918116	3938.0	0.009132395191528973	0.00033182000000000003	0.00033080480847102675
scaffold_1	1830000	1840000	MIX Central Siberia	0.013169	0.0139164	7031.0	7053.0	22.0	0.0042389003280367	4130.0	0.013172045068941079	0.0007474000000000005	0.0007443549310589218
scaffold_1	1830000	1840000	MIX Sibiryakov Island	0.00561541	0.00626122	6222.0	6231.0	9.0	0.0024693096494183	3068.0	0.0056156460930212315	0.0006458099999999993	0.0006455739069787681
scaffold_1	1830000	1840000	North America	0.011321	0.0125849	7463.0	7506.0	43.0	0.0062876375186161	4797.0	0.011322934608572215	0.0012639	0.0012619653914277846
scaffold_1	1830000	1840000	Northern Ural	0.0110023	0.011802	6743.0	6779.0	36.0	0.0017042974209173	4113.0	0.011004075780099442	0.0007997000000000004	0.000797924219900558
scaffold_1	1830000	1840000	Scandinavia	0.0173563	0.0182762	6899.0	6927.0	28.0	0.0077417336930694	4204.0	0.017363271242355153	0.0009198999999999978	0.0009129287576448465
scaffold_1	1830000	1840000	Siberia SC	0.000859309	0.000859309	8577.0	8577.0	0.0	0.0005163458466977	5237.0	0.0008593098460320544	0.0	8.460320543093869e-10
scaffold_1	1830000	1840000	West Siberia	0.0129201	0.014008	7000.0	7028.0	28.0	0.0055151748458612	4106.0	0.012922975652221743	0.0010878999999999993	0.0010850243477782563
scaffold_1	1830000	1840000	admixed	0.0110796	0.011488	7467.0	7475.0	8.0	0.0043639042916218	4402.0	0.011081413472530185	0.00040839999999999974	0.0004065865274698148
scaffold_1	1840000	1850000	Central Europe	0.008149	0.00927598	7955.0	8028.0	73.0	0.0029562277656644	4989.0	0.008149721525509265	0.0011269799999999996	0.0011262584744907347
scaffold_1	1840000	1850000	East Siberia	0.00397866	0.00408375	8908.0	8919.0	11.0	0.0024631373445949	5059.0	0.003978743974846706	0.00010508999999999952	0.00010500602515329388
scaffold_1	1840000	1850000	Karelia	0.00127809	0.00127809	8518.0	8518.0	0.0	0.0009381592749301	4455.0	0.0012780927837039596	0.0	2.783703959615552e-09
scaffold_1	1840000	1850000	MIX Amur Basin	0.00478572	0.00490332	8081.0	8083.0	2.0	0.0021657814162227	4468.0	0.004785866143866551	0.00011759999999999982	0.00011745385613344886
scaffold_1	1840000	1850000	MIX Central Siberia	0.00378285	0.00388154	8483.0	8490.0	7.0	0.0017672457491327	4814.0	0.003782922176546603	9.869000000000024e-05	9.861782345339711e-05
scaffold_1	1840000	1850000	MIX Sibiryakov Island	0.00464034	0.00464034	8304.0	8304.0	0.0	0.002797277503985	4359.0	0.004640473225741068	0.0	1.3322574106845037e-07
scaffold_1	1840000	1850000	North America	0.00441106	0.00443591	8394.0	8400.0	6.0	0.0023473471162386	4811.0	0.004411174437307766	2.485000000000074e-05	2.473556269223451e-05
scaffold_1	1840000	1850000	Northern Ural	0.00565639	0.00573544	8150.0	8160.0	10.0	0.0016582871544972	4626.0	0.0056566312996955866	7.904999999999978e-05	7.880870030441307e-05
scaffold_1	1840000	1850000	Scandinavia	0.00412394	0.00423552	8629.0	8634.0	5.0	0.0018154075747365	4811.0	0.004124033513809788	0.00011158000000000001	0.00011148648619021227
scaffold_1	1840000	1850000	Siberia SC	0.000762759	0.000762759	9049.0	9049.0	0.0	0.0002581953814604	4983.0	0.0007627595916988956	0.0	5.916988956092273e-10
scaffold_1	1840000	1850000	West Siberia	0.00388723	0.00408217	8701.0	8709.0	8.0	0.0026910389399518	4810.0	0.003887308317614361	0.00019494000000000022	0.00019486168238563948
scaffold_1	1840000	1850000	admixed	0.00539709	0.00546628	8724.0	8726.0	2.0	0.0025718616990262	4978.0	0.005397299612760478	6.918999999999936e-05	6.898038723952143e-05
scaffold_1	1850000	1860000	Central Europe	0.0115852	0.0130647	6796.0	6880.0	84.0	0.00523873070976	4305.0	0.011587273238873801	0.0014795	0.001477426761126199
scaffold_1	1850000	1860000	East Siberia	0.00371063	0.00380594	8459.0	8469.0	10.0	0.0026868859188228	4436.0	0.003710698121106089	9.530999999999993e-05	9.524187889391102e-05
scaffold_1	1850000	1860000	Karelia	0.00323582	0.00323582	8486.0	8486.0	0.0	0.0023701404068074	4008.0	0.003235865174338473	0.0	4.5174338473077946e-08
scaffold_1	1850000	1860000	MIX Amur Basin	0.00382932	0.00394804	7027.0	7029.0	2.0	0.0021932873954332	3054.0	0.0038293948692903423	0.00011871999999999968	0.00011864513070965763
scaffold_1	1850000	1860000	MIX Central Siberia	0.00518112	0.00528124	7497.0	7501.0	4.0	0.0027359893812135	3583.0	0.005181305442677812	0.00010012000000000042	9.99345573221887e-05
scaffold_1	1850000	1860000	MIX Sibiryakov Island	0.0101725	0.0101725	7812.0	7812.0	0.0	0.0053501396039444	3506.0	0.01017390353042727	0.0	1.4035304272703303e-06
scaffold_1	1850000	1860000	North America	0.00488123	0.00526296	8079.0	8095.0	16.0	0.0034707570066089	4303.0	0.004881385069559049	0.0003817299999999994	0.0003815749304409508
scaffold_1	1850000	1860000	Northern Ural	0.00778003	0.00811845	7535.0	7550.0	15.0	0.0037723873049011	3878.0	0.00778065788853277	0.000338419999999999	0.0003377921114672295
scaffold_1	1850000	1860000	Scandinavia	0.00562154	0.00596539	8078.0	8086.0	8.0	0.0029289887926766	4198.0	0.0056217768670505566	0.0003438499999999997	0.00034361313294944355
scaffold_1	1850000	1860000	Siberia SC	0.00103705	0.00103705	8848.0	8848.0	0.0	0.0006706727075659	4369.0	0.0010370514870919549	0.0	1.4870919547854689e-09
scaffold_1	1850000	1860000	West Siberia	0.0100552	0.0102327	7962.0	7966.0	4.0	0.0060105919830946	3997.0	0.010056555535439196	0.00017750000000000057	0.00017614446456080436
scaffold_1	1850000	1860000	admixed	0.00764952	0.00770813	8510.0	8511.0	1.0	0.0041803255335699	4260.0	0.00765011681714385	5.860999999999974e-05	5.801318285614948e-05
scaffold_1	1860000	1870000	Central Europe	0.0125102	0.0149447	7342.0	7453.0	111.0	0.0038064411937749	4436.0	0.012512810546870083	0.002434499999999999	0.002431889453129917
scaffold_1	1860000	1870000	East Siberia	0.00839395	0.00881345	8455.0	8471.0	16.0	0.0046900040325927	4485.0	0.008394738565677549	0.00041949999999999973	0.0004187114343224517
scaffold_1	1860000	1870000	Karelia	0.00616439	0.00616439	8824.0	8824.0	0.0	0.002517388226393	4482.0	0.0061647023266610465	0.0	3.123266610468786e-07
scaffold_1	1860000	1870000	MIX Amur Basin	0.00575262	0.00588454	7983.0	7985.0	2.0	0.0028394166739521	3978.0	0.005752873825819572	0.00013191999999999978	0.0001316661741804278
scaffold_1	1860000	1870000	MIX Central Siberia	0.00796576	0.00826644	8213.0	8227.0	14.0	0.0020627604243267	4409.0	0.007966433938689227	0.00030067999999999935	0.00030000606131077266
scaffold_1	1860000	1870000	MIX Sibiryakov Island	0.0099384	0.0100709	8606.0	8608.0	2.0	0.0039112410518504	4379.0	0.009939708844804074	0.00013250000000000067	0.00013119115519592654
scaffold_1	1860000	1870000	North America	0.00225267	0.00238883	8436.0	8447.0	11.0	0.0011409341376122	4429.0	0.0022526852416316855	0.0001361600000000002	0.0001361447583683147
scaffold_1	1860000	1870000	Northern Ural	0.0088354	0.00950251	8102.0	8128.0	26.0	0.0019995519783875	4383.0	0.008836319639007715	0.0006671100000000003	0.0006661903609922852
scaffold_1	1860000	1870000	Scandinavia	0.0109081	0.0112159	8430.0	8441.0	11.0	0.0059996015720996	4429.0	0.010909830557638639	0.0003077999999999987	0.0003060694423613602
scaffold_1	1860000	1870000	Siberia SC	0.00142609	0.00142609	8726.0	8726.0	0.0	0.0008432274849786	4385.0	0.001426093867047799	0.0	3.867047798948239e-09
scaffold_1	1860000	1870000	West Siberia	0.00929635	0.00976831	8587.0	8600.0	13.0	0.0045618088022677	4471.0	0.009297421213741532	0.00047196000000000043	0.00047088878625846896
scaffold_1	1860000	1870000	admixed	0.00985831	0.0101608	8600.0	8606.0	6.0	0.0045357826092538	4404.0	0.00985958745658281	0.000302489999999999	0.0003012125434171901
scaffold_1	1870000	1880000	Central Europe	0.0104324	0.0121981	6581.0	6664.0	83.0	0.0041134816036578	3563.0	0.010433913879918032	0.0017657000000000003	0.0017641861200819679
scaffold_1	1870000	1880000	East Siberia	0.00673292	0.00691578	8004.0	8008.0	4.0	0.003418368188421	3597.0	0.006733326957539969	0.00018285999999999997	0.0001824530424600311
scaffold_1	1870000	1880000	Karelia	0.00233206	0.00233206	8307.0	8307.0	0.0	0.0018050151372962	3577.0	0.0023320769105563645	0.0	1.6910556364501533e-08
scaffold_1	1870000	1880000	MIX Amur Basin	0.00439939	0.00439939	7430.0	7430.0	0.0	0.002348697072082	3161.0	0.004399503531434815	0.0	1.1353143481492717e-07
scaffold_1	1870000	1880000	MIX Central Siberia	0.00743187	0.00768953	7707.0	7714.0	7.0	0.0022415249083069	3497.0	0.007432417309579256	0.00025765999999999983	0.0002571126904207443
scaffold_1	1870000	1880000	MIX Sibiryakov Island	0.00419435	0.00419435	8056.0	8056.0	0.0	0.0016311493275024	3463.0	0.004194448385872058	0.0	9.838587205785593e-08
scaffold_1	1870000	1880000	North America	0.00219783	0.00228227	8003.0	8009.0	6.0	0.0011889935481163	3541.0	0.002197844155363558	8.443999999999986e-05	8.44258446364419e-05
scaffold_1	1870000	1880000	Northern Ural	0.00613517	0.00666774	7447.0	7462.0	15.0	0.0016276010522312	3467.0	0.006135477906275202	0.0005325700000000004	0.0005322620937247982
scaffold_1	1870000	1880000	Scandinavia	0.00871193	0.00907596	7984.0	7991.0	7.0	0.0047763908932811	3550.0	0.00871281162088197	0.00036402999999999956	0.0003631483791180293
scaffold_1	1870000	1880000	Siberia SC	0.000700205	0.000700205	8414.0	8414.0	0.0	0.000375280138695	3496.0	0.0007002054577352509	0.0	4.5773525096139134e-10
scaffold_1	1870000	1880000	West Siberia	0.00652706	0.00669598	8119.0	8124.0	5.0	0.0030619532281966	3576.0	0.0065274307588714196	0.0001689199999999995	0.00016854924112858025
scaffold_1	1870000	1880000	admixed	0.00711105	0.00726212	8146.0	8149.0	3.0	0.002811924917188	3513.0	0.007111529446258176	0.00015107000000000054	0.00015059055374182402
scaffold_1	1880000	1890000	Central Europe	0.0122373	0.0136452	7799.0	7893.0	94.0	0.0052760236282012	5126.0	0.012239743405558811	0.0014079000000000001	0.0014054565944411884
scaffold_1	1880000	1890000	East Siberia	0.0103551	0.0110061	8534.0	8561.0	27.0	0.0053389284312856	5164.0	0.010356580476875992	0.0006509999999999988	0.0006495195231240071
scaffold_1	1880000	1890000	Karelia	0.00706807	0.00712961	8811.0	8812.0	1.0	0.0037034790331963	5067.0	0.007068540805212569	6.153999999999969e-05	6.106919478743051e-05
scaffold_1	1880000	1890000	MIX Amur Basin	0.00565761	0.0056772	7687.0	7688.0	1.0	0.0038642225464937	4443.0	0.005657851455863635	1.9589999999999885e-05	1.9348544136365067e-05
scaffold_1	1880000	1890000	MIX Central Siberia	0.0114245	0.0119773	8322.0	8332.0	10.0	0.0037314240511948	5085.0	0.01142648815547101	0.0005527999999999991	0.0005508118445289902
scaffold_1	1880000	1890000	MIX Sibiryakov Island	0.00331493	0.00331493	8393.0	8393.0	0.0	0.0005601921508651	4924.0	0.003314978569297582	0.0	4.856929758205453e-08
scaffold_1	1880000	1890000	North America	0.0020762	0.00213512	8379.0	8383.0	4.0	0.0009372028511764	5017.0	0.0020762119329081207	5.8920000000000066e-05	5.890806709187924e-05
scaffold_1	1880000	1890000	Northern Ural	0.00914403	0.00980171	8237.0	8261.0	24.0	0.0028607988759534	5049.0	0.009145049416510873	0.0006576800000000008	0.0006566605834891267
scaffold_1	1880000	1890000	Scandinavia	0.00917851	0.00966824	8536.0	8544.0	8.0	0.0049269187198393	5121.0	0.009179540991994015	0.000489729999999999	0.0004886990080059852
scaffold_1	1880000	1890000	Siberia SC	0.000358105	0.000358105	8949.0	8949.0	0.0	0.0001873428957027	5087.0	0.000358105061230794	0.0	6.123079398113324e-11
scaffold_1	1880000	1890000	West Siberia	0.0109353	0.0112733	8533.0	8545.0	12.0	0.0049443413821219	5125.0	0.010937043535693507	0.00033799999999999976	0.0003362564643064926
scaffold_1	1880000	1890000	admixed	0.0132153	0.0135194	8653.0	8659.0	6.0	0.0053693138424574	5084.0	0.013218377299852726	0.0003041000000000016	0.000301022700147275
scaffold_1	1890000	1900000	Central Europe	0.0103931	0.0126294	6578.0	6729.0	151.0	0.0038361536706015	4002.0	0.010394596835430805	0.0022363	0.0022348031645691956
scaffold_1	1890000	1900000	East Siberia	0.00840238	0.00919958	7407.0	7447.0	40.0	0.0042359982417997	4133.0	0.008403170943921541	0.0007972000000000014	0.0007964090560784592
scaffold_1	1890000	1900000	Karelia	0.00726939	0.00735357	8437.0	8438.0	1.0	0.0021498548995193	3951.0	0.007269902191827078	8.418000000000054e-05	8.366780817292262e-05
scaffold_1	1890000	1900000	MIX Amur Basin	0.0111053	0.0113061	7253.0	7256.0	3.0	0.0040765371041701	3361.0	0.011107126121299394	0.00020079999999999924	0.0001989738787006052
scaffold_1	1890000	1900000	MIX Central Siberia	0.00817841	0.00888358	7420.0	7446.0	26.0	0.0023879385691097	3836.0	0.008179139365762518	0.0007051699999999998	0.0007044406342374826
scaffold_1	1890000	1900000	MIX Sibiryakov Island	0.00647592	0.00659532	7788.0	7791.0	3.0	0.0029183504677502	3655.0	0.006476282112204056	0.00011940000000000041	0.00011903788779594419
scaffold_1	1890000	1900000	North America	0.00285468	0.00313723	7428.0	7452.0	24.0	0.0018495586233815	3667.0	0.002854711017803024	0.0002825499999999999	0.0002825189821969759
scaffold_1	1890000	1900000	Northern Ural	0.00715123	0.00785292	7159.0	7190.0	31.0	0.0013954165847047	3839.0	0.0071517176193993046	0.0007016899999999996	0.0007012023806006948
scaffold_1	1890000	1900000	Scandinavia	0.0114196	0.0124728	7449.0	7488.0	39.0	0.0046905740302868	3995.0	0.011421585598391735	0.001053199999999999	0.001051214401608264
scaffold_1	1890000	1900000	Siberia SC	0.000489093	0.000489093	8689.0	8689.0	0.0	0.0003252704972688	4057.0	0.000489093155995862	0.0	1.5599586195274434e-10
scaffold_1	1890000	1900000	West Siberia	0.00683604	0.0071655	7499.0	7521.0	22.0	0.0028858436234332	3804.0	0.0068364659440170615	0.00032946000000000017	0.0003290340559829385
scaffold_1	1890000	1900000	admixed	0.0087978	0.00913658	8022.0	8034.0	12.0	0.0031958131884226	4044.0	0.008798707948031687	0.00033878000000000033	0.0003378720519683128
scaffold_1	1900000	1910000	Central Europe	0.0110896	0.0122816	7164.0	7237.0	73.0	0.006240973302985	5062.0	0.011091418387264804	0.0011920000000000004	0.0011901816127351961
scaffold_1	1900000	1910000	East Siberia	0.00961905	0.0104823	7789.0	7813.0	24.0	0.0061807579901625	4798.0	0.009620236684536675	0.0008632499999999994	0.0008620633154633253
scaffold_1	1900000	1910000	Karelia	0.00427406	0.00442148	5474.0	5475.0	1.0	0.0017021178199531	2990.0	0.004274164102361258	0.00014742000000000054	0.00014731589763874228
scaffold_1	1900000	1910000	MIX Amur Basin	0.0101401	0.0103156	7015.0	7018.0	3.0	0.0059208177230165	3701.0	0.010141490162120247	0.00017549999999999857	0.0001741098378797521
scaffold_1	1900000	1910000	MIX Central Siberia	0.00597666	0.00633845	7795.0	7812.0	17.0	0.0022737054138547	4909.0	0.0059769446520971815	0.00036178999999999985	0.00036150534790281835
scaffold_1	1900000	1910000	MIX Sibiryakov Island	0.00990195	0.00990195	5043.0	5043.0	0.0	0.0060160068754364	2762.0	0.00990324449662859	0.0	1.2944966285895892e-06
scaffold_1	1900000	1910000	North America	0.00599438	0.00645993	7034.0	7049.0	15.0	0.0037497370358522	4168.0	0.005994667191477789	0.00046555000000000034	0.00046526280852221113
scaffold_1	1900000	1910000	Northern Ural	0.00620146	0.00646619	7246.0	7258.0	12.0	0.003019409562025	4301.0	0.006201777995209134	0.00026473000000000035	0.00026441200479086595
scaffold_1	1900000	1910000	Scandinavia	0.00839553	0.00904669	7474.0	7494.0	20.0	0.0065636069373324	4324.0	0.00839631901105844	0.0006511599999999996	0.0006503709889415597
scaffold_1	1900000	1910000	Siberia SC	0.000220765	0.000220765	7979.0	7979.0	0.0	6.647594401775858e-05	4356.0	0.0002207650143459529	0.0	1.434595291952695e-11
scaffold_1	1900000	1910000	West Siberia	0.0114459	0.0126591	8197.0	8209.0	12.0	0.0072440162356524	4971.0	0.011447899348855473	0.0012131999999999993	0.0012112006511445263
scaffold_1	1900000	1910000	admixed	0.0112583	0.0118814	7682.0	7691.0	9.0	0.0070615974064249	4458.0	0.011260202642475813	0.0006230999999999997	0.0006211973575241878
scaffold_1	1910000	1920000	Central Europe	0.0142842	0.0165558	7066.0	7171.0	105.0	0.0045346150988002	4350.0	0.014288086033172815	0.0022715999999999986	0.0022677139668271836
scaffold_1	1910000	1920000	East Siberia	0.0149773	0.0156537	8415.0	8427.0	12.0	0.0063291656581111	4380.0	0.014981779600901805	0.0006763999999999989	0.0006719203990981949
scaffold_1	1910000	1920000	Karelia	0.0032759	0.00339752	7413.0	7415.0	2.0	0.0011000269945274	3672.0	0.0032759468738520286	0.0001216199999999998	0.00012157312614797123
scaffold_1	1910000	1920000	MIX Amur Basin	0.0120597	0.0124843	7588.0	7594.0	6.0	0.0055651557614889	3686.0	0.012062038558560022	0.00042460000000000067	0.0004222614414399785
scaffold_1	1910000	1920000	MIX Central Siberia	0.0123952	0.0128707	7908.0	7921.0	13.0	0.0033069374640327	4012.0	0.01239773921428397	0.00047550000000000023	0.00047296078571603013
scaffold_1	1910000	1920000	MIX Sibiryakov Island	0.0157235	0.0157235	6845.0	6845.0	0.0	0.007861186741	3340.0	0.01572868306209194	0.0	5.183062091938112e-06
scaffold_1	1910000	1920000	North America	0.00470113	0.00538799	8189.0	8214.0	25.0	0.0026896237346996	4326.0	0.004701268530537475	0.0006868599999999992	0.0006867214694625248
scaffold_1	1910000	1920000	Northern Ural	0.0129473	0.0136088	7717.0	7736.0	19.0	0.003634749797799	4143.0	0.012950193852357263	0.0006615000000000006	0.0006586061476427374
scaffold_1	1910000	1920000	Scandinavia	0.00711908	0.00753361	8163.0	8175.0	12.0	0.0039260228297728	4339.0	0.007119561072306046	0.00041452999999999976	0.00041404892769395397
scaffold_1	1910000	1920000	Siberia SC	0.00078283	0.00078283	8707.0	8707.0	0.0	0.000717423068991	4309.0	0.000782830639648106	0.0	6.396481059666587e-10
scaffold_1	1910000	1920000	West Siberia	0.0138609	0.0145252	7777.0	7787.0	10.0	0.0087192135706829	4029.0	0.013864450692211467	0.0006642999999999996	0.0006607493077885329
scaffold_1	1910000	1920000	admixed	0.0156568	0.0162242	8505.0	8514.0	9.0	0.0070698429537919	4301.0	0.015661917380953707	0.0005674000000000026	0.0005622826190462941
scaffold_1	1920000	1930000	Central Europe	0.0123928	0.0140161	6789.0	6881.0	92.0	0.0043259656310332	4048.0	0.0123953377396161	0.0016232999999999994	0.0016207622603838998
scaffold_1	1920000	1930000	East Siberia	0.0036933	0.00383324	8237.0	8244.0	7.0	0.0024446641941677	4088.0	0.0036933671711053043	0.00013993999999999986	0.0001398728288946956
scaffold_1	1920000	1930000	Karelia	0.00256697	0.00256697	8736.0	8736.0	0.0	0.0015001041612652	3979.0	0.002566992552833621	0.0	2.2552833621024976e-08
scaffold_1	1920000	1930000	MIX Amur Basin	0.00572647	0.00578828	7819.0	7820.0	1.0	0.0035903166657531	3553.0	0.005726720380040997	6.180999999999982e-05	6.155961995900263e-05
scaffold_1	1920000	1930000	MIX Central Siberia	0.00479124	0.00490381	8137.0	8145.0	8.0	0.001806459740656	3980.0	0.004791386650150866	0.00011256999999999934	0.00011242334984913355
scaffold_1	1920000	1930000	MIX Sibiryakov Island	0.00421002	0.00421002	8440.0	8440.0	0.0	0.0030086474762027	3867.0	0.0042101194926992686	0.0	9.949269926846915e-08
scaffold_1	1920000	1930000	North America	0.00523078	0.00537298	8155.0	8171.0	16.0	0.0038983654026614	4025.0	0.00523097082624311	0.0001422000000000003	0.00014200917375689018
scaffold_1	1920000	1930000	Northern Ural	0.00427816	0.00435043	7969.0	7977.0	8.0	0.0009089514387172	3942.0	0.004278264402237195	7.227000000000015e-05	7.216559776280444e-05
scaffold_1	1920000	1930000	Scandinavia	0.00576937	0.00587343	8155.0	8160.0	5.0	0.0032669310822786	4032.0	0.0057696260494883855	0.00010405999999999957	0.00010380395051161426
scaffold_1	1920000	1930000	Siberia SC	0.000594753	0.000594753	8719.0	8719.0	0.0	0.000484638565286	4008.0	0.0005947532805102017	0.0	2.805102017637215e-10
scaffold_1	1920000	1930000	West Siberia	0.00375564	0.00375564	8504.0	8504.0	0.0	0.0026259964138442	4068.0	0.0037557106302273835	0.0	7.063022738331912e-08
scaffold_1	1920000	1930000	admixed	0.00439963	0.00445727	8403.0	8404.0	1.0	0.0025081402823366	4013.0	0.004399743550016276	5.7640000000000295e-05	5.7526449983724345e-05
scaffold_1	1930000	1940000	Central Europe	0.014553	0.0177789	6668.0	6821.0	153.0	0.0053445511896923	3997.0	0.014557109569453835	0.0032259000000000003	0.003221790430546165
scaffold_1	1930000	1940000	East Siberia	0.00997668	0.011576	8022.0	8093.0	71.0	0.0057423766338791	4049.0	0.00997800402706932	0.0015993199999999996	0.00159799597293068
scaffold_1	1930000	1940000	Karelia	0.00907057	0.00946593	8559.0	8566.0	7.0	0.0049285563115916	4049.0	0.009071565044433093	0.0003953599999999991	0.00039436495556690633
scaffold_1	1930000	1940000	MIX Amur Basin	0.0117159	0.012455	7558.0	7572.0	14.0	0.0070764762377569	3531.0	0.011718044202040867	0.0007391000000000012	0.0007369557979591337
scaffold_1	1930000	1940000	MIX Central Siberia	0.0104399	0.0113593	7892.0	7936.0	44.0	0.0042608266617518	3970.0	0.010441417147314978	0.000919399999999999	0.0009178828526850216
scaffold_1	1930000	1940000	MIX Sibiryakov Island	0.00811967	0.00813891	8144.0	8145.0	1.0	0.0045343385124574	3865.0	0.008120383762740796	1.9239999999998494e-05	1.8526237259203215e-05
scaffold_1	1930000	1940000	North America	0.0119495	0.0130606	7986.0	8043.0	57.0	0.0065144362984842	3988.0	0.011951775034240284	0.0011111000000000003	0.0011088249657597166
scaffold_1	1930000	1940000	Northern Ural	0.0102064	0.0113596	7644.0	7703.0	59.0	0.0025554183305351	3942.0	0.010207817609095516	0.0011532	0.001151782390904483
scaffold_1	1930000	1940000	Scandinavia	0.0115448	0.0126444	7962.0	8006.0	44.0	0.0061067054937772	3988.0	0.01154685162497706	0.001099600000000001	0.00109754837502294
scaffold_1	1930000	1940000	Siberia SC	0.00234492	0.00234492	8624.0	8624.0	0.0	0.0010501260151218	3954.0	0.0023449371918585387	0.0	1.719185853876412e-08
scaffold_1	1930000	1940000	West Siberia	0.0104585	0.0116646	8060.0	8116.0	56.0	0.0057954484602363	4040.0	0.010460025270739203	0.0012060999999999999	0.0012045747292607975
scaffold_1	1930000	1940000	admixed	0.0134639	0.0141779	8146.0	8164.0	18.0	0.0058781007457008	3969.0	0.013467154253410612	0.0007139999999999994	0.000710745746589388
scaffold_1	1940000	1950000	Central Europe	0.0177433	0.0211564	6458.0	6596.0	138.0	0.0069287181668595	3309.0	0.017750748038678456	0.0034130999999999988	0.0034056519613215423
scaffold_1	1940000	1950000	East Siberia	0.0161099	0.0181291	7492.0	7551.0	59.0	0.0079327096444674	3322.0	0.016115474645695804	0.0020191999999999988	0.002013625354304195
scaffold_1	1940000	1950000	Karelia	0.00763349	0.00774179	8598.0	8601.0	3.0	0.0038575424985457	3317.0	0.00763408307300905	0.00010830000000000041	0.0001077069269909501
scaffold_1	1940000	1950000	MIX Amur Basin	0.0167776	0.0176029	7522.0	7535.0	13.0	0.0064600647132572	2898.0	0.016783896920999287	0.000825300000000001	0.0008190030790007144
scaffold_1	1940000	1950000	MIX Central Siberia	0.0138763	0.0158957	7314.0	7369.0	55.0	0.003143293387382	3264.0	0.013879862540237547	0.0020193999999999993	0.0020158374597624516
scaffold_1	1940000	1950000	MIX Sibiryakov Island	0.01254	0.012634	8048.0	8049.0	1.0	0.004488500854785	3087.0	0.012542629246752	9.39999999999986e-05	9.137075324799904e-05
scaffold_1	1940000	1950000	North America	0.00895032	0.00950602	7944.0	7970.0	26.0	0.0049142487681196	3301.0	0.008951275992368198	0.000555700000000001	0.0005547440076318026
scaffold_1	1940000	1950000	Northern Ural	0.0144653	0.0160602	7302.0	7362.0	60.0	0.0028254520334327	3220.0	0.014469335720414844	0.0015948999999999998	0.0015908642795851562
scaffold_1	1940000	1950000	Scandinavia	0.020719	0.0224601	7720.0	7772.0	52.0	0.0114472934958628	3299.0	0.020730858919139946	0.001741099999999999	0.0017292410808600542
scaffold_1	1940000	1950000	Siberia SC	0.00179776	0.00179776	8492.0	8492.0	0.0	0.0007451958339445	3233.0	0.0017977677470057117	0.0	7.747005711629742e-09
scaffold_1	1940000	1950000	West Siberia	0.017775	0.0192656	7901.0	7938.0	37.0	0.0096633722225758	3306.0	0.0177824880298125	0.0014906000000000016	0.001483111970187502
scaffold_1	1940000	1950000	admixed	0.0191268	0.0206923	7841.0	7866.0	25.0	0.0078415974984806	3231.0	0.019136129657197867	0.001565500000000001	0.001556170342802133
scaffold_1	1950000	1960000	Central Europe	0.0169991	0.0199437	5847.0	5970.0	123.0	0.0065541921037436	2630.0	0.017005649626321746	0.002944600000000002	0.002938050373678256
scaffold_1	1950000	1960000	East Siberia	0.0204249	0.022856	6966.0	7029.0	63.0	0.0106303696219395	2671.0	0.0204362610521494	0.002431100000000002	0.0024197389478506012
scaffold_1	1950000	1960000	Karelia	0.0109719	0.0110535	7789.0	7790.0	1.0	0.0056645537641181	2653.0	0.010973661100979921	8.160000000000112e-05	7.983889902007935e-05
scaffold_1	1950000	1960000	MIX Amur Basin	0.0245929	0.0261836	6638.0	6660.0	22.0	0.0132778435709083	2309.0	0.024612732066415868	0.0015907000000000004	0.0015708679335841337
scaffold_1	1950000	1960000	MIX Central Siberia	0.0195243	0.0214072	6570.0	6612.0	42.0	0.0050328638736077	2574.0	0.019534223506377353	0.0018828999999999999	0.0018729764936226481
scaffold_1	1950000	1960000	MIX Sibiryakov Island	0.0188863	0.0194677	7461.0	7468.0	7.0	0.0095161532463884	2520.0	0.018895282131077936	0.0005813999999999993	0.0005724178689220649
scaffold_1	1950000	1960000	North America	0.0101683	0.0108866	7315.0	7331.0	16.0	0.004776665281949	2610.0	0.010169701792685039	0.0007182999999999998	0.0007168982073149609
scaffold_1	1950000	1960000	Northern Ural	0.0180669	0.0202934	6455.0	6507.0	52.0	0.0031105704389635	2525.0	0.018074763025043145	0.0022264999999999993	0.0022186369749568544
scaffold_1	1950000	1960000	Scandinavia	0.0166967	0.0177819	7145.0	7169.0	24.0	0.0073975805748477	2609.0	0.01670290627004607	0.0010852000000000014	0.001078993729953931
scaffold_1	1950000	1960000	Siberia SC	0.00124208	0.00124208	7949.0	7949.0	0.0	0.0004987657355168	2563.0	0.0012420825549796363	0.0	2.5549796362801802e-09
scaffold_1	1950000	1960000	West Siberia	0.0202912	0.0217251	7036.0	7066.0	30.0	0.009836376403959	2647.0	0.020302339403385886	0.0014339000000000018	0.0014227605966141144
scaffold_1	1950000	1960000	admixed	0.0226653	0.0242015	7230.0	7255.0	25.0	0.0087654779380892	2575.0	0.022680824697690328	0.0015362000000000015	0.001520675302309673
scaffold_1	1960000	1970000	Central Europe	0.0097728	0.0118851	6718.0	6811.0	93.0	0.003091599698776	3668.0	0.009774044502489563	0.0021122999999999992	0.002111055497510436
scaffold_1	1960000	1970000	East Siberia	0.00398356	0.00411097	8208.0	8218.0	10.0	0.0017756095391764	3706.0	0.003983644285491786	0.00012741000000000054	0.00012732571450821406
scaffold_1	1960000	1970000	Karelia	0.000438643	0.000438643	8529.0	8529.0	0.0	0.0002999488231647	3633.0	0.0004386431125310435	0.0	1.1253104351127696e-10
scaffold_1	1960000	1970000	MIX Amur Basin	0.00388826	0.00388826	7449.0	7449.0	0.0	0.0015129307357002	3277.0	0.003888338379886353	0.0	7.837988635298748e-08
scaffold_1	1960000	1970000	MIX Central Siberia	0.00398069	0.00429554	8173.0	8185.0	12.0	0.0012389995114649	3628.0	0.003980774103449751	0.00031484999999999933	0.0003147658965502488
scaffold_1	1960000	1970000	MIX Sibiryakov Island	0.0102478	0.0104252	8061.0	8063.0	2.0	0.0039826568762718	3535.0	0.010249234929815092	0.00017740000000000117	0.00017596507018490838
scaffold_1	1960000	1970000	North America	0.0035454	0.00385126	8107.0	8126.0	19.0	0.0014098488340814	3658.0	0.0035454594202476756	0.0003058599999999998	0.00030580057975232444
scaffold_1	1960000	1970000	Northern Ural	0.00677838	0.00697377	7767.0	7778.0	11.0	0.0014800605114759	3560.0	0.006778795256531936	0.00019539000000000015	0.0001949747434680637
scaffold_1	1960000	1970000	Scandinavia	0.0109218	0.0112546	7958.0	7974.0	16.0	0.0047083055700986	3661.0	0.010923537086299612	0.0003327999999999994	0.00033106291370038794
scaffold_1	1960000	1970000	Siberia SC	0.000620659	0.000620659	8604.0	8604.0	0.0	0.000328571173865	3616.0	0.0006206593187850224	0.0	3.187850224680572e-10
scaffold_1	1960000	1970000	West Siberia	0.00796195	0.00829569	7983.0	7991.0	8.0	0.0036340410131466	3614.0	0.007962622972122895	0.00033373999999999904	0.00033306702787710453
scaffold_1	1960000	1970000	admixed	0.00623014	0.00634061	8408.0	8411.0	3.0	0.0021417067059601	3612.0	0.006230462427558379	0.00011046999999999967	0.00011014757244162069
scaffold_1	1970000	1980000	Central Europe	0.0103273	0.0112074	7746.0	7816.0	70.0	0.0038619645917221	4361.0	0.010328768585094409	0.0008801	0.0008786314149055903
scaffold_1	1970000	1980000	East Siberia	0.00394212	0.00413699	8434.0	8449.0	15.0	0.0024261034641077	4392.0	0.003942201682356306	0.00019486999999999977	0.0001947883176436939
scaffold_1	1970000	1980000	Karelia	0.000910001	0.000910001	8944.0	8944.0	0.0	0.000295721562778	4354.0	0.0009100020047646457	0.0	1.0047646457249718e-09
scaffold_1	1970000	1980000	MIX Amur Basin	0.00464586	0.00467723	8089.0	8090.0	1.0	0.0028267947992279	3901.0	0.004645993701750102	3.137000000000018e-05	3.123629824989833e-05
scaffold_1	1970000	1980000	MIX Central Siberia	0.00450578	0.00487348	8514.0	8528.0	14.0	0.0020964347122317	4281.0	0.004505901968781608	0.0003677000000000003	0.00036757803121839194
scaffold_1	1970000	1980000	MIX Sibiryakov Island	0.00431236	0.00431236	8686.0	8686.0	0.0	0.0034208855031156	4211.0	0.004312466926109089	0.0	1.0692610908843991e-07
scaffold_1	1970000	1980000	North America	0.00299247	0.00321137	8249.0	8262.0	13.0	0.0022838739756053	4355.0	0.002992505729599842	0.00021889999999999974	0.00021886427040015803
scaffold_1	1970000	1980000	Northern Ural	0.00536727	0.00569156	8189.0	8200.0	11.0	0.0020219971413451	4269.0	0.005367476157465113	0.00032428999999999965	0.00032408384253488666
scaffold_1	1970000	1980000	Scandinavia	0.00423575	0.00439998	8654.0	8659.0	5.0	0.0019611427377657	4355.0	0.0042358513280523705	0.00016423000000000045	0.00016412867194762985
scaffold_1	1970000	1980000	Siberia SC	0.000148423	0.000148423	8917.0	8917.0	0.0	9.423624808240192e-05	4300.0	0.00014842300435955694	0.0	4.359556932034131e-12
scaffold_1	1970000	1980000	West Siberia	0.00443488	0.00461855	8680.0	8689.0	9.0	0.0025554189665214	4367.0	0.0044349963012428615	0.0001836699999999995	0.00018355369875713845
scaffold_1	1970000	1980000	admixed	0.00479899	0.00493932	8751.0	8755.0	4.0	0.0028130461114775	4301.0	0.0047991373629379845	0.00014032999999999927	0.0001401826370620151
scaffold_1	1980000	1990000	Central Europe	0.010253	0.0117644	7423.0	7508.0	85.0	0.003140059019875	4115.0	0.010254437115285703	0.0015113999999999995	0.0015099628847142967
scaffold_1	1980000	1990000	East Siberia	0.00579827	0.00596907	8352.0	8366.0	14.0	0.0024082911978067	4188.0	0.005798529916613962	0.0001707999999999996	0.00017054008338603793
scaffold_1	1980000	1990000	Karelia	0.00152823	0.00152823	8475.0	8475.0	0.0	0.0007336262020328	3940.0	0.001528234758881594	0.0	4.758881593912995e-09
scaffold_1	1980000	1990000	MIX Amur Basin	0.00857685	0.00868011	7646.0	7648.0	2.0	0.0044621531128855	3632.0	0.00857769124438986	0.00010325999999999912	0.00010241875561014038
scaffold_1	1980000	1990000	MIX Central Siberia	0.00679938	0.00716585	8292.0	8303.0	11.0	0.0018450671201493	4108.0	0.006799799128001922	0.0003664699999999998	0.0003660508719980776
scaffold_1	1980000	1990000	MIX Sibiryakov Island	0.00336716	0.00336716	8157.0	8157.0	0.0	0.0014069039905268	3743.0	0.003367210901431643	0.0	5.090143164300856e-08
scaffold_1	1980000	1990000	North America	0.00303996	0.00338163	7970.0	7989.0	19.0	0.001928471888374	4092.0	0.0030399974578066966	0.0003416700000000001	0.0003416325421933034
scaffold_1	1980000	1990000	Northern Ural	0.00608658	0.00653792	7979.0	8009.0	30.0	0.0015359874052266	4026.0	0.006086880648291664	0.00045133999999999973	0.00045103935170833637
scaffold_1	1980000	1990000	Scandinavia	0.00674055	0.00691977	8292.0	8300.0	8.0	0.0030424018664898	4000.0	0.006740958342647542	0.0001792199999999999	0.00017881165735245726
scaffold_1	1980000	1990000	Siberia SC	0.000373556	0.000373556	8812.0	8812.0	0.0	0.0003922754050243	4106.0	0.0003735560695033737	0.0	6.950337370524237e-11
scaffold_1	1980000	1990000	West Siberia	0.00670897	0.00678365	8026.0	8032.0	6.0	0.0027935578994794	3938.0	0.006709372630143848	7.467999999999971e-05	7.427736985615198e-05
scaffold_1	1980000	1990000	admixed	0.00670683	0.00678526	8399.0	8403.0	4.0	0.0026041105495485	4068.0	0.006707232244978749	7.842999999999999e-05	7.802775502125173e-05
scaffold_1	1990000	2000000	Central Europe	0.0113177	0.0144473	7027.0	7174.0	147.0	0.005200075409704	3995.0	0.011319632917286769	0.0031295999999999997	0.003127667082713231
scaffold_1	1990000	2000000	East Siberia	0.0138139	0.01588	7794.0	7855.0	61.0	0.0078753666492219	4008.0	0.013817414695132773	0.002066099999999998	0.0020625853048672257
scaffold_1	1990000	2000000	Karelia	0.00383224	0.00392192	7445.0	7450.0	5.0	0.0021628062858419	3436.0	0.0038323150406928954	8.967999999999953e-05	8.960495930710431e-05
scaffold_1	1990000	2000000	MIX Amur Basin	0.0110602	0.0116308	7336.0	7344.0	8.0	0.0062031351102659	3397.0	0.011062003963215316	0.000570600000000001	0.0005687960367846846
scaffold_1	1990000	2000000	MIX Central Siberia	0.0147151	0.0161258	7820.0	7858.0	38.0	0.0061887911018856	3955.0	0.014719348429247579	0.001410699999999999	0.0014064515707524206
scaffold_1	1990000	2000000	MIX Sibiryakov Island	0.00597395	0.00597395	7138.0	7138.0	0.0	0.0034155123699262	3228.0	0.005974234265062889	0.0	2.8426506288974085e-07
scaffold_1	1990000	2000000	North America	0.00267784	0.00287736	7282.0	7304.0	22.0	0.0015694981819465	3559.0	0.002677865603103399	0.0001995199999999999	0.0001994943968966008
scaffold_1	1990000	2000000	Northern Ural	0.0144929	0.0164149	7504.0	7561.0	57.0	0.0062154747660126	3868.0	0.014496958865156636	0.001922	0.0019179411348433633
scaffold_1	1990000	2000000	Scandinavia	0.0157315	0.0168861	7242.0	7279.0	37.0	0.0078164356134046	3546.0	0.015736690977428306	0.0011546000000000022	0.001149409022571695
scaffold_1	1990000	2000000	Siberia SC	0.000215295	0.000215295	8581.0	8581.0	0.0	0.0002384493708241	3959.0	0.00021529501330578706	0.0	1.3305787054844823e-11
scaffold_1	1990000	2000000	West Siberia	0.0135651	0.0147084	8054.0	8088.0	34.0	0.0079203932003798	3993.0	0.0135684281871204	0.0011432999999999999	0.0011399718128796005
scaffold_1	1990000	2000000	admixed	0.0166235	0.0178336	8171.0	8195.0	24.0	0.0081295398326959	3956.0	0.016629625000660037	0.0012101000000000021	0.001203974999339965
